{"type":"FeatureCollection","features":[{"type":"Feature","id":1,"geometry":{"type":"Polygon","coordinates":[[[32.251076,26.10935],[32.251552,26.108616],[32.252041,26.108856],[32.25204,26.1089],[32.252033,26.108966],[32.252007,26.109088],[32.252027,26.1092],[32.252063,26.109308],[32.251965,26.109517],[32.251783,26.109787],[32.251076,26.10935]]]},"properties":{"Name":"سد","Shape_Length":0.0032702553193822985,"Shape_Area":6.865479170528286e-07}},{"type":"Feature","id":2,"geometry":{"type":"Polygon","coordinates":[[[33.414355,24.295812],[33.41414,24.295938],[33.413485,24.295578],[33.412948,24.295246],[33.412554,24.295797],[33.412526,24.29624],[33.412513,24.296278],[33.412379,24.296399],[33.41211,24.296255],[33.411879,24.29615],[33.411765,24.296107],[33.411707,24.296064],[33.411634,24.296002],[33.411577,24.295941],[33.411699,24.295803],[33.411872,24.295702],[33.412087,24.295579],[33.412114,24.295565],[33.412504,24.295018],[33.412266,24.294886],[33.412082,24.294763],[33.411898,24.29465],[33.41149,24.294411],[33.411089,24.294213],[33.410803,24.29406],[33.410009,24.293587],[33.409622,24.293376],[33.409364,24.293213],[33.408632,24.292797],[33.408106,24.292492],[33.407985,24.292419],[33.407907,24.292354],[33.407884,24.292281],[33.407911,24.292214],[33.407943,24.292178],[33.407985,24.292222],[33.408023,24.292256],[33.408085,24.292276],[33.408165,24.292259],[33.408707,24.292567],[33.410559,24.293634],[33.411158,24.293949],[33.414355,24.295812]]]},"properties":{"Name":"سد إعاقة م3","Shape_Length":0.018147499537475856,"Shape_Area":2.5440284139695636e-06}},{"type":"Feature","id":3,"geometry":{"type":"Polygon","coordinates":[[[32.914547,24.263131],[32.914341,24.263111],[32.914174,24.263095],[32.914081,24.263095],[32.914055,24.263102],[32.913962,24.263138],[32.913911,24.263154],[32.913883,24.263157],[32.913814,24.263146],[32.913776,24.263132],[32.913735,24.263095],[32.913651,24.263012],[32.91367,24.262982],[32.913673,24.2629],[32.913639,24.262544],[32.913634,24.262373],[32.913703,24.26226],[32.913742,24.262217],[32.913942,24.262248],[32.913988,24.262411],[32.914005,24.262733],[32.913997,24.262883],[32.913968,24.262994],[32.914012,24.262963],[32.914067,24.262949],[32.914132,24.262945],[32.914239,24.262967],[32.914462,24.263005],[32.914541,24.263015],[32.914547,24.263131]]]},"properties":{"Name":"سد حماية بوادي الاعقاب","Shape_Length":0.0034615391511182135,"Shape_Area":3.684287574162252e-07}},{"type":"Feature","id":4,"geometry":{"type":"Polygon","coordinates":[[[33.400108,24.993658],[33.400017,24.99383],[33.400034,24.993855],[33.400343,24.993907],[33.401166,24.994087],[33.402476,24.994345],[33.403095,24.994486],[33.4031,24.994505],[33.403104,24.994529],[33.403116,24.994575],[33.403135,24.994651],[33.403108,24.994678],[33.402931,24.994791],[33.402912,24.994857],[33.402881,24.994825],[33.402841,24.994782],[33.40049,24.994331],[33.399934,24.994234],[33.399934,24.994282],[33.399903,24.994397],[33.399856,24.994263],[33.399838,24.994028],[33.399895,24.993877],[33.400092,24.993642],[33.400108,24.993658]]]},"properties":{"Name":"سد 1","Shape_Length":0.007933288016000382,"Shape_Area":1.2281863715766528e-06}},{"type":"Feature","id":5,"geometry":{"type":"Polygon","coordinates":[[[33.528278,25.026659],[33.528415,25.026666],[33.528759,25.026547],[33.529175,25.026427],[33.529639,25.026286],[33.529885,25.026228],[33.529978,25.026225],[33.529956,25.026147],[33.529929,25.026025],[33.529896,25.025909],[33.529879,25.025857],[33.529915,25.02586],[33.530016,25.026028],[33.530189,25.02629],[33.530337,25.026547],[33.530441,25.026747],[33.530427,25.026791],[33.530348,25.026807],[33.530324,25.026708],[33.530287,25.026678],[33.529542,25.026888],[33.528718,25.027162],[33.528655,25.027094],[33.528447,25.027015],[33.528368,25.026863],[33.528278,25.026659]]]},"properties":{"Name":"سد رقم 2","Shape_Length":0.005841146460751171,"Shape_Area":1.0838444984865556e-06}},{"type":"Feature","id":6,"geometry":{"type":"Polygon","coordinates":[[[33.648433,25.056543],[33.648391,25.05658],[33.64835,25.056636],[33.648266,25.056699],[33.648129,25.056795],[33.647915,25.056947],[33.647782,25.057042],[33.647744,25.057009],[33.647709,25.056983],[33.647674,25.056977],[33.647645,25.056954],[33.647641,25.056878],[33.647701,25.056832],[33.647883,25.056659],[33.648227,25.056396],[33.648433,25.056543]]]},"properties":{"Name":"سد رقم 1","Shape_Length":0.002078971480333,"Shape_Area":2.0031247804029432e-07}},{"type":"Feature","id":7,"geometry":{"type":"Polygon","coordinates":[[[33.34519,25.014812],[33.345198,25.014867],[33.34524,25.01488],[33.345238,25.014939],[33.345244,25.01496],[33.345264,25.015131],[33.345251,25.015154],[33.345233,25.015176],[33.3452,25.015222],[33.345166,25.015258],[33.345142,25.015237],[33.344904,25.015188],[33.344645,25.015133],[33.344322,25.015075],[33.344312,25.015098],[33.344276,25.015109],[33.34427,25.015006],[33.344297,25.014946],[33.344346,25.01487],[33.344456,25.014663],[33.344457,25.014659],[33.34519,25.014812]]]},"properties":{"Name":"سد 2","Shape_Length":0.002692667478366708,"Shape_Area":3.8691268878381737e-07}},{"type":"Feature","id":8,"geometry":{"type":"Polygon","coordinates":[[[33.178918,25.1669],[33.178917,25.166955],[33.178918,25.166996],[33.178834,25.167077],[33.178668,25.167203],[33.178548,25.167244],[33.178382,25.167215],[33.177117,25.166169],[33.176637,25.165756],[33.175965,25.165228],[33.174015,25.163454],[33.173337,25.162787],[33.173301,25.162746],[33.173353,25.162703],[33.173355,25.16261],[33.173397,25.162576],[33.173445,25.162569],[33.173626,25.16243],[33.178918,25.1669]]]},"properties":{"Name":"سد إعاقة م2_x000D_ سد إعاقة م2_x000D_ _x000D_ سد *","Shape_Length":0.014905963411843822,"Shape_Area":4.020477155430901e-06}},{"type":"Feature","id":9,"geometry":{"type":"Polygon","coordinates":[[[31.81445,26.096552],[31.814484,26.096632],[31.814559,26.096665],[31.814666,26.096651],[31.814853,26.096639],[31.81506,26.096649],[31.815403,26.096639],[31.815548,26.096623],[31.815682,26.0966],[31.815931,26.096605],[31.816116,26.096598],[31.816091,26.096651],[31.816071,26.096677],[31.81564,26.096741],[31.815524,26.097309],[31.815364,26.097369],[31.815319,26.097366],[31.815131,26.097356],[31.81504,26.097352],[31.814995,26.097292],[31.81506,26.096758],[31.814912,26.096728],[31.814771,26.096709],[31.81469,26.096697],[31.814625,26.096706],[31.814545,26.096697],[31.814486,26.096687],[31.814427,26.09668],[31.814409,26.096632],[31.814409,26.096564],[31.81445,26.096552]]]},"properties":{"Name":"سد رقم 2","Shape_Length":0.004749326526843696,"Shape_Area":4.926018591256954e-07}},{"type":"Feature","id":10,"geometry":{"type":"Polygon","coordinates":[[[31.817366,26.070279],[31.817404,26.070449],[31.817448,26.070678],[31.817474,26.070702],[31.817856,26.070472],[31.81848,26.070137],[31.818628,26.070226],[31.818717,26.070286],[31.818881,26.070385],[31.818977,26.070538],[31.818516,26.070867],[31.818211,26.071041],[31.817948,26.071228],[31.818248,26.071407],[31.818234,26.071434],[31.817749,26.071211],[31.817494,26.070951],[31.817314,26.070732],[31.817328,26.07033],[31.817334,26.070289],[31.817336,26.070279],[31.817366,26.070279]]]},"properties":{"Name":"سد رقم 1","Shape_Length":0.00553519396951895,"Shape_Area":9.686028359571285e-07}},{"type":"Feature","id":11,"geometry":{"type":"Polygon","coordinates":[[[33.638981,24.345914],[33.639364,24.345735],[33.639501,24.345743],[33.639545,24.345775],[33.639482,24.345797],[33.639494,24.345862],[33.639655,24.346197],[33.640447,24.347384],[33.64078,24.347969],[33.641131,24.348471],[33.641376,24.348766],[33.641678,24.349104],[33.641749,24.34909],[33.641807,24.349196],[33.641504,24.349397],[33.641377,24.349367],[33.641227,24.349473],[33.641147,24.349497],[33.640815,24.349003],[33.639585,24.347013],[33.63902,24.346069],[33.638981,24.345914]]]},"properties":{"Name":"سد إعاقة م3","Shape_Length":0.009817402575582028,"Shape_Area":2.280135662810892e-06}},{"type":"Feature","id":12,"geometry":{"type":"Polygon","coordinates":[[[33.704903,24.3265],[33.705381,24.326276],[33.705454,24.326311],[33.705413,24.326357],[33.705404,24.326386],[33.705434,24.326601],[33.705587,24.327223],[33.705662,24.327598],[33.705947,24.328938],[33.706336,24.330796],[33.70695,24.333805],[33.707068,24.33448],[33.707133,24.334642],[33.706784,24.334717],[33.706708,24.334628],[33.706744,24.334598],[33.70662,24.334059],[33.706082,24.331626],[33.705562,24.329075],[33.705238,24.327321],[33.705089,24.326521],[33.704935,24.326535],[33.704903,24.3265]]]},"properties":{"Name":"سد إعاقة 2","Shape_Length":0.018109745355762177,"Shape_Area":3.3140336502428183e-06}},{"type":"Feature","id":13,"geometry":{"type":"Polygon","coordinates":[[[33.742737,25.213289],[33.742897,25.213055],[33.743328,25.212794],[33.745314,25.211388],[33.744876,25.210906],[33.74496,25.210882],[33.745384,25.21117],[33.745675,25.211426],[33.745895,25.21162],[33.746012,25.211772],[33.746449,25.212462],[33.74651,25.212664],[33.746448,25.212834],[33.746311,25.212818],[33.746278,25.212642],[33.746144,25.212337],[33.745997,25.212151],[33.745894,25.212109],[33.745282,25.212544],[33.743781,25.213492],[33.743332,25.213777],[33.743146,25.213724],[33.742946,25.213663],[33.742737,25.213289]]]},"properties":{"Name":"سد إعاقة م 1","Shape_Length":0.011440647448058752,"Shape_Area":3.35790752511747e-06}},{"type":"Feature","id":14,"geometry":{"type":"Polygon","coordinates":[[[31.387702,27.12614],[31.388135,27.126151],[31.388695,27.126297],[31.388918,27.126496],[31.38914,27.126814],[31.389102,27.126863],[31.388792,27.126637],[31.388093,27.12753],[31.38791,27.127482],[31.387736,27.127396],[31.387649,27.127312],[31.387524,27.127151],[31.387461,27.127017],[31.387975,27.126329],[31.387699,27.126192],[31.387702,27.12614]]]},"properties":{"Name":"سد م1 بوادى ايمو","Shape_Length":0.005354671387375092,"Shape_Area":1.1916592943211916e-06}},{"type":"Feature","id":15,"geometry":{"type":"Polygon","coordinates":[[[31.38118,27.125995],[31.381431,27.125849],[31.381575,27.125796],[31.381858,27.125744],[31.38187,27.125761],[31.381657,27.125884],[31.382289,27.126931],[31.38221,27.127056],[31.382168,27.12707],[31.381984,27.12707],[31.381943,27.127105],[31.381405,27.126339],[31.381283,27.126023],[31.381193,27.126051],[31.38118,27.125995]]]},"properties":{"Name":"سد م1 بوادى ايمو","Shape_Length":0.0040802397543538175,"Shape_Area":5.960681933631672e-07}},{"type":"Feature","id":16,"geometry":{"type":"Polygon","coordinates":[[[31.376954,27.12767],[31.377058,27.127581],[31.377151,27.127493],[31.378359,27.129564],[31.378254,27.129661],[31.37822,27.129759],[31.378092,27.129713],[31.378044,27.129799],[31.376838,27.127708],[31.376954,27.12767]]]},"properties":{"Name":"سد م2 بوادى ايمو","Shape_Length":0.005680517985327294,"Shape_Area":9.217933451872794e-07}},{"type":"Feature","id":17,"geometry":{"type":"Polygon","coordinates":[[[31.362977,27.123756],[31.363256,27.12361],[31.363471,27.123663],[31.363528,27.12375],[31.36357,27.124022],[31.363138,27.12549],[31.36246,27.127514],[31.362761,27.1275],[31.363162,27.127454],[31.36321,27.127542],[31.363076,27.127607],[31.362946,27.12765],[31.362683,27.127673],[31.362357,27.127673],[31.362119,27.127659],[31.361855,27.127602],[31.361651,27.127486],[31.361618,27.127399],[31.361669,27.127359],[31.361934,27.127481],[31.361967,27.127337],[31.362149,27.126717],[31.362977,27.123756]]]},"properties":{"Name":"سد م2 بوادى ايمو","Shape_Length":0.011322286712665898,"Shape_Area":2.605888826383119e-06}},{"type":"Feature","id":18,"geometry":{"type":"Polygon","coordinates":[[[30.783965,28.130933],[30.783912,28.130985],[30.783874,28.131005],[30.783821,28.131002],[30.783699,28.130962],[30.783688,28.130856],[30.783657,28.130546],[30.783637,28.130352],[30.783688,28.130335],[30.783785,28.130327],[30.783886,28.130335],[30.783965,28.130933]]]},"properties":{"Name":"سد م1","Shape_Length":0.0017681174138062259,"Shape_Area":1.6934950108722733e-07}},{"type":"Feature","id":19,"geometry":{"type":"Polygon","coordinates":[[[30.783824,28.124872],[30.783865,28.12485],[30.783919,28.12483],[30.78395,28.124849],[30.78401,28.124908],[30.784172,28.125031],[30.784333,28.125145],[30.784506,28.125306],[30.784598,28.125354],[30.784605,28.125406],[30.784575,28.125459],[30.784532,28.125519],[30.784437,28.125608],[30.784395,28.125582],[30.784347,28.125558],[30.784274,28.125505],[30.784183,28.125454],[30.784095,28.125417],[30.784034,28.125417],[30.783978,28.125438],[30.783907,28.125406],[30.783803,28.125333],[30.783619,28.125183],[30.783824,28.124872]]]},"properties":{"Name":"سد م2","Shape_Length":0.002611504972020809,"Shape_Area":3.6562701399874766e-07}},{"type":"Feature","id":20,"geometry":{"type":"Polygon","coordinates":[[[30.966034,27.395539],[30.966025,27.395466],[30.966048,27.395433],[30.96607,27.395364],[30.966074,27.395314],[30.966097,27.395235],[30.966118,27.395202],[30.96612,27.3952],[30.96614,27.39513],[30.966173,27.395042],[30.966233,27.395004],[30.966298,27.394964],[30.966384,27.39493],[30.966488,27.394904],[30.966547,27.394901],[30.96667,27.394904],[30.966823,27.394918],[30.966895,27.394923],[30.966909,27.394961],[30.96691,27.394986],[30.966899,27.395015],[30.966859,27.39519],[30.966821,27.395223],[30.966773,27.395273],[30.966743,27.395307],[30.966661,27.395414],[30.966617,27.395473],[30.966576,27.395558],[30.966564,27.395599],[30.966518,27.395605],[30.966489,27.395624],[30.966477,27.395635],[30.966473,27.395674],[30.966443,27.395697],[30.966222,27.395731],[30.966199,27.395747],[30.966034,27.395539]]]},"properties":{"Name":"سد م1","Shape_Length":0.0027613144792270144,"Shape_Area":4.842184851517805e-07}},{"type":"Feature","id":21,"geometry":{"type":"Polygon","coordinates":[[[30.967592,27.393233],[30.967561,27.393025],[30.967571,27.392948],[30.967628,27.392788],[30.967648,27.392721],[30.96779,27.392448],[30.968253,27.392575],[30.968237,27.392706],[30.968229,27.392865],[30.968204,27.392945],[30.968169,27.39304],[30.968225,27.393136],[30.968231,27.393173],[30.968133,27.393173],[30.968067,27.393272],[30.968019,27.393308],[30.967994,27.393362],[30.967966,27.393362],[30.967963,27.393338],[30.967592,27.393233]]]},"properties":{"Name":"سد م2","Shape_Length":0.002713396515778022,"Shape_Area":4.57071109099837e-07}},{"type":"Feature","id":22,"geometry":{"type":"Polygon","coordinates":[[[30.967398,27.387993],[30.967465,27.388038],[30.967527,27.388078],[30.967591,27.388099],[30.967628,27.38814],[30.967706,27.388205],[30.96771,27.38823],[30.967714,27.38827],[30.967723,27.388327],[30.967741,27.3884],[30.967779,27.388483],[30.96783,27.388603],[30.967816,27.388649],[30.967332,27.388989],[30.967185,27.388928],[30.967141,27.388869],[30.967066,27.388756],[30.967037,27.388649],[30.966991,27.388578],[30.966946,27.388364],[30.966911,27.38823],[30.9672,27.388025],[30.967292,27.38805],[30.967355,27.387991],[30.967398,27.387993]]]},"properties":{"Name":"سد م3","Shape_Length":0.0029380657878649843,"Shape_Area":6.014914236030912e-07}},{"type":"Feature","id":23,"geometry":{"type":"Polygon","coordinates":[[[31.759009,26.656354],[31.759292,26.655399],[31.75927,26.655198],[31.759411,26.654747],[31.759888,26.653262],[31.759941,26.653274],[31.759998,26.653274],[31.760032,26.65327],[31.76005,26.65327],[31.76008,26.65328],[31.7601,26.65329],[31.760119,26.653309],[31.760185,26.653388],[31.759841,26.654518],[31.759768,26.654776],[31.759664,26.655106],[31.759572,26.655337],[31.759495,26.65543],[31.759166,26.656418],[31.759083,26.656431],[31.759045,26.65642],[31.759009,26.656354]]]},"properties":{"Name":"سد","Shape_Length":0.006982091357697692,"Shape_Area":9.283548987614538e-07}},{"type":"Feature","id":24,"geometry":{"type":"Polygon","coordinates":[[[31.757774,26.651222],[31.757782,26.651292],[31.757243,26.652091],[31.757123,26.652389],[31.756411,26.653469],[31.755587,26.654648],[31.755443,26.654671],[31.755392,26.654596],[31.755406,26.654436],[31.755625,26.654094],[31.755673,26.654066],[31.755702,26.654035],[31.755733,26.653975],[31.755786,26.653881],[31.756128,26.653324],[31.756879,26.652238],[31.756984,26.652153],[31.757868,26.650825],[31.75812,26.650442],[31.758205,26.650463],[31.758219,26.65049],[31.758229,26.650515],[31.757774,26.651222]]]},"properties":{"Name":"سد","Shape_Length":0.010311845174163932,"Shape_Area":1.1822695664315347e-06}},{"type":"Feature","id":25,"geometry":{"type":"Polygon","coordinates":[[[32.194693,26.593187],[32.194807,26.593051],[32.195103,26.592871],[32.195391,26.593057],[32.195933,26.593441],[32.196488,26.593806],[32.196526,26.593841],[32.196491,26.593902],[32.19644,26.593956],[32.196446,26.594063],[32.196379,26.594125],[32.196275,26.594179],[32.196206,26.594234],[32.194871,26.593344],[32.194693,26.593187]]]},"properties":{"Name":"K1 سد","Shape_Length":0.00463777647852972,"Shape_Area":9.452589333488864e-07}},{"type":"Feature","id":26,"geometry":{"type":"Polygon","coordinates":[[[32.20267,26.56356],[32.202566,26.563702],[32.20274,26.563714],[32.20292,26.563736],[32.203394,26.563811],[32.20409,26.563902],[32.204649,26.563973],[32.204839,26.56397],[32.204946,26.563999],[32.205087,26.563988],[32.205532,26.564049],[32.205529,26.564063],[32.205524,26.564099],[32.205513,26.564121],[32.205485,26.564147],[32.205446,26.564174],[32.205448,26.56419],[32.205496,26.564222],[32.205528,26.564263],[32.20555,26.564288],[32.205554,26.564311],[32.205553,26.564333],[32.205532,26.564369],[32.205403,26.564428],[32.204449,26.564276],[32.202458,26.563987],[32.202407,26.564148],[32.202413,26.563924],[32.202434,26.563816],[32.202458,26.563764],[32.202684,26.56352],[32.20267,26.56356]]]},"properties":{"Name":"K2 سد","Shape_Length":0.007629494589025015,"Shape_Area":1.0323646988444795e-06}},{"type":"Feature","id":27,"geometry":{"type":"Polygon","coordinates":[[[32.207913,26.559924],[32.208505,26.558654],[32.209136,26.5575],[32.209083,26.557486],[32.209024,26.557516],[32.208952,26.557565],[32.208892,26.557602],[32.208867,26.557619],[32.208841,26.557628],[32.208844,26.557614],[32.208913,26.557554],[32.208975,26.557494],[32.209012,26.557446],[32.20904,26.557428],[32.209095,26.557414],[32.20915,26.557414],[32.209188,26.557414],[32.209239,26.557421],[32.209281,26.557429],[32.209299,26.557441],[32.209318,26.557451],[32.209338,26.557456],[32.209372,26.557472],[32.209393,26.557496],[32.209389,26.557542],[32.209361,26.557576],[32.209366,26.557592],[32.209377,26.557599],[32.209398,26.557599],[32.209437,26.557597],[32.209477,26.557611],[32.2095,26.557636],[32.209512,26.557679],[32.209495,26.557747],[32.20947,26.557808],[32.209388,26.558004],[32.209422,26.557732],[32.209431,26.557653],[32.209362,26.557819],[32.209089,26.558387],[32.20845,26.559693],[32.208235,26.560064],[32.20812,26.560067],[32.208006,26.560004],[32.207913,26.559924]]]},"properties":{"Name":"K3 سد","Shape_Length":0.00777864847305091,"Shape_Area":1.1154495745602562e-06}},{"type":"Feature","id":28,"geometry":{"type":"Polygon","coordinates":[[[32.891261,24.175318],[32.891355,24.175162],[32.891425,24.175159],[32.891526,24.175197],[32.891567,24.175224],[32.891606,24.175326],[32.891524,24.175438],[32.891364,24.17544],[32.891312,24.175419],[32.891261,24.175318]]]},"properties":{"Name":"سد","Shape_Length":0.000986376915235152,"Shape_Area":7.149937210658135e-08}},{"type":"Feature","id":29,"geometry":{"type":"Polygon","coordinates":[[[32.888213,24.181353],[32.888296,24.181393],[32.888337,24.181561],[32.888142,24.181799],[32.888005,24.181792],[32.887974,24.181792],[32.88788,24.18167],[32.888059,24.18137],[32.888213,24.181353]]]},"properties":{"Name":"سد","Shape_Length":0.0013987900676009418,"Shape_Area":1.3545409246865987e-07}},{"type":"Feature","id":30,"geometry":{"type":"Polygon","coordinates":[[[32.895449,24.163787],[32.895586,24.163651],[32.895626,24.163626],[32.895713,24.163615],[32.89576,24.163613],[32.895778,24.163617],[32.895976,24.163706],[32.896305,24.163741],[32.896292,24.163796],[32.895959,24.163805],[32.895951,24.163865],[32.895978,24.16407],[32.896026,24.164214],[32.895846,24.16438],[32.895784,24.164393],[32.895737,24.164403],[32.895557,24.164277],[32.895487,24.16385],[32.895457,24.163857],[32.895449,24.163787]]]},"properties":{"Name":"سد","Shape_Length":0.0028613137037458184,"Shape_Area":3.484520946530597e-07}},{"type":"Feature","id":31,"geometry":{"type":"Polygon","coordinates":[[[32.887851,24.170344],[32.887998,24.170367],[32.888047,24.170159],[32.888132,24.170151],[32.88819,24.17015],[32.888268,24.170154],[32.88834,24.170168],[32.888344,24.170238],[32.88834,24.170304],[32.888284,24.170436],[32.888461,24.17047],[32.888474,24.17048],[32.888441,24.170497],[32.888392,24.170487],[32.888267,24.170479],[32.888194,24.170472],[32.888164,24.170459],[32.888058,24.170425],[32.887853,24.170367],[32.887851,24.170344]]]},"properties":{"Name":"سد","Shape_Length":0.0017981239749760333,"Shape_Area":1.0203214748544291e-07}},{"type":"Feature","id":32,"geometry":{"type":"Polygon","coordinates":[[[31.409686,29.83463],[31.410328,29.83447],[31.410255,29.834316],[31.410275,29.834303],[31.410371,29.834452],[31.41038,29.834498],[31.410371,29.834532],[31.410346,29.834634],[31.410338,29.83462],[31.410347,29.834512],[31.409693,29.834681],[31.409686,29.83463]]]},"properties":{"Name":"بحيرة صناعية مدينة 15 مايو","Shape_Length":0.002071796625265944,"Shape_Area":4.301192320237279e-08}},{"type":"Feature","id":33,"geometry":{"type":"Polygon","coordinates":[[[31.396848,29.829676],[31.397143,29.829221],[31.397008,29.829063],[31.39701,29.829042],[31.397165,29.829106],[31.397646,29.829378],[31.397675,29.829398],[31.397772,29.829433],[31.397794,29.829433],[31.398263,29.829665],[31.398234,29.82971],[31.397907,29.829603],[31.39769,29.829995],[31.397597,29.830094],[31.397472,29.830111],[31.397359,29.830143],[31.397271,29.830118],[31.397213,29.829963],[31.396848,29.829676]]]},"properties":{"Name":"سد م2","Shape_Length":0.0041210592307998496,"Shape_Area":6.693887181958728e-07}},{"type":"Feature","id":34,"geometry":{"type":"Polygon","coordinates":[[[31.431132,29.843905],[31.431373,29.84385],[31.4314,29.843974],[31.431277,29.844408],[31.431173,29.844501],[31.431138,29.844618],[31.430625,29.844255],[31.430508,29.844155],[31.429719,29.843007],[31.429307,29.84236],[31.429484,29.842325],[31.429787,29.842329],[31.430033,29.84238],[31.430274,29.842467],[31.431132,29.843905]]]},"properties":{"Name":"سد م1","Shape_Length":0.006694193397639757,"Shape_Area":1.7802754217486708e-06}},{"type":"Feature","id":35,"geometry":{"type":"Polygon","coordinates":[[[31.441151,29.930724],[31.44135,29.930611],[31.441871,29.930347],[31.4418,29.929956],[31.441756,29.929507],[31.441798,29.929422],[31.441763,29.929237],[31.441935,29.929142],[31.442041,29.929096],[31.442184,29.929065],[31.442293,29.92903],[31.442453,29.928972],[31.44253,29.929074],[31.442593,29.929058],[31.442808,29.930091],[31.443491,29.930139],[31.442919,29.9302],[31.442471,29.930272],[31.442381,29.930324],[31.44221,29.930416],[31.442096,29.930441],[31.441876,29.930515],[31.441679,29.930598],[31.441419,29.930712],[31.44126,29.93078],[31.441151,29.930809],[31.441151,29.930724]]]},"properties":{"Name":"بحيرة صناعية ب2","Shape_Length":0.0071647419474319615,"Shape_Area":1.3231231484508909e-06}},{"type":"Feature","id":36,"geometry":{"type":"Polygon","coordinates":[[[31.356003,29.952844],[31.355553,29.953177],[31.355066,29.953511],[31.354961,29.953521],[31.353723,29.953479],[31.354335,29.953399],[31.3541,29.952676],[31.354075,29.952569],[31.354087,29.952512],[31.354067,29.952457],[31.354072,29.952372],[31.35415,29.952376],[31.3542,29.952338],[31.354252,29.952315],[31.354318,29.9523],[31.354394,29.952273],[31.354484,29.95217],[31.354625,29.952132],[31.354671,29.952119],[31.354742,29.952165],[31.354796,29.952195],[31.354888,29.952133],[31.355123,29.952792],[31.355258,29.95326],[31.355528,29.953105],[31.355502,29.953057],[31.355718,29.952947],[31.356003,29.952844]]]},"properties":{"Name":"مخر سيل صناعي","Shape_Length":0.007212323135680271,"Shape_Area":1.3080086026143963e-06}},{"type":"Feature","id":37,"geometry":{"type":"Polygon","coordinates":[[[31.418396,29.177557],[31.41867,29.177747],[31.418814,29.17782],[31.418792,29.177846],[31.418768,29.17785],[31.418677,29.177979],[31.418654,29.177975],[31.418468,29.178223],[31.418122,29.178573],[31.417661,29.178991],[31.417237,29.179396],[31.417185,29.179419],[31.417042,29.179357],[31.416916,29.179172],[31.417355,29.178691],[31.418396,29.177557]]]},"properties":{"Name":"سد م3 بوادي دجلة","Shape_Length":0.005373146936886349,"Shape_Area":1.0269773160580228e-06}},{"type":"Feature","id":38,"geometry":{"type":"Polygon","coordinates":[[[31.705317,26.913142],[31.705565,26.912942],[31.705664,26.912829],[31.705839,26.912649],[31.706035,26.912488],[31.706107,26.912443],[31.706256,26.912416],[31.706411,26.912432],[31.706705,26.912519],[31.706984,26.912622],[31.707218,26.912659],[31.707221,26.912702],[31.706973,26.912665],[31.706734,26.912653],[31.706698,26.912674],[31.70682,26.913138],[31.707106,26.914129],[31.707295,26.91402],[31.707251,26.914124],[31.707193,26.914217],[31.707144,26.914268],[31.707067,26.914279],[31.706958,26.914284],[31.706867,26.914279],[31.706766,26.914326],[31.706707,26.914326],[31.706651,26.914282],[31.706552,26.91423],[31.706453,26.914206],[31.706394,26.914187],[31.706308,26.914182],[31.706246,26.91419],[31.706093,26.914161],[31.706009,26.914091],[31.705845,26.913638],[31.705754,26.913286],[31.705706,26.912956],[31.705317,26.913142]]]},"properties":{"Name":"سد م1","Shape_Length":0.0076237879236408625,"Shape_Area":1.945374898321702e-06}},{"type":"Feature","id":39,"geometry":{"type":"Polygon","coordinates":[[[31.683442,26.915342],[31.683352,26.91534],[31.683065,26.915469],[31.683002,26.915472],[31.682773,26.915082],[31.682663,26.915032],[31.683122,26.913951],[31.683525,26.913254],[31.683444,26.91316],[31.683489,26.913082],[31.683698,26.913143],[31.683898,26.913217],[31.684084,26.913293],[31.684188,26.913344],[31.684288,26.913467],[31.684387,26.913621],[31.684399,26.913809],[31.684366,26.91393],[31.684309,26.913912],[31.684303,26.913813],[31.684251,26.913631],[31.684001,26.913389],[31.683963,26.914165],[31.683442,26.915342]]]},"properties":{"Name":"سد م2","Shape_Length":0.007397296025557681,"Shape_Area":1.8393242289615638e-06}},{"type":"Feature","id":40,"geometry":{"type":"Polygon","coordinates":[[[31.668172,26.904547],[31.668299,26.904545],[31.668391,26.904597],[31.66828,26.904604],[31.66835,26.90616],[31.66849,26.909279],[31.668607,26.910938],[31.668597,26.911272],[31.668686,26.911272],[31.668696,26.911407],[31.668412,26.911441],[31.668023,26.911293],[31.667988,26.910189],[31.668059,26.910086],[31.668039,26.90902],[31.668173,26.908835],[31.668223,26.906947],[31.668172,26.904547]]]},"properties":{"Name":"سد","Shape_Length":0.014761856560670663,"Shape_Area":2.081816761650893e-06}},{"type":"Feature","id":41,"geometry":{"type":"Polygon","coordinates":[[[31.565216,26.93506],[31.565324,26.934809],[31.567309,26.935365],[31.567276,26.935496],[31.56734,26.93554],[31.567283,26.93567],[31.567215,26.935663],[31.567085,26.935663],[31.565216,26.93506]]]},"properties":{"Name":"سد","Shape_Length":0.004852341146041852,"Shape_Area":6.577778415627677e-07}},{"type":"Feature","id":42,"geometry":{"type":"Polygon","coordinates":[[[31.113832,27.577675],[31.113903,27.57768],[31.113906,27.577707],[31.114758,27.577631],[31.114841,27.577646],[31.116029,27.577518],[31.116098,27.577499],[31.11613,27.577448],[31.116179,27.577448],[31.11621,27.577518],[31.116296,27.577559],[31.116379,27.577596],[31.11643,27.577615],[31.116478,27.57765],[31.116498,27.577681],[31.116461,27.577775],[31.116315,27.57791],[31.116278,27.577911],[31.116252,27.577879],[31.116106,27.577887],[31.115975,27.577881],[31.115821,27.577947],[31.115614,27.577976],[31.11399,27.578173],[31.113836,27.578234],[31.113739,27.578045],[31.113679,27.578004],[31.113693,27.577923],[31.113832,27.577675]]]},"properties":{"Name":"سد م1","Shape_Length":0.006312876772582544,"Shape_Area":1.14853273796354e-06}},{"type":"Feature","id":43,"geometry":{"type":"Polygon","coordinates":[[[31.099948,27.561733],[31.099987,27.561869],[31.100004,27.561879],[31.100866,27.561803],[31.101055,27.561754],[31.101337,27.561743],[31.101486,27.561722],[31.101648,27.561716],[31.101745,27.56172],[31.101835,27.56172],[31.101863,27.561793],[31.101894,27.561865],[31.101912,27.561914],[31.101929,27.561993],[31.101931,27.562069],[31.101933,27.562122],[31.101878,27.562127],[31.101873,27.562098],[31.101744,27.562088],[31.101382,27.562117],[31.100927,27.562141],[31.100055,27.562182],[31.1001,27.562459],[31.100059,27.562465],[31.099905,27.561722],[31.099948,27.561733]]]},"properties":{"Name":"سد م2","Shape_Length":0.005450900653851862,"Shape_Area":6.989578292995728e-07}},{"type":"Feature","id":44,"geometry":{"type":"Polygon","coordinates":[[[30.983756,27.51553],[30.98396,27.515428],[30.984405,27.515196],[30.984454,27.515187],[30.985037,27.51511],[30.985056,27.515132],[30.984683,27.515217],[30.984806,27.516283],[30.984792,27.516563],[30.984807,27.516656],[30.984651,27.516743],[30.984448,27.516743],[30.984227,27.516624],[30.98417,27.516043],[30.98411,27.515709],[30.984091,27.515428],[30.983775,27.51555],[30.983756,27.51553]]]},"properties":{"Name":"سد م4","Shape_Length":0.005430642030782979,"Shape_Area":9.291218519470544e-07}},{"type":"Feature","id":45,"geometry":{"type":"Polygon","coordinates":[[[31.171533,27.448438],[31.172981,27.448667],[31.173098,27.448891],[31.173052,27.448979],[31.172984,27.448983],[31.172942,27.449095],[31.171403,27.448859],[31.171377,27.448755],[31.171314,27.448708],[31.171323,27.44861],[31.171533,27.448438]]]},"properties":{"Name":"سد م1","Shape_Length":0.004118685044531906,"Shape_Area":7.16964921585437e-07}},{"type":"Feature","id":46,"geometry":{"type":"Polygon","coordinates":[[[31.152069,27.426824],[31.151169,27.42686],[31.150904,27.426822],[31.150852,27.426694],[31.150852,27.426612],[31.150861,27.426578],[31.150909,27.426499],[31.15094,27.426404],[31.151242,27.426407],[31.151552,27.426411],[31.151759,27.426407],[31.151912,27.426393],[31.152002,27.42638],[31.152046,27.426473],[31.152096,27.426582],[31.152122,27.426684],[31.152069,27.426824]]]},"properties":{"Name":"سد م2","Shape_Length":0.003156798601594078,"Shape_Area":5.230444650489793e-07}},{"type":"Feature","id":47,"geometry":{"type":"Polygon","coordinates":[[[31.040972,27.375666],[31.040927,27.375705],[31.040887,27.375745],[31.04077,27.375802],[31.04021,27.375435],[31.040225,27.375348],[31.040229,27.375265],[31.040309,27.375217],[31.040431,27.375179],[31.040482,27.375146],[31.040559,27.375099],[31.040618,27.375099],[31.041098,27.375428],[31.040972,27.375666]]]},"properties":{"Name":"سد م3","Shape_Length":0.002369453205809853,"Shape_Area":3.652770521006084e-07}},{"type":"Feature","id":48,"geometry":{"type":"Polygon","coordinates":[[[31.069351,27.357083],[31.069233,27.357153],[31.069189,27.357277],[31.069119,27.357303],[31.069075,27.357328],[31.068886,27.357357],[31.068408,27.356429],[31.068596,27.356272],[31.068648,27.356248],[31.068958,27.356321],[31.069351,27.357083]]]},"properties":{"Name":"سد م4","Shape_Length":0.003107823900768955,"Shape_Area":5.704343906471204e-07}},{"type":"Feature","id":49,"geometry":{"type":"Polygon","coordinates":[[[31.541939,27.307073],[31.5443,27.308608],[31.544246,27.308858],[31.544199,27.308915],[31.544078,27.309041],[31.541624,27.307401],[31.541678,27.307266],[31.541809,27.307156],[31.541939,27.307073]]]},"properties":{"Name":"سد م1 بوادي الأسيوطي","Shape_Length":0.006742910844680858,"Shape_Area":1.3728174024665346e-06}},{"type":"Feature","id":50,"geometry":{"type":"Polygon","coordinates":[[[31.590552,27.352813],[31.591643,27.354294],[31.593181,27.356589],[31.593323,27.356829],[31.593349,27.357129],[31.593352,27.357204],[31.593308,27.357239],[31.593236,27.357219],[31.593136,27.35718],[31.593,27.357045],[31.592791,27.35684],[31.591779,27.355467],[31.5916,27.355201],[31.591191,27.354649],[31.590445,27.353533],[31.590062,27.353031],[31.589994,27.352971],[31.590156,27.352753],[31.59026,27.352747],[31.590477,27.352775],[31.590552,27.352813]]]},"properties":{"Name":"سد م2 بوادي الأسيوطي","Shape_Length":0.011436597964569098,"Shape_Area":2.7276624443915163e-06}},{"type":"Feature","id":51,"geometry":{"type":"Polygon","coordinates":[[[31.539886,27.453184],[31.540095,27.453118],[31.540215,27.453099],[31.54044,27.453213],[31.540458,27.453373],[31.540542,27.453776],[31.540776,27.454658],[31.541525,27.457597],[31.54141,27.457706],[31.541313,27.457739],[31.541271,27.457688],[31.541148,27.457674],[31.539886,27.453184]]]},"properties":{"Name":"سد م3بوادي الأسيوطي","Shape_Length":0.010225071827118078,"Shape_Area":2.06958113820879e-06}},{"type":"Feature","id":52,"geometry":{"type":"Polygon","coordinates":[[[31.217534,27.368227],[31.217546,27.368272],[31.217533,27.368388],[31.217533,27.368515],[31.217385,27.368557],[31.216919,27.368706],[31.216892,27.368758],[31.216859,27.368648],[31.216825,27.36864],[31.216707,27.368532],[31.216659,27.368302],[31.216719,27.368263],[31.216722,27.368235],[31.217348,27.36802],[31.217534,27.368227]]]},"properties":{"Name":"سد","Shape_Length":0.0025778370785174616,"Shape_Area":4.088332200997618e-07}},{"type":"Feature","id":53,"geometry":{"type":"Polygon","coordinates":[[[31.218405,27.332589],[31.220592,27.331694],[31.22067,27.331768],[31.22068,27.331839],[31.220699,27.331944],[31.220643,27.331958],[31.219872,27.332255],[31.218546,27.332808],[31.218447,27.332775],[31.218414,27.332726],[31.218405,27.332589]]]},"properties":{"Name":"سد س1","Shape_Length":0.005269688792621291,"Shape_Area":6.075912813484726e-07}},{"type":"Feature","id":54,"geometry":{"type":"Polygon","coordinates":[[[31.24242,27.357342],[31.243434,27.356989],[31.243459,27.356961],[31.243583,27.357135],[31.243588,27.357359],[31.243549,27.357326],[31.242587,27.357718],[31.242499,27.357653],[31.242454,27.357604],[31.242436,27.357564],[31.242413,27.35743],[31.24242,27.357342]]]},"properties":{"Name":"سد","Shape_Length":0.003080677604486575,"Shape_Area":4.4894042976053814e-07}},{"type":"Feature","id":55,"geometry":{"type":"Polygon","coordinates":[[[31.230202,27.348362],[31.230444,27.348224],[31.230781,27.348001],[31.230925,27.348143],[31.23095,27.348193],[31.231005,27.348406],[31.230947,27.348428],[31.230784,27.348489],[31.230701,27.348554],[31.230639,27.348564],[31.230479,27.348651],[31.230412,27.348651],[31.230382,27.34857],[31.230302,27.348541],[31.230235,27.348479],[31.230202,27.348362]]]},"properties":{"Name":"سد","Shape_Length":0.00219944059934081,"Shape_Area":2.8877012552582507e-07}},{"type":"Feature","id":56,"geometry":{"type":"Polygon","coordinates":[[[31.221522,27.053137],[31.221711,27.053228],[31.221994,27.052796],[31.22193,27.052753],[31.221907,27.052712],[31.221933,27.052689],[31.22205,27.052744],[31.222144,27.052815],[31.222146,27.052853],[31.22219,27.052866],[31.22216,27.052934],[31.222126,27.052973],[31.222072,27.05295],[31.221865,27.053346],[31.221999,27.053509],[31.222033,27.053578],[31.221914,27.0535],[31.221704,27.053314],[31.221509,27.053147],[31.221522,27.053137]]]},"properties":{"Name":"سد م3","Shape_Length":0.002829335170335096,"Shape_Area":1.5083210203419642e-07}},{"type":"Feature","id":57,"geometry":{"type":"Polygon","coordinates":[[[31.204922,27.056821],[31.2051,27.057078],[31.205211,27.057159],[31.205505,27.056884],[31.205518,27.056805],[31.205605,27.056792],[31.205677,27.056755],[31.205751,27.056762],[31.20581,27.056848],[31.205833,27.056933],[31.205824,27.056997],[31.205768,27.05705],[31.205723,27.057038],[31.205742,27.056991],[31.205722,27.056947],[31.205631,27.057034],[31.205379,27.057295],[31.205758,27.05761],[31.20574,27.057652],[31.205411,27.057489],[31.205198,27.05742],[31.205014,27.057344],[31.20506,27.057224],[31.204958,27.057016],[31.204898,27.056866],[31.204922,27.056821]]]},"properties":{"Name":"سد م1","Shape_Length":0.004044923313001642,"Shape_Area":2.943003717226902e-07}},{"type":"Feature","id":58,"geometry":{"type":"Polygon","coordinates":[[[31.217285,27.053616],[31.217308,27.053617],[31.217341,27.053716],[31.217363,27.053849],[31.217881,27.053755],[31.217926,27.05371],[31.217959,27.05374],[31.218001,27.053821],[31.218028,27.053911],[31.218017,27.05394],[31.217931,27.053932],[31.217903,27.053911],[31.217369,27.054008],[31.217449,27.054292],[31.217416,27.054292],[31.217298,27.054056],[31.217301,27.053981],[31.217285,27.053616]]]},"properties":{"Name":"سد م2","Shape_Length":0.0028091713077089135,"Shape_Area":1.4592467258756019e-07}},{"type":"Feature","id":59,"geometry":{"type":"Polygon","coordinates":[[[31.2845,26.922647],[31.284594,26.922642],[31.284643,26.922627],[31.284683,26.922622],[31.284711,26.922658],[31.284688,26.922685],[31.28471,26.922786],[31.284638,26.922799],[31.284323,26.92298],[31.283952,26.923149],[31.283855,26.923207],[31.283828,26.923267],[31.283768,26.923303],[31.283632,26.923293],[31.283619,26.923259],[31.283595,26.923298],[31.283508,26.923311],[31.283458,26.923267],[31.283439,26.923191],[31.283417,26.923136],[31.283375,26.92307],[31.28332,26.923011],[31.283285,26.922994],[31.283313,26.922951],[31.283418,26.923013],[31.2835,26.923083],[31.283598,26.92312],[31.283644,26.92319],[31.283665,26.923144],[31.283709,26.923114],[31.284013,26.922943],[31.2845,26.922647]]]},"properties":{"Name":"سد م3","Shape_Length":0.0036631779898724727,"Shape_Area":2.5999265569267695e-07}},{"type":"Feature","id":60,"geometry":{"type":"Polygon","coordinates":[[[31.278853,26.921987],[31.278848,26.921871],[31.27885,26.921665],[31.278895,26.92145],[31.278919,26.921417],[31.278927,26.921384],[31.278893,26.921354],[31.278888,26.921336],[31.278945,26.921318],[31.27898,26.921329],[31.279058,26.921352],[31.279126,26.921377],[31.279176,26.921397],[31.279167,26.921441],[31.279171,26.921471],[31.279139,26.921615],[31.279073,26.921858],[31.279027,26.92191],[31.278906,26.922001],[31.278853,26.921987]]]},"properties":{"Name":"سد م2","Shape_Length":0.0017354706796244327,"Shape_Area":1.551571620365396e-07}},{"type":"Feature","id":61,"geometry":{"type":"Polygon","coordinates":[[[32.189343,26.54605],[32.189885,26.545944],[32.189992,26.54596],[32.190184,26.545941],[32.190466,26.545973],[32.19062,26.545986],[32.190617,26.546013],[32.19013,26.546016],[32.190112,26.546901],[32.190124,26.546993],[32.190063,26.547688],[32.19002,26.547805],[32.18994,26.547758],[32.18988,26.547787],[32.189824,26.547787],[32.189768,26.547793],[32.189689,26.547799],[32.189623,26.547682],[32.189677,26.547031],[32.189718,26.546503],[32.189732,26.546026],[32.189347,26.54608],[32.189343,26.54605]]]},"properties":{"Name":"k4 سد","Shape_Length":0.0061721465381865655,"Shape_Area":8.101896792986066e-07}},{"type":"Feature","id":62,"geometry":{"type":"Polygon","coordinates":[[[32.16926,26.528311],[32.169305,26.528317],[32.169343,26.528339],[32.169393,26.528374],[32.169522,26.528289],[32.169571,26.528254],[32.169624,26.528251],[32.169652,26.528323],[32.169681,26.528351],[32.169374,26.529482],[32.168928,26.531046],[32.169285,26.531075],[32.169289,26.531101],[32.168861,26.531137],[32.168737,26.531148],[32.168648,26.531132],[32.168518,26.531124],[32.168252,26.531119],[32.168139,26.53108],[32.168156,26.531056],[32.168501,26.531049],[32.168597,26.53064],[32.168806,26.529974],[32.169045,26.529124],[32.16926,26.528311]]]},"properties":{"Name":"K5 سد","Shape_Length":0.008092295325938694,"Shape_Area":1.2599404168476283e-06}},{"type":"Feature","id":63,"geometry":{"type":"Polygon","coordinates":[[[32.116294,26.465636],[32.118048,26.464809],[32.124018,26.461979],[32.125132,26.461472],[32.125042,26.461167],[32.125263,26.461519],[32.125331,26.461702],[32.125256,26.462205],[32.125236,26.461819],[32.121377,26.463661],[32.116773,26.465898],[32.116144,26.466175],[32.116115,26.466111],[32.116115,26.466054],[32.116123,26.46599],[32.11615,26.465925],[32.1162,26.465843],[32.116249,26.465744],[32.116294,26.465636]]]},"properties":{"Name":"K6 سد","Shape_Length":0.02226339857944824,"Shape_Area":4.062550455209484e-06}},{"type":"Feature","id":64,"geometry":{"type":"Polygon","coordinates":[[[32.051014,26.359633],[32.05305,26.358312],[32.057484,26.355449],[32.060104,26.35397],[32.059902,26.353538],[32.059945,26.353519],[32.060049,26.353621],[32.060337,26.354127],[32.06039,26.354311],[32.060378,26.354524],[32.060319,26.354927],[32.060294,26.355138],[32.06026,26.35511],[32.060281,26.354509],[32.058834,26.355465],[32.051518,26.36017],[32.051187,26.360047],[32.051077,26.359928],[32.051014,26.359633]]]},"properties":{"Name":"K7 سد","Shape_Length":0.024882727335731106,"Shape_Area":7.778754393273066e-06}},{"type":"Feature","id":65,"geometry":{"type":"Polygon","coordinates":[[[31.39219,27.075989],[31.392309,27.07602],[31.392517,27.076078],[31.392573,27.076092],[31.392569,27.076108],[31.392478,27.076088],[31.392216,27.076021],[31.39219,27.075989]]]},"properties":{"Name":"سد م2","Shape_Length":0.0008176257025186825,"Shape_Area":8.017779893954409e-09}},{"type":"Feature","id":66,"geometry":{"type":"Polygon","coordinates":[[[31.395514,27.072253],[31.395581,27.072267],[31.39562,27.072302],[31.395685,27.07234],[31.395587,27.072926],[31.395505,27.072979],[31.395423,27.073001],[31.395322,27.072972],[31.395251,27.072939],[31.395321,27.072561],[31.395372,27.072392],[31.39539,27.072329],[31.395436,27.072263],[31.395514,27.072253]]]},"properties":{"Name":"سد م1","Shape_Length":0.0019420596128363046,"Shape_Area":2.2239769204406564e-07}},{"type":"Feature","id":67,"geometry":{"type":"Polygon","coordinates":[[[31.614875,26.351571],[31.615518,26.350954],[31.615569,26.351052],[31.615597,26.351064],[31.615629,26.351044],[31.615703,26.3511],[31.615836,26.351238],[31.615193,26.351833],[31.615105,26.351764],[31.614983,26.351761],[31.614944,26.351706],[31.614875,26.351571]]]},"properties":{"Name":"W2 سد","Shape_Length":0.002683200559374259,"Shape_Area":3.8070542184744067e-07}},{"type":"Feature","id":68,"geometry":{"type":"Polygon","coordinates":[[[31.699356,26.273856],[31.699758,26.273336],[31.700458,26.273828],[31.699983,26.274307],[31.699356,26.273856]]]},"properties":{"Name":"W5 سد","Shape_Length":0.0029594525503074255,"Shape_Area":5.380831813202345e-07}},{"type":"Feature","id":69,"geometry":{"type":"Polygon","coordinates":[[[31.519552,26.926103],[31.519605,26.926061],[31.519645,26.926014],[31.519846,26.926024],[31.520242,26.926099],[31.520328,26.926131],[31.520497,26.926163],[31.520683,26.926185],[31.520659,26.926349],[31.520119,26.926311],[31.519931,26.926311],[31.519611,26.926243],[31.519554,26.926196],[31.519552,26.926103]]]},"properties":{"Name":"سد م2","Shape_Length":0.0025750437993285885,"Shape_Area":2.4362933383116625e-07}},{"type":"Feature","id":70,"geometry":{"type":"Polygon","coordinates":[[[31.527509,26.927695],[31.527554,26.927688],[31.527588,26.927687],[31.527653,26.927745],[31.527789,26.92807],[31.52781,26.928153],[31.527937,26.928452],[31.527906,26.928516],[31.52787,26.92853],[31.527801,26.928485],[31.527666,26.92818],[31.527628,26.928117],[31.527594,26.928035],[31.527545,26.927972],[31.52746,26.927767],[31.527485,26.927742],[31.527509,26.927695]]]},"properties":{"Name":"سد م4","Shape_Length":0.0020080254562656647,"Shape_Area":1.389655343113213e-07}},{"type":"Feature","id":71,"geometry":{"type":"Polygon","coordinates":[[[31.526111,26.926833],[31.52617,26.926815],[31.526187,26.926849],[31.526168,26.926906],[31.526172,26.927009],[31.524787,26.928532],[31.524706,26.928562],[31.524686,26.928491],[31.524659,26.928298],[31.525223,26.927664],[31.526037,26.926778],[31.526111,26.926833]]]},"properties":{"Name":"سد م3","Shape_Length":0.004822052845700472,"Shape_Area":5.534414698413615e-07}},{"type":"Feature","id":72,"geometry":{"type":"Polygon","coordinates":[[[31.517087,26.917563],[31.517439,26.917415],[31.517769,26.917328],[31.518141,26.917236],[31.520197,26.916699],[31.520241,26.916824],[31.520195,26.916881],[31.518704,26.917306],[31.517193,26.917756],[31.517084,26.91774],[31.517078,26.917693],[31.517087,26.917563]]]},"properties":{"Name":"سد م1","Shape_Length":0.006851889919849894,"Shape_Area":6.933447176362106e-07}},{"type":"Feature","id":73,"geometry":{"type":"Polygon","coordinates":[[[32.232735,26.49878],[32.233603,26.497823],[32.233425,26.49768],[32.233458,26.497667],[32.233823,26.497906],[32.233936,26.497956],[32.234132,26.498098],[32.234105,26.498124],[32.233897,26.498002],[32.233099,26.498982],[32.232954,26.499073],[32.232896,26.499096],[32.232835,26.499063],[32.232792,26.498964],[32.232735,26.49878]]]},"properties":{"Name":"N1 سد","Shape_Length":0.004504352038888754,"Shape_Area":5.64540737170037e-07}},{"type":"Feature","id":74,"geometry":{"type":"Polygon","coordinates":[[[32.174027,26.396026],[32.174523,26.396045],[32.175469,26.396297],[32.179105,26.397204],[32.179453,26.397488],[32.179528,26.397636],[32.179403,26.397687],[32.174009,26.396255],[32.173997,26.396157],[32.174027,26.396026]]]},"properties":{"Name":"N2 سد","Shape_Length":0.011788050549163407,"Shape_Area":1.9514557871211775e-06}},{"type":"Feature","id":75,"geometry":{"type":"Polygon","coordinates":[[[32.136115,26.325699],[32.13872,26.324735],[32.139641,26.32442],[32.143409,26.32291],[32.143583,26.32289],[32.14366,26.322963],[32.143713,26.323111],[32.14356,26.32318],[32.140459,26.324405],[32.136347,26.326007],[32.13623,26.32594],[32.136144,26.325834],[32.136115,26.325699]]]},"properties":{"Name":"N3 سد","Shape_Length":0.016572362748126217,"Shape_Area":2.514198747259167e-06}},{"type":"Feature","id":76,"geometry":{"type":"Polygon","coordinates":[[[32.144952,26.320987],[32.150232,26.319168],[32.152336,26.318365],[32.15709,26.316707],[32.157203,26.316766],[32.158918,26.316196],[32.161725,26.315238],[32.161809,26.315283],[32.16024,26.315855],[32.15129,26.319072],[32.144988,26.321297],[32.144952,26.320987]]]},"properties":{"Name":"N4 سد","Shape_Length":0.03604257955862157,"Shape_Area":4.27684787455549e-06}},{"type":"Feature","id":77,"geometry":{"type":"Polygon","coordinates":[[[31.340188,26.845275],[31.340079,26.845346],[31.340019,26.845464],[31.339963,26.845473],[31.339759,26.845539],[31.339607,26.845273],[31.33972,26.845109],[31.339763,26.845094],[31.339885,26.845063],[31.340003,26.845058],[31.340188,26.845275]]]},"properties":{"Name":"سد م1 الدوير","Shape_Length":0.0016127928335231709,"Shape_Area":1.7579383596969523e-07}},{"type":"Feature","id":78,"geometry":{"type":"Polygon","coordinates":[[[31.241813,27.019259],[31.241984,27.019129],[31.242025,27.019122],[31.242085,27.019115],[31.242165,27.019129],[31.242205,27.019138],[31.242346,27.019554],[31.242308,27.019606],[31.242287,27.019638],[31.242296,27.019732],[31.242295,27.01977],[31.242243,27.019805],[31.242199,27.019805],[31.242153,27.019786],[31.242083,27.019674],[31.241962,27.019665],[31.241813,27.019259]]]},"properties":{"Name":"سد1 بمنطقة البلايزة","Shape_Length":0.001955516316441164,"Shape_Area":2.342075212029647e-07}},{"type":"Feature","id":79,"geometry":{"type":"Polygon","coordinates":[[[31.243592,27.013291],[31.243756,27.013186],[31.243825,27.013189],[31.243871,27.013192],[31.243899,27.013224],[31.243936,27.013315],[31.243943,27.013366],[31.243942,27.013411],[31.243733,27.013746],[31.243627,27.013737],[31.243575,27.013741],[31.243541,27.013713],[31.243522,27.013654],[31.243476,27.013615],[31.24339,27.013581],[31.243592,27.013291]]]},"properties":{"Name":"سد2 بمنطقة البلايزة","Shape_Length":0.0017126865545487799,"Shape_Area":1.8954091425956403e-07}},{"type":"Feature","id":80,"geometry":{"type":"Polygon","coordinates":[[[31.247601,29.224517],[31.247334,29.224699],[31.247265,29.224391],[31.247083,29.224444],[31.2469,29.224672],[31.246861,29.22452],[31.246745,29.224498],[31.246564,29.22373],[31.246952,29.223782],[31.247131,29.22377],[31.247052,29.223399],[31.24727,29.223388],[31.247267,29.223429],[31.247317,29.223419],[31.247352,29.223453],[31.2474,29.223445],[31.247601,29.224517]]]},"properties":{"Name":"مخر سيل غياضة الشرقية","Shape_Length":0.004631948850071549,"Shape_Area":7.923629527304095e-07}},{"type":"Feature","id":81,"geometry":{"type":"Polygon","coordinates":[[[30.978692,28.867733],[30.978869,28.867685],[30.978909,28.867605],[30.978973,28.867585],[30.979046,28.867604],[30.979195,28.867555],[30.979739,28.869415],[30.979698,28.869438],[30.979658,28.869492],[30.979673,28.869638],[30.979634,28.869684],[30.979542,28.86971],[30.979465,28.869701],[30.979443,28.869571],[30.979345,28.869565],[30.979284,28.869568],[30.978692,28.867733]]]},"properties":{"Name":"حاجز","Shape_Length":0.005225275267886204,"Shape_Area":1.0372757052606095e-06}},{"type":"Feature","id":82,"geometry":{"type":"Polygon","coordinates":[[[31.232651,27.34047],[31.23268,27.340466],[31.232715,27.340455],[31.232731,27.340464],[31.23275,27.340507],[31.232753,27.340547],[31.232728,27.340562],[31.232703,27.340561],[31.232676,27.340559],[31.232651,27.34047]]]},"properties":{"Name":"سد م1","Shape_Length":0.00034460067470362834,"Shape_Area":8.024023573054898e-09}},{"type":"Feature","id":83,"geometry":{"type":"Polygon","coordinates":[[[31.231232,27.337922],[31.231247,27.33792],[31.231442,27.337852],[31.231583,27.337797],[31.231624,27.337782],[31.231667,27.337814],[31.231659,27.337852],[31.23163,27.337883],[31.231309,27.338014],[31.231301,27.338076],[31.231251,27.338037],[31.231219,27.338003],[31.231232,27.337922]]]},"properties":{"Name":"سد م2","Shape_Length":0.0011525973672656274,"Shape_Area":4.812552054397768e-08}},{"type":"Feature","id":84,"geometry":{"type":"Polygon","coordinates":[[[31.226822,27.387936],[31.227064,27.387791],[31.227728,27.387341],[31.227813,27.387357],[31.227851,27.387389],[31.227874,27.387426],[31.227226,27.387839],[31.22691,27.38801],[31.22685,27.388007],[31.226822,27.387936]]]},"properties":{"Name":"سد م5","Shape_Length":0.0025281967394736645,"Shape_Area":1.5180999675692057e-07}},{"type":"Feature","id":85,"geometry":{"type":"Polygon","coordinates":[[[30.999924,27.363891],[31.000311,27.363648],[31.000579,27.363999],[31.000629,27.363974],[31.000778,27.363965],[31.000937,27.36398],[31.000952,27.364015],[31.000652,27.364025],[31.000611,27.364047],[31.000771,27.364195],[31.000777,27.36422],[31.000358,27.364513],[31.000249,27.364347],[31.000208,27.364347],[31.000043,27.364493],[31.000011,27.364474],[31.000173,27.364332],[31.000176,27.364206],[31.000072,27.364031],[31.0,27.363918],[30.999924,27.363891]]]},"properties":{"Name":"سد","Shape_Length":0.003661402954007539,"Shape_Area":3.6993825326982336e-07}},{"type":"Feature","id":86,"geometry":{"type":"Polygon","coordinates":[[[32.340891,26.565165],[32.341353,26.564268],[32.341465,26.564318],[32.34152,26.564341],[32.34162,26.564302],[32.341657,26.564329],[32.3417,26.564364],[32.341683,26.564452],[32.341716,26.564448],[32.34121,26.565359],[32.341103,26.565342],[32.341026,26.56532],[32.340891,26.565165]]]},"properties":{"Name":"سد n5","Shape_Length":0.0029593222321399543,"Shape_Area":4.2395435536405916e-07}},{"type":"Feature","id":87,"geometry":{"type":"Polygon","coordinates":[[[32.417468,26.638175],[32.418491,26.638259],[32.418509,26.638147],[32.418568,26.638154],[32.418607,26.638372],[32.418584,26.638499],[32.418557,26.638602],[32.418439,26.638854],[32.41841,26.638814],[32.418439,26.638635],[32.417411,26.638526],[32.417327,26.638471],[32.417301,26.638429],[32.417343,26.638368],[32.417468,26.638175]]]},"properties":{"Name":"سد n6","Shape_Length":0.0036529825024450204,"Shape_Area":4.693408305140729e-07}},{"type":"Feature","id":88,"geometry":{"type":"Polygon","coordinates":[[[31.189408,27.388444],[31.18976,27.388461],[31.190018,27.388427],[31.190112,27.388457],[31.190194,27.388447],[31.190255,27.388433],[31.19033,27.38843],[31.19037,27.388544],[31.190315,27.389653],[31.189351,27.389607],[31.189408,27.388444]]]},"properties":{"Name":"سد م3","Shape_Length":0.004292065073231608,"Shape_Area":1.14186516786791e-06}},{"type":"Feature","id":89,"geometry":{"type":"Polygon","coordinates":[[[31.285059,26.919644],[31.285045,26.919591],[31.285056,26.919556],[31.285078,26.919501],[31.285526,26.919553],[31.285546,26.91959],[31.285593,26.919609],[31.285568,26.91965],[31.285537,26.919648],[31.285482,26.919708],[31.285059,26.919644]]]},"properties":{"Name":"سد م4","Shape_Length":0.001282734598740445,"Shape_Area":7.422632686432319e-08}},{"type":"Feature","id":90,"geometry":{"type":"Polygon","coordinates":[[[31.274337,26.920442],[31.274403,26.920399],[31.274472,26.920415],[31.274517,26.92043],[31.274557,26.920428],[31.27465,26.920432],[31.274634,26.920756],[31.274589,26.920834],[31.274544,26.920872],[31.274463,26.920895],[31.274423,26.920907],[31.274399,26.920902],[31.274356,26.920836],[31.27433,26.92078],[31.274337,26.920442]]]},"properties":{"Name":"سد م3","Shape_Length":0.0014333958358970934,"Shape_Area":1.3518720849564635e-07}},{"type":"Feature","id":91,"geometry":{"type":"Polygon","coordinates":[[[32.889198,24.167573],[32.889235,24.167557],[32.889414,24.167533],[32.88945,24.167519],[32.889492,24.167517],[32.889538,24.167526],[32.889563,24.16749],[32.889598,24.16749],[32.889653,24.167528],[32.889731,24.16774],[32.889718,24.167798],[32.889661,24.167847],[32.889564,24.1679],[32.889512,24.167917],[32.889258,24.167842],[32.889198,24.167573]]]},"properties":{"Name":"سد","Shape_Length":0.0015589086337308492,"Shape_Area":1.6421226917684464e-07}},{"type":"Feature","id":92,"geometry":{"type":"Polygon","coordinates":[[[31.794441,26.620755],[31.794444,26.620853],[31.794378,26.620908],[31.794112,26.621083],[31.793518,26.621322],[31.793387,26.62131],[31.793337,26.621241],[31.793355,26.621178],[31.794341,26.62063],[31.794441,26.620755]]]},"properties":{"Name":"سد  حماية","Shape_Length":0.0027121102598364672,"Shape_Area":2.880998595071501e-07}},{"type":"Feature","id":93,"geometry":{"type":"Polygon","coordinates":[[[32.625778,25.758777],[32.626124,25.758572],[32.626803,25.759399],[32.628551,25.761592],[32.628886,25.761955],[32.62973,25.763024],[32.629922,25.763307],[32.6302,25.76366],[32.630098,25.763809],[32.629921,25.763845],[32.629768,25.763845],[32.628382,25.762093],[32.627985,25.761871],[32.626433,25.759972],[32.625713,25.758995],[32.625778,25.758777]]]},"properties":{"Name":"سد/ حاجز","Shape_Length":0.014020594055655916,"Shape_Area":3.689466748113515e-06}},{"type":"Feature","id":94,"geometry":{"type":"Polygon","coordinates":[[[32.632604,25.76577],[32.632781,25.765494],[32.632965,25.765362],[32.633046,25.76533],[32.633202,25.765532],[32.633516,25.765813],[32.633803,25.766127],[32.633922,25.766009],[32.634243,25.766351],[32.634541,25.766719],[32.634511,25.766856],[32.634966,25.767177],[32.635165,25.767177],[32.635181,25.767199],[32.63508,25.767306],[32.634795,25.767541],[32.63452,25.767638],[32.634447,25.767618],[32.634729,25.767484],[32.633987,25.766729],[32.633015,25.765634],[32.632264,25.766129],[32.632604,25.76577]]]},"properties":{"Name":"سد/ حاجز","Shape_Length":0.008889384472236412,"Shape_Area":1.0826808559545946e-06}},{"type":"Feature","id":95,"geometry":{"type":"Polygon","coordinates":[[[31.879471,26.171418],[31.879736,26.171375],[31.880004,26.171245],[31.880258,26.171399],[31.880274,26.171496],[31.880234,26.171796],[31.880258,26.171898],[31.87968,26.172109],[31.879538,26.171833],[31.879475,26.171702],[31.879471,26.171418]]]},"properties":{"Name":"سد حماية الجير","Shape_Length":0.0027229511133810076,"Shape_Area":4.965790845510198e-07}},{"type":"Feature","id":96,"geometry":{"type":"Polygon","coordinates":[[[32.81704,25.790016],[32.817344,25.790071],[32.817684,25.790252],[32.818821,25.790862],[32.818985,25.791045],[32.819144,25.791038],[32.819158,25.791176],[32.818876,25.791139],[32.818636,25.791045],[32.818406,25.790976],[32.817865,25.790687],[32.817518,25.790495],[32.817212,25.790322],[32.817021,25.790188],[32.81704,25.790016]]]},"properties":{"Name":"حاجز","Shape_Length":0.005079019513075543,"Shape_Area":6.088904814963893e-07}},{"type":"Feature","id":97,"geometry":{"type":"Polygon","coordinates":[[[32.250991,26.107068],[32.250865,26.10721],[32.250887,26.107236],[32.251607,26.107058],[32.251984,26.10694],[32.25227,26.106869],[32.252635,26.106799],[32.252906,26.106744],[32.252953,26.106819],[32.252956,26.106856],[32.252844,26.106913],[32.252328,26.107048],[32.251439,26.107253],[32.251274,26.107287],[32.251072,26.107344],[32.250948,26.107376],[32.250756,26.107431],[32.249937,26.107612],[32.249596,26.107676],[32.249278,26.107732],[32.248896,26.107824],[32.248501,26.107907],[32.248127,26.107977],[32.247633,26.108086],[32.247554,26.108032],[32.24774,26.107979],[32.247728,26.107951],[32.248217,26.10783],[32.248751,26.107711],[32.249424,26.107538],[32.249881,26.107422],[32.249646,26.107366],[32.250252,26.107219],[32.250991,26.107068]]]},"properties":{"Name":"حاجز","Shape_Length":0.012055120269949053,"Shape_Area":1.0104182398162137e-06}},{"type":"Feature","id":98,"geometry":{"type":"Polygon","coordinates":[[[31.589864,26.757731],[31.589904,26.757684],[31.59004,26.75742],[31.590391,26.757728],[31.590079,26.757863],[31.59003,26.757901],[31.590301,26.758101],[31.590225,26.75818],[31.590143,26.758237],[31.590089,26.758246],[31.589992,26.758261],[31.589934,26.758257],[31.58991,26.75816],[31.589871,26.758157],[31.589833,26.758146],[31.589796,26.75813],[31.58975,26.758094],[31.589528,26.757865],[31.589548,26.757826],[31.589504,26.757779],[31.589574,26.757683],[31.589482,26.75756],[31.589579,26.757476],[31.589569,26.75745],[31.589583,26.757437],[31.589864,26.757731]]]},"properties":{"Name":"حاجز ترابى","Shape_Length":0.003543581114388288,"Shape_Area":3.998287420525333e-07}},{"type":"Feature","id":99,"geometry":{"type":"Polygon","coordinates":[[[32.905922,24.143917],[32.90597,24.143839],[32.906003,24.143851],[32.906086,24.143712],[32.906163,24.143467],[32.906187,24.143354],[32.906242,24.143292],[32.906309,24.143255],[32.906374,24.14327],[32.906428,24.143288],[32.906467,24.143322],[32.906495,24.143385],[32.906513,24.143418],[32.906469,24.143696],[32.906416,24.143838],[32.906344,24.143996],[32.906458,24.144023],[32.906664,24.144089],[32.906783,24.14414],[32.906857,24.144174],[32.906915,24.144215],[32.906943,24.144242],[32.906896,24.144305],[32.90685,24.144259],[32.90663,24.144195],[32.90643,24.144132],[32.9063,24.144098],[32.906183,24.144075],[32.906097,24.144048],[32.906046,24.144037],[32.90601,24.144015],[32.905971,24.14398],[32.905922,24.143917]]]},"properties":{"Name":"حاجز","Shape_Length":0.0035158476565393974,"Shape_Area":3.4923990333015474e-07}},{"type":"Feature","id":100,"geometry":{"type":"Polygon","coordinates":[[[30.785539,28.20586],[30.785644,28.20587],[30.785836,28.205891],[30.786102,28.205904],[30.786309,28.205916],[30.786591,28.205914],[30.786768,28.205917],[30.78696,28.205897],[30.787138,28.205863],[30.787337,28.205829],[30.787518,28.205774],[30.787875,28.205687],[30.788124,28.205623],[30.78836,28.205574],[30.788574,28.205515],[30.788897,28.205411],[30.789238,28.205292],[30.789576,28.205204],[30.789824,28.205116],[30.789962,28.205065],[30.790019,28.205083],[30.790031,28.205124],[30.790049,28.205177],[30.789992,28.205202],[30.78975,28.205275],[30.789581,28.20532],[30.789488,28.205349],[30.789361,28.205384],[30.789225,28.205428],[30.78903,28.205492],[30.788868,28.20554],[30.788731,28.205591],[30.788602,28.205623],[30.788431,28.205663],[30.788297,28.20569],[30.788158,28.205723],[30.788062,28.205755],[30.787954,28.205787],[30.787841,28.205823],[30.787734,28.205853],[30.787612,28.205892],[30.787513,28.205918],[30.787322,28.205957],[30.787159,28.205994],[30.787003,28.206024],[30.786797,28.206054],[30.786654,28.206066],[30.786608,28.206063],[30.786503,28.206054],[30.78641,28.206058],[30.786288,28.206065],[30.785962,28.206047],[30.785656,28.206034],[30.785472,28.206003],[30.78532,28.205986],[30.785302,28.205959],[30.785297,28.205913],[30.785301,28.205867],[30.785337,28.205871],[30.785395,28.205873],[30.785525,28.205821],[30.785539,28.20586]]]},"properties":{"Name":"حاجز بالمنشى","Shape_Length":0.009959819328995532,"Shape_Area":6.29048768248551e-07}},{"type":"Feature","id":101,"geometry":{"type":"Polygon","coordinates":[[[31.395559,29.434861],[31.396051,29.435249],[31.395301,29.436113],[31.39532,29.436193],[31.395419,29.436288],[31.39549,29.436341],[31.395726,29.436397],[31.396092,29.435976],[31.396448,29.43554],[31.396865,29.435807],[31.396889,29.435862],[31.397322,29.43616],[31.399011,29.437311],[31.398945,29.437384],[31.398055,29.436816],[31.397488,29.436387],[31.396896,29.435982],[31.396226,29.436707],[31.396303,29.436892],[31.396121,29.437047],[31.395433,29.436575],[31.395317,29.436516],[31.395214,29.436494],[31.395225,29.436383],[31.395255,29.436262],[31.39524,29.43612],[31.395357,29.435946],[31.395883,29.435243],[31.395797,29.435139],[31.39566,29.435056],[31.395564,29.435036],[31.395504,29.434978],[31.395516,29.434929],[31.395559,29.434861]]]},"properties":{"Name":"حاجز ترابي ح4","Shape_Length":0.013720882439954353,"Shape_Area":1.4507928723546463e-06}},{"type":"Feature","id":102,"geometry":{"type":"Polygon","coordinates":[[[31.44981,29.44835],[31.450002,29.448476],[31.450178,29.448807],[31.451103,29.449271],[31.452027,29.447849],[31.452061,29.447875],[31.452075,29.447896],[31.452088,29.447917],[31.452084,29.447937],[31.452023,29.448022],[31.451856,29.448292],[31.451246,29.449238],[31.450678,29.450235],[31.450367,29.450711],[31.449971,29.451382],[31.449743,29.451619],[31.449575,29.451603],[31.4497,29.45146],[31.449913,29.451088],[31.450306,29.450473],[31.4494,29.450004],[31.449053,29.450057],[31.448847,29.449974],[31.44981,29.44835]]]},"properties":{"Name":"حاجز ترابي ح2","Shape_Length":0.012820289907053353,"Shape_Area":2.9910079739801436e-06}},{"type":"Feature","id":103,"geometry":{"type":"Polygon","coordinates":[[[31.410303,29.430296],[31.410309,29.429479],[31.409303,29.429471],[31.40904,29.429686],[31.408839,29.429683],[31.408811,29.429254],[31.408822,29.428826],[31.408845,29.428783],[31.408856,29.428698],[31.408843,29.428628],[31.408841,29.428573],[31.408851,29.428491],[31.408854,29.428437],[31.408857,29.428369],[31.408849,29.428327],[31.409085,29.428299],[31.409298,29.428544],[31.410302,29.42857],[31.410335,29.426576],[31.410369,29.425728],[31.410406,29.425726],[31.410426,29.425797],[31.410411,29.425859],[31.410423,29.425957],[31.41043,29.426025],[31.410441,29.426086],[31.410438,29.426167],[31.410455,29.426279],[31.410442,29.426469],[31.410429,29.426759],[31.41043,29.428126],[31.410447,29.428665],[31.410419,29.429242],[31.410404,29.429845],[31.410382,29.430289],[31.410303,29.430296]]]},"properties":{"Name":"حاجز ترابي ح3","Shape_Length":0.01283107153964838,"Shape_Area":1.999981702887048e-06}},{"type":"Feature","id":104,"geometry":{"type":"Polygon","coordinates":[[[31.032901,28.678237],[31.033172,28.678033],[31.033287,28.678002],[31.033837,28.678719],[31.034121,28.679175],[31.035094,28.680607],[31.035268,28.680971],[31.0355,28.681471],[31.035847,28.681951],[31.035636,28.682055],[31.035358,28.681715],[31.035137,28.681478],[31.034951,28.681185],[31.03473,28.681046],[31.034441,28.680676],[31.033494,28.679336],[31.032988,28.678471],[31.032901,28.678237]]]},"properties":{"Name":"بحيرة صناعية ب1","Shape_Length":0.010146468934985955,"Shape_Area":2.3756592050165554e-06}},{"type":"Feature","id":105,"geometry":{"type":"Polygon","coordinates":[[[31.343538,29.389695],[31.343693,29.389936],[31.344317,29.390873],[31.344995,29.39188],[31.345736,29.392959],[31.345925,29.39331],[31.345909,29.393398],[31.34591,29.393512],[31.346031,29.393758],[31.346028,29.393837],[31.345929,29.393858],[31.344986,29.392347],[31.344058,29.392782],[31.343997,29.392988],[31.343802,29.393077],[31.342923,29.39159],[31.343155,29.391545],[31.343334,29.391618],[31.344277,29.391146],[31.343407,29.389758],[31.343538,29.389695]]]},"properties":{"Name":"حاجز ترابي ح3","Shape_Length":0.01322226301888069,"Shape_Area":3.062785994380456e-06}},{"type":"Feature","id":106,"geometry":{"type":"Polygon","coordinates":[[[31.384655,29.374603],[31.384898,29.374603],[31.385102,29.374736],[31.386067,29.374765],[31.386301,29.374718],[31.386271,29.375615],[31.386164,29.375673],[31.385082,29.375657],[31.384887,29.375746],[31.384638,29.375746],[31.384655,29.374603]]]},"properties":{"Name":"حاجز ترابي ح2","Shape_Length":0.005398294903579142,"Shape_Area":1.5781835810000936e-06}},{"type":"Feature","id":107,"geometry":{"type":"Polygon","coordinates":[[[31.383424,29.367431],[31.383618,29.367411],[31.38382,29.36753],[31.384836,29.36744],[31.384492,29.364616],[31.384657,29.364489],[31.384663,29.364622],[31.384674,29.364859],[31.384717,29.365268],[31.384774,29.365707],[31.385006,29.367504],[31.385127,29.368381],[31.384979,29.368352],[31.383925,29.368472],[31.383778,29.368575],[31.383473,29.368596],[31.383424,29.367431]]]},"properties":{"Name":"حاجز ترابي ح1","Shape_Length":0.011287924434899598,"Shape_Area":2.0352208624578383e-06}},{"type":"Feature","id":108,"geometry":{"type":"Polygon","coordinates":[[[31.417197,29.839757],[31.417338,29.839277],[31.417558,29.839292],[31.417618,29.839287],[31.417688,29.839329],[31.417562,29.839854],[31.417466,29.839908],[31.417316,29.839899],[31.417197,29.839757]]]},"properties":{"Name":"حاجز","Shape_Length":0.0018488474361238847,"Shape_Area":2.1896447276786826e-07}},{"type":"Feature","id":109,"geometry":{"type":"Polygon","coordinates":[[[31.420213,29.525117],[31.42031,29.525021],[31.420532,29.525147],[31.420957,29.525529],[31.422704,29.52716],[31.423522,29.527918],[31.423463,29.528224],[31.42327,29.528224],[31.423262,29.527994],[31.422841,29.527574],[31.422134,29.528214],[31.422092,29.528514],[31.421992,29.528663],[31.42013,29.526976],[31.42023,29.526848],[31.420704,29.526852],[31.42139,29.52623],[31.420213,29.525117]]]},"properties":{"Name":"حاجز","Shape_Length":0.01293139690700951,"Shape_Area":3.87100428710811e-06}},{"type":"Feature","id":110,"geometry":{"type":"Polygon","coordinates":[[[31.446486,29.499335],[31.446631,29.499276],[31.446909,29.499356],[31.447929,29.499162],[31.447769,29.497898],[31.447838,29.497879],[31.447912,29.498439],[31.448,29.498428],[31.448125,29.499076],[31.448316,29.500595],[31.44817,29.500602],[31.448179,29.500542],[31.447136,29.500702],[31.446906,29.500864],[31.446719,29.500868],[31.446579,29.500378],[31.446531,29.499942],[31.446486,29.499335]]]},"properties":{"Name":"حاجز ترابي","Shape_Length":0.008962952016049446,"Shape_Area":2.5703433186574737e-06}},{"type":"Feature","id":111,"geometry":{"type":"Polygon","coordinates":[[[31.423297,29.598991],[31.423222,29.598978],[31.423132,29.598919],[31.423097,29.598882],[31.423086,29.598857],[31.423085,29.598559],[31.422872,29.598559],[31.422751,29.598655],[31.422647,29.598688],[31.422545,29.598712],[31.422467,29.598712],[31.422465,29.597535],[31.42273,29.597513],[31.422891,29.597643],[31.423084,29.597652],[31.423067,29.597149],[31.42325,29.597177],[31.423297,29.598991]]]},"properties":{"Name":"حاجز","Shape_Length":0.00556610132402726,"Shape_Area":9.924189246089623e-07}},{"type":"Feature","id":112,"geometry":{"type":"Polygon","coordinates":[[[31.424899,29.621149],[31.425131,29.621057],[31.425327,29.62105],[31.425549,29.620937],[31.424239,29.61899],[31.424397,29.618999],[31.424552,29.619047],[31.424794,29.61937],[31.425098,29.619909],[31.425881,29.621061],[31.426592,29.622051],[31.427714,29.623659],[31.427591,29.623791],[31.426512,29.622291],[31.426137,29.621788],[31.425896,29.62189],[31.425799,29.622052],[31.425558,29.622184],[31.424899,29.621149]]]},"properties":{"Name":"حاجز","Shape_Length":0.01356500815313511,"Shape_Area":1.93849798255639e-06}},{"type":"Feature","id":113,"geometry":{"type":"Polygon","coordinates":[[[31.419338,29.643972],[31.419555,29.643988],[31.419932,29.644152],[31.420893,29.644063],[31.420867,29.642671],[31.421137,29.642642],[31.421233,29.643651],[31.421373,29.646725],[31.421971,29.646917],[31.423765,29.647417],[31.423594,29.647616],[31.422089,29.647185],[31.42136,29.646966],[31.421232,29.646938],[31.421142,29.646894],[31.42111,29.64685],[31.421074,29.646768],[31.421052,29.646301],[31.420963,29.644989],[31.419978,29.64508],[31.419644,29.645149],[31.419353,29.645149],[31.419338,29.643972]]]},"properties":{"Name":"حاجز ترابي ح5","Shape_Length":0.01738313072675194,"Shape_Area":3.499195045052354e-06}},{"type":"Feature","id":114,"geometry":{"type":"Polygon","coordinates":[[[31.378869,29.955804],[31.379138,29.955443],[31.379329,29.955224],[31.379469,29.955127],[31.379712,29.955278],[31.380074,29.955582],[31.380488,29.955916],[31.380311,29.956132],[31.380308,29.956171],[31.380261,29.956216],[31.380163,29.956222],[31.380094,29.956281],[31.380035,29.95632],[31.379961,29.956326],[31.379861,29.956369],[31.379775,29.956477],[31.378869,29.955804]]]},"properties":{"Name":"حاجز","Shape_Length":0.004294256575269691,"Shape_Area":1.1410338846581646e-06}},{"type":"Feature","id":115,"geometry":{"type":"Polygon","coordinates":[[[31.299701,29.273497],[31.299556,29.272941],[31.299035,29.273033],[31.298949,29.273151],[31.298724,29.273182],[31.298575,29.272781],[31.29843,29.272024],[31.298698,29.271989],[31.298831,29.272126],[31.299349,29.272019],[31.29871,29.269305],[31.298408,29.267891],[31.298508,29.267882],[31.299233,29.2711],[31.299552,29.272436],[31.2998,29.273451],[31.299701,29.273497]]]},"properties":{"Name":"سد م2 بوادي دجلة","Shape_Length":0.013825979359984357,"Shape_Area":1.53721001291693e-06}},{"type":"Feature","id":116,"geometry":{"type":"Polygon","coordinates":[[[31.371161,29.236551],[31.371235,29.236485],[31.371307,29.236356],[31.372169,29.236914],[31.372079,29.237031],[31.372072,29.237124],[31.372022,29.237132],[31.371655,29.2369],[31.371161,29.236551]]]},"properties":{"Name":"سد ركامي م1","Shape_Length":0.002604244599194158,"Shape_Area":2.669646884290217e-07}},{"type":"Feature","id":117,"geometry":{"type":"Polygon","coordinates":[[[30.773995,28.115927],[30.774002,28.115895],[30.774844,28.116159],[30.774936,28.116207],[30.774913,28.116234],[30.774831,28.116187],[30.77474,28.116167],[30.774605,28.116129],[30.774281,28.11602],[30.773995,28.115927]]]},"properties":{"Name":"حاجز غمازة الكبرى","Shape_Length":0.0020247555100234445,"Shape_Area":3.604068836502018e-08}},{"type":"Feature","id":118,"geometry":{"type":"Polygon","coordinates":[[[30.780985,28.10893],[30.781195,28.108149],[30.781213,28.108151],[30.781011,28.108927],[30.780985,28.10893]]]},"properties":{"Name":"سد المعصرة","Shape_Length":0.0016540817652384247,"Shape_Area":1.6857878172490347e-08}},{"type":"Feature","id":119,"geometry":{"type":"Polygon","coordinates":[[[30.962895,28.495152],[30.962755,28.495297],[30.961997,28.494624],[30.962128,28.494486],[30.96116,28.493583],[30.960937,28.493376],[30.960875,28.493274],[30.960949,28.493235],[30.962904,28.494856],[30.96372,28.495568],[30.963735,28.495655],[30.963707,28.495702],[30.962895,28.495152]]]},"properties":{"Name":"حاجز ترابي قرية الشرفا","Shape_Length":0.00798283621923716,"Shape_Area":8.604212418274336e-07}},{"type":"Feature","id":120,"geometry":{"type":"Polygon","coordinates":[[[30.927841,28.618164],[30.927928,28.618583],[30.927974,28.618843],[30.927941,28.619275],[30.927905,28.620204],[30.927906,28.620555],[30.927952,28.620953],[30.92805,28.621047],[30.928222,28.621091],[30.928396,28.621111],[30.928598,28.621111],[30.929094,28.621087],[30.929789,28.620988],[30.930587,28.620889],[30.93123,28.620773],[30.931473,28.620722],[30.931486,28.620781],[30.931161,28.620923],[30.92996,28.621125],[30.929477,28.621184],[30.928977,28.621229],[30.92849,28.621239],[30.928209,28.621204],[30.927951,28.621135],[30.927825,28.621038],[30.927673,28.620752],[30.92766,28.619875],[30.927781,28.618159],[30.927841,28.618164]]]},"properties":{"Name":"حاجز ترابي","Shape_Length":0.013199933548144239,"Shape_Area":1.1054570283537756e-06}},{"type":"Feature","id":121,"geometry":{"type":"Polygon","coordinates":[[[31.168115,28.90174],[31.167025,28.901688],[31.166567,28.901723],[31.166579,28.901522],[31.166816,28.901342],[31.166889,28.900286],[31.164232,28.900293],[31.164098,28.900239],[31.164035,28.900169],[31.160992,28.897892],[31.159289,28.896577],[31.159356,28.89653],[31.159729,28.896747],[31.160887,28.897569],[31.162746,28.898918],[31.163906,28.899801],[31.164085,28.899998],[31.164202,28.900076],[31.164341,28.900057],[31.164801,28.90005],[31.165567,28.900083],[31.166226,28.900063],[31.16867,28.900104],[31.170865,28.900178],[31.170815,28.900399],[31.170163,28.900405],[31.169215,28.900376],[31.167894,28.900369],[31.16784,28.901342],[31.168133,28.90157],[31.168115,28.90174]]]},"properties":{"Name":"حاجز","Shape_Length":0.029383273008210406,"Shape_Area":4.3260539380727774e-06}},{"type":"Feature","id":122,"geometry":{"type":"Polygon","coordinates":[[[31.192867,28.919674],[31.193189,28.919894],[31.194235,28.919721],[31.193941,28.918175],[31.193804,28.917356],[31.193762,28.917254],[31.193724,28.917138],[31.193915,28.917268],[31.194159,28.918405],[31.194391,28.919576],[31.194756,28.921439],[31.194847,28.921963],[31.194683,28.922124],[31.194339,28.920188],[31.193268,28.920344],[31.193027,28.920561],[31.192836,28.920588],[31.192668,28.919666],[31.192867,28.919674]]]},"properties":{"Name":"حاجز","Shape_Length":0.01403686232987424,"Shape_Area":1.716510143338265e-06}},{"type":"Feature","id":123,"geometry":{"type":"Polygon","coordinates":[[[31.168936,28.838333],[31.168979,28.838147],[31.169216,28.837848],[31.169289,28.837188],[31.166325,28.836906],[31.166355,28.836708],[31.166533,28.836702],[31.167114,28.83673],[31.168252,28.836812],[31.170887,28.83706],[31.173863,28.837274],[31.173881,28.837519],[31.171911,28.837379],[31.170341,28.837275],[31.170292,28.837933],[31.170478,28.838241],[31.170471,28.838422],[31.168936,28.838333]]]},"properties":{"Name":"حاجز","Shape_Length":0.01847922598177314,"Shape_Area":3.3104240261197165e-06}},{"type":"Feature","id":124,"geometry":{"type":"Polygon","coordinates":[[[31.242452,28.71511],[31.242752,28.715025],[31.243207,28.714241],[31.241469,28.713341],[31.239557,28.71236],[31.239459,28.712267],[31.239728,28.712216],[31.24377,28.714312],[31.24561,28.715289],[31.247403,28.716263],[31.247334,28.716401],[31.246646,28.71603],[31.243721,28.714514],[31.24321,28.715291],[31.243264,28.715476],[31.243326,28.715625],[31.243228,28.715759],[31.242266,28.715275],[31.242452,28.71511]]]},"properties":{"Name":"حاجز ترابي ح8","Shape_Length":0.021417284627764214,"Shape_Area":2.5574653636999994e-06}},{"type":"Feature","id":125,"geometry":{"type":"Polygon","coordinates":[[[31.62821,28.828957],[31.629137,28.828677],[31.629233,28.828866],[31.629063,28.829078],[31.629422,28.829923],[31.631019,28.829373],[31.63192,28.829088],[31.631949,28.829172],[31.629924,28.829856],[31.628953,28.830189],[31.627644,28.830694],[31.626688,28.831831],[31.624915,28.834102],[31.623753,28.835577],[31.623656,28.835518],[31.624039,28.835006],[31.625273,28.83339],[31.626529,28.831661],[31.627303,28.830737],[31.627469,28.830611],[31.627735,28.830495],[31.628911,28.830072],[31.628571,28.829225],[31.628253,28.829163],[31.62821,28.828957]]]},"properties":{"Name":"حاجز ترابي ح7","Shape_Length":0.02522641725845663,"Shape_Area":2.4392587639411727e-06}},{"type":"Feature","id":126,"geometry":{"type":"Polygon","coordinates":[[[31.610859,28.84473],[31.611292,28.84406],[31.611494,28.844142],[31.611523,28.844371],[31.612399,28.844816],[31.612896,28.84402],[31.613643,28.84282],[31.613859,28.842739],[31.614113,28.842616],[31.616137,28.84149],[31.616211,28.841508],[31.614529,28.84245],[31.613707,28.842897],[31.612568,28.844754],[31.611082,28.847066],[31.611641,28.84957],[31.612365,28.852532],[31.612344,28.852566],[31.61226,28.85255],[31.612129,28.852495],[31.612058,28.852425],[31.612073,28.852395],[31.612148,28.852449],[31.612246,28.852495],[31.612291,28.852501],[31.61225,28.852407],[31.612107,28.851861],[31.611788,28.850555],[31.611354,28.848727],[31.610984,28.847162],[31.610977,28.847069],[31.611057,28.846958],[31.611188,28.846739],[31.612135,28.845199],[31.611202,28.844764],[31.611044,28.844821],[31.610859,28.84473]]]},"properties":{"Name":"حاجز ترابي ح6","Shape_Length":0.030735368065732797,"Shape_Area":1.9515224092756306e-06}},{"type":"Feature","id":127,"geometry":{"type":"Polygon","coordinates":[[[31.229178,28.759738],[31.22932,28.759613],[31.229699,28.759617],[31.230292,28.759056],[31.228593,28.757624],[31.225297,28.754889],[31.22545,28.754821],[31.22642,28.755593],[31.227488,28.756423],[31.23045,28.758892],[31.231755,28.759974],[31.235156,28.762805],[31.235058,28.762987],[31.234219,28.762308],[31.233353,28.761584],[31.231049,28.759697],[31.230433,28.760227],[31.230398,28.760536],[31.230293,28.760684],[31.229178,28.759738]]]},"properties":{"Name":"حاجز ترابي ح5","Shape_Length":0.02878646673351648,"Shape_Area":4.033597991186177e-06}},{"type":"Feature","id":128,"geometry":{"type":"Polygon","coordinates":[[[31.591472,29.049993],[31.591745,29.051188],[31.591816,29.051517],[31.591756,29.051563],[31.591443,29.050329],[31.590445,29.050524],[31.590367,29.050658],[31.590316,29.05074],[31.590082,29.05078],[31.590046,29.050552],[31.590017,29.050476],[31.590005,29.050315],[31.589983,29.050179],[31.589904,29.049942],[31.590003,29.049912],[31.590165,29.049925],[31.590347,29.050064],[31.591337,29.049882],[31.591108,29.048921],[31.591224,29.048911],[31.591472,29.049993]]]},"properties":{"Name":"حاجز ترابي ح4","Shape_Length":0.008994139050589269,"Shape_Area":1.0416334717477485e-06}},{"type":"Feature","id":129,"geometry":{"type":"Polygon","coordinates":[[[31.644449,26.894069],[31.644289,26.89432],[31.643591,26.895369],[31.641799,26.898017],[31.641653,26.898248],[31.641624,26.89831],[31.641577,26.898409],[31.641483,26.898565],[31.64136,26.898743],[31.641247,26.898907],[31.641135,26.899048],[31.641012,26.899217],[31.639395,26.90159],[31.637243,26.904797],[31.636667,26.905661],[31.636571,26.905791],[31.636479,26.905887],[31.637276,26.906326],[31.637062,26.906282],[31.636994,26.906262],[31.6368,26.906182],[31.63668,26.906123],[31.636471,26.906032],[31.636346,26.90594],[31.636275,26.905902],[31.636187,26.905814],[31.636155,26.905728],[31.636108,26.905632],[31.636057,26.905521],[31.636038,26.905343],[31.640241,26.899139],[31.639782,26.898915],[31.640815,26.897349],[31.641275,26.897596],[31.64383,26.893811],[31.644084,26.893689],[31.64416,26.893751],[31.644348,26.893664],[31.644517,26.893779],[31.644449,26.894069]]]},"properties":{"Name":"حاجز حماية","Shape_Length":0.03295035000152885,"Shape_Area":1.0854700987530305e-05}},{"type":"Feature","id":130,"geometry":{"type":"Polygon","coordinates":[[[31.227276,27.323444],[31.227335,27.323468],[31.227372,27.323477],[31.227364,27.323576],[31.227196,27.323953],[31.226975,27.324469],[31.226901,27.324718],[31.226762,27.325226],[31.226452,27.326033],[31.226293,27.326371],[31.226037,27.327012],[31.225924,27.327314],[31.225832,27.327539],[31.225739,27.327726],[31.225596,27.327994],[31.22548,27.328247],[31.225376,27.32852],[31.225318,27.328581],[31.225241,27.328634],[31.225112,27.32867],[31.225103,27.328644],[31.225071,27.328632],[31.225105,27.328509],[31.225246,27.328162],[31.225531,27.327571],[31.225894,27.326606],[31.226467,27.3252],[31.226948,27.323989],[31.227191,27.323446],[31.227251,27.323445],[31.227276,27.323444]]]},"properties":{"Name":"حاجز","Shape_Length":0.011601416499213573,"Shape_Area":1.4322758594336479e-06}},{"type":"Feature","id":131,"geometry":{"type":"Polygon","coordinates":[[[31.223215,27.346066],[31.223327,27.345915],[31.223414,27.345854],[31.223877,27.346283],[31.224411,27.346755],[31.224349,27.346885],[31.224199,27.346996],[31.223215,27.346066]]]},"properties":{"Name":"حاجز حماية ج2-1","Shape_Length":0.0033223275763688835,"Shape_Area":4.1682184721551115e-07}},{"type":"Feature","id":132,"geometry":{"type":"Polygon","coordinates":[[[31.202762,27.349021],[31.202825,27.348933],[31.205053,27.34816],[31.207673,27.347234],[31.207747,27.347249],[31.207824,27.347332],[31.207852,27.347411],[31.207835,27.347474],[31.206777,27.347884],[31.203841,27.349014],[31.203076,27.349318],[31.202909,27.34936],[31.202822,27.349284],[31.202772,27.349213],[31.202742,27.349113],[31.202762,27.349021]]]},"properties":{"Name":"حاجز حماية ج2-2","Shape_Length":0.011258878185538551,"Shape_Area":1.920418450894913e-06}},{"type":"Feature","id":133,"geometry":{"type":"Polygon","coordinates":[[[31.354404,26.786917],[31.355022,26.787391],[31.355518,26.787774],[31.355882,26.788053],[31.356053,26.788142],[31.356441,26.788178],[31.356539,26.788154],[31.356681,26.788089],[31.356816,26.788041],[31.356978,26.787934],[31.357097,26.78782],[31.357244,26.787619],[31.357475,26.787269],[31.357848,26.786813],[31.358019,26.786606],[31.358215,26.786332],[31.358275,26.786277],[31.35727,26.78557],[31.356961,26.785354],[31.356711,26.785163],[31.356655,26.7852],[31.356632,26.785181],[31.356639,26.785146],[31.356757,26.785096],[31.356855,26.785133],[31.357809,26.785803],[31.35825,26.786128],[31.358355,26.786177],[31.358426,26.786166],[31.358471,26.786131],[31.358562,26.786036],[31.358692,26.78575],[31.358842,26.785482],[31.358974,26.78531],[31.359076,26.785156],[31.358266,26.784448],[31.358095,26.784315],[31.358058,26.784249],[31.358051,26.784173],[31.358105,26.784152],[31.358215,26.784152],[31.358807,26.78466],[31.359064,26.784878],[31.359195,26.784958],[31.359253,26.784956],[31.359261,26.7849],[31.359204,26.784849],[31.359242,26.784769],[31.359331,26.784582],[31.359453,26.784356],[31.359568,26.784209],[31.359659,26.784044],[31.359732,26.783874],[31.359798,26.783718],[31.359857,26.783637],[31.359959,26.783504],[31.359965,26.783442],[31.359916,26.783433],[31.359769,26.783375],[31.359553,26.783299],[31.359435,26.783253],[31.359377,26.78321],[31.359382,26.783183],[31.359379,26.783137],[31.35938,26.783094],[31.359425,26.783066],[31.359611,26.783096],[31.359723,26.783126],[31.359867,26.783189],[31.36004,26.783231],[31.360093,26.783141],[31.360112,26.783086],[31.360096,26.783013],[31.360099,26.782951],[31.360151,26.78296],[31.360176,26.783059],[31.360243,26.783035],[31.360319,26.782953],[31.360433,26.782708],[31.36046,26.782613],[31.360461,26.782574],[31.360328,26.782523],[31.360185,26.782478],[31.360055,26.78242],[31.359925,26.782384],[31.359882,26.78237],[31.359827,26.782324],[31.359733,26.782265],[31.359688,26.782252],[31.359639,26.782214],[31.359605,26.782145],[31.359607,26.782096],[31.359643,26.782025],[31.3597,26.781954],[31.359725,26.781905],[31.359755,26.781827],[31.359849,26.781768],[31.36005,26.781593],[31.360265,26.781684],[31.360589,26.781817],[31.360689,26.78188],[31.360739,26.781877],[31.360777,26.781859],[31.360812,26.781808],[31.360868,26.781572],[31.3609,26.781386],[31.360906,26.781306],[31.36084,26.781221],[31.360726,26.781111],[31.36075,26.781069],[31.360818,26.781113],[31.360889,26.781173],[31.360959,26.781219],[31.361096,26.780863],[31.361445,26.780014],[31.361513,26.779848],[31.361576,26.779733],[31.361628,26.779632],[31.361643,26.779541],[31.361643,26.779458],[31.361606,26.779417],[31.36152,26.779353],[31.361454,26.779327],[31.361435,26.779251],[31.361425,26.779172],[31.361491,26.779143],[31.361606,26.779059],[31.361709,26.779093],[31.361805,26.779125],[31.361913,26.779178],[31.361984,26.779212],[31.362028,26.77916],[31.362083,26.779195],[31.362069,26.77929],[31.36205,26.779378],[31.362021,26.779439],[31.361999,26.779473],[31.361973,26.779492],[31.361845,26.779589],[31.361773,26.779639],[31.361674,26.779737],[31.361617,26.779779],[31.361574,26.779836],[31.361372,26.780308],[31.361266,26.780567],[31.361056,26.78116],[31.361008,26.781286],[31.360996,26.781397],[31.361011,26.781738],[31.361023,26.78201],[31.36096,26.782255],[31.360874,26.782409],[31.360761,26.782531],[31.360654,26.782662],[31.36059,26.78281],[31.36051,26.782954],[31.360408,26.783067],[31.360309,26.783242],[31.360271,26.783431],[31.360239,26.783721],[31.360144,26.783799],[31.360089,26.783849],[31.359996,26.783941],[31.359907,26.784025],[31.359787,26.784152],[31.359691,26.784323],[31.359597,26.784456],[31.359499,26.784642],[31.359415,26.784889],[31.359368,26.785121],[31.359326,26.785296],[31.359264,26.785489],[31.359063,26.785755],[31.358833,26.786025],[31.35853,26.78633],[31.358352,26.786556],[31.358086,26.78686],[31.35773,26.787373],[31.357618,26.787575],[31.35752,26.787652],[31.35742,26.787747],[31.357317,26.787848],[31.357169,26.788006],[31.357102,26.788059],[31.356998,26.788128],[31.356892,26.788194],[31.356762,26.788262],[31.356595,26.788313],[31.356475,26.788356],[31.356345,26.788362],[31.356195,26.788342],[31.35606,26.788319],[31.355967,26.788289],[31.355887,26.788247],[31.355593,26.787966],[31.354901,26.787434],[31.354227,26.786893],[31.354285,26.786836],[31.354404,26.786917]]]},"properties":{"Name":"حاجز","Shape_Length":0.03862062218674734,"Shape_Area":3.97338623235574e-06}},{"type":"Feature","id":134,"geometry":{"type":"Polygon","coordinates":[[[31.649073,26.457493],[31.649234,26.45767],[31.649811,26.458299],[31.64979,26.45833],[31.649749,26.458325],[31.649672,26.458244],[31.64941,26.457956],[31.649349,26.457954],[31.649237,26.457941],[31.649131,26.457941],[31.648908,26.457701],[31.649023,26.45763],[31.649081,26.457574],[31.649051,26.457498],[31.649073,26.457493]]]},"properties":{"Name":"حاجز إعاقة","Shape_Length":0.0026006152898228494,"Shape_Area":1.48529559360534e-07}},{"type":"Feature","id":135,"geometry":{"type":"Polygon","coordinates":[[[30.900013,27.81167],[30.90013,27.811634],[30.900278,27.811629],[30.900341,27.811579],[30.900387,27.811587],[30.900483,27.811704],[30.900507,27.811736],[30.900529,27.811781],[30.900462,27.811867],[30.900216,27.812387],[30.900114,27.812572],[30.90003,27.812704],[30.900005,27.812749],[30.899956,27.812821],[30.899793,27.813061],[30.899673,27.813329],[30.89955,27.813534],[30.8994,27.813565],[30.899267,27.813565],[30.899156,27.813557],[30.899123,27.813546],[30.899477,27.812861],[30.899632,27.812392],[30.89984,27.812012],[30.900013,27.81167]]]},"properties":{"Name":"حاجز ترابي","Shape_Length":0.005166498129668518,"Shape_Area":9.645900296818372e-07}},{"type":"Feature","id":136,"geometry":{"type":"Polygon","coordinates":[[[31.364108,29.224159],[31.364235,29.223996],[31.364454,29.223996],[31.365101,29.223252],[31.364838,29.223093],[31.364893,29.222985],[31.365331,29.223261],[31.366404,29.223977],[31.366336,29.224098],[31.365935,29.223836],[31.365308,29.224573],[31.365342,29.224727],[31.365206,29.224978],[31.36444,29.224452],[31.364215,29.224274],[31.364108,29.224159]]]},"properties":{"Name":"سد م1 بوادي دجلة","Shape_Length":0.007047670262004845,"Shape_Area":1.725960682826379e-06}},{"type":"Feature","id":137,"geometry":{"type":"Polygon","coordinates":[[[32.817181,25.794226],[32.817057,25.792209],[32.817154,25.79219],[32.817286,25.79423],[32.817181,25.794226]]]},"properties":{"Name":"حاجز","Shape_Length":0.00426984444098282,"Shape_Area":2.0738643389917077e-07}},{"type":"Feature","id":138,"geometry":{"type":"Polygon","coordinates":[[[31.370717,29.454886],[31.370775,29.454866],[31.371168,29.455454],[31.3713,29.455459],[31.371965,29.456467],[31.373944,29.459548],[31.376129,29.462799],[31.376493,29.463296],[31.376362,29.463443],[31.375349,29.461856],[31.374508,29.462344],[31.374411,29.462642],[31.374251,29.462713],[31.373475,29.461574],[31.373625,29.461476],[31.373973,29.461537],[31.374846,29.46108],[31.372465,29.457434],[31.371546,29.457952],[31.371445,29.458246],[31.371264,29.458358],[31.370318,29.45691],[31.370491,29.456774],[31.370811,29.456844],[31.371689,29.456401],[31.370717,29.454886]]]},"properties":{"Name":"سد","Shape_Length":0.027732042406515053,"Shape_Area":4.752803830560939e-06}},{"type":"Feature","id":139,"geometry":{"type":"Polygon","coordinates":[[[32.250191,26.108627],[32.251434,26.108055],[32.251551,26.108279],[32.25026,26.108768],[32.250191,26.108627]]]},"properties":{"Name":"حاجز","Shape_Length":0.0031580966572148537,"Shape_Area":2.803461480669844e-07}},{"type":"Feature","id":140,"geometry":{"type":"Polygon","coordinates":[[[31.012075,28.855202],[31.011962,28.855332],[31.011034,28.854514],[31.010892,28.854632],[31.01087,28.854917],[31.010745,28.855048],[31.010024,28.854373],[31.010177,28.854238],[31.010532,28.854308],[31.010664,28.8542],[31.008904,28.852468],[31.009127,28.852404],[31.012075,28.855202]]]},"properties":{"Name":"حاجز","Shape_Length":0.010549782946124808,"Shape_Area":1.3134212995361279e-06}},{"type":"Feature","id":141,"geometry":{"type":"Polygon","coordinates":[[[30.95874,28.869322],[30.958537,28.870608],[30.958557,28.870734],[30.959467,28.87209],[30.959476,28.872133],[30.959484,28.872163],[30.95948,28.872236],[30.959419,28.872311],[30.959002,28.871698],[30.958832,28.871772],[30.958772,28.872103],[30.958584,28.872228],[30.958049,28.871371],[30.958267,28.871261],[30.958551,28.871381],[30.958718,28.871305],[30.958406,28.870838],[30.958391,28.870774],[30.958386,28.870673],[30.958618,28.869312],[30.95874,28.869322]]]},"properties":{"Name":"حاجز","Shape_Length":0.008774472272580727,"Shape_Area":9.706427679637171e-07}},{"type":"Feature","id":142,"geometry":{"type":"Polygon","coordinates":[[[30.865639,28.39826],[30.865606,28.3983],[30.865946,28.398617],[30.865584,28.398854],[30.864078,28.397586],[30.864408,28.397246],[30.865639,28.39826]]]},"properties":{"Name":"حاجز","Shape_Length":0.00498709016287729,"Shape_Area":9.470071989571735e-07}},{"type":"Feature","id":143,"geometry":{"type":"Polygon","coordinates":[[[31.271425,29.24198],[31.271526,29.241944],[31.274688,29.245668],[31.274907,29.246071],[31.27482,29.246119],[31.273207,29.244096],[31.272988,29.24419],[31.272884,29.244527],[31.272684,29.244643],[31.271934,29.243748],[31.272173,29.243645],[31.272534,29.243664],[31.272699,29.243542],[31.271425,29.24198]]]},"properties":{"Name":"حاجز","Shape_Length":0.012970988670485194,"Shape_Area":1.3941132341204837e-06}},{"type":"Feature","id":144,"geometry":{"type":"Polygon","coordinates":[[[31.275419,29.209505],[31.275561,29.209415],[31.276599,29.210683],[31.276467,29.210795],[31.276347,29.210757],[31.276262,29.210868],[31.276115,29.210963],[31.275221,29.209883],[31.27538,29.209775],[31.275552,29.209701],[31.275419,29.209505]]]},"properties":{"Name":"حاجز","Shape_Length":0.004436445244463579,"Shape_Area":8.1714532472455e-07}},{"type":"Feature","id":145,"geometry":{"type":"Polygon","coordinates":[[[33.186454,25.16469],[33.186884,25.164429],[33.18731,25.16412],[33.188008,25.163616],[33.188928,25.163008],[33.189675,25.162532],[33.190579,25.161901],[33.190292,25.161589],[33.189959,25.161544],[33.189867,25.16135],[33.19108,25.160526],[33.191193,25.16072],[33.191135,25.160998],[33.191409,25.161355],[33.191972,25.160938],[33.192877,25.160305],[33.193569,25.159877],[33.194446,25.15923],[33.195082,25.158821],[33.195763,25.158325],[33.195791,25.15836],[33.195477,25.158604],[33.195119,25.158851],[33.194793,25.159059],[33.194605,25.159193],[33.194167,25.159539],[33.193661,25.159956],[33.193074,25.160306],[33.192458,25.160731],[33.191888,25.161153],[33.191233,25.161633],[33.190596,25.162026],[33.188842,25.163207],[33.187753,25.163942],[33.187257,25.164259],[33.186989,25.164486],[33.186817,25.164594],[33.186535,25.164766],[33.186454,25.16469]]]},"properties":{"Name":"جسر حماية وادي عبادي_x000D_","Shape_Length":0.02511037336610078,"Shape_Area":2.1701934453176363e-06}},{"type":"Feature","id":146,"geometry":{"type":"Polygon","coordinates":[[[33.112753,25.088886],[33.113931,25.088292],[33.113706,25.087917],[33.113362,25.087701],[33.114685,25.087093],[33.114618,25.087498],[33.114851,25.087852],[33.116083,25.087245],[33.11746,25.086597],[33.117469,25.086693],[33.117422,25.086776],[33.117335,25.086852],[33.115725,25.087635],[33.112893,25.089023],[33.112753,25.088886]]]},"properties":{"Name":"جسر حماية وادي عبادي","Shape_Length":0.012797321127599256,"Shape_Area":1.8283576766692013e-06}},{"type":"Feature","id":147,"geometry":{"type":"Polygon","coordinates":[[[33.252148,25.211319],[33.253874,25.209717],[33.253133,25.209053],[33.252921,25.209053],[33.252671,25.208934],[33.253763,25.207957],[33.253876,25.208135],[33.253957,25.208424],[33.254598,25.209089],[33.255495,25.208243],[33.256486,25.207341],[33.256617,25.207488],[33.256276,25.207843],[33.254381,25.209614],[33.252311,25.211441],[33.252148,25.211319]]]},"properties":{"Name":"جسر حماية وادي عبادي","Shape_Length":0.015559867193247931,"Shape_Area":2.888929451081826e-06}},{"type":"Feature","id":148,"geometry":{"type":"Polygon","coordinates":[[[31.644051,26.740581],[31.644286,26.740707],[31.644502,26.740917],[31.644581,26.741084],[31.644662,26.741545],[31.644789,26.742037],[31.645087,26.7431],[31.645141,26.743325],[31.64509,26.743486],[31.645054,26.743555],[31.644968,26.74365],[31.644914,26.743718],[31.644767,26.743739],[31.64463,26.743714],[31.644539,26.743621],[31.644413,26.74334],[31.644336,26.742948],[31.644192,26.742579],[31.644189,26.742421],[31.643995,26.741639],[31.643869,26.741302],[31.643823,26.741081],[31.643805,26.740923],[31.643796,26.740792],[31.644051,26.740581]]]},"properties":{"Name":"جسر حماية","Shape_Length":0.007218079709628271,"Shape_Area":2.0932144471528955e-06}},{"type":"Feature","id":149,"geometry":{"type":"Polygon","coordinates":[[[31.090078,27.564214],[31.089847,27.564091],[31.089733,27.564054],[31.089654,27.563697],[31.089403,27.563468],[31.089441,27.563359],[31.089366,27.562775],[31.089158,27.56179],[31.089011,27.561819],[31.088761,27.560755],[31.088847,27.560587],[31.08904,27.560258],[31.089258,27.560033],[31.089376,27.560004],[31.089465,27.560065],[31.0896,27.560346],[31.089714,27.560722],[31.090065,27.562623],[31.090234,27.563753],[31.090215,27.564153],[31.090078,27.564214]]]},"properties":{"Name":"جسر الحماية ج1","Shape_Length":0.009482719941295355,"Shape_Area":3.0476413103087096e-06}},{"type":"Feature","id":150,"geometry":{"type":"Polygon","coordinates":[[[31.094857,27.53262],[31.094282,27.533282],[31.094209,27.533248],[31.094391,27.532971],[31.093875,27.532644],[31.093245,27.532229],[31.092634,27.531734],[31.092537,27.531676],[31.092479,27.531613],[31.092469,27.531428],[31.092348,27.529383],[31.092115,27.526593],[31.092137,27.526341],[31.092083,27.52469],[31.091968,27.522368],[31.092302,27.522294],[31.092394,27.523916],[31.092586,27.525931],[31.092812,27.528659],[31.092932,27.5304],[31.092998,27.531431],[31.093929,27.532171],[31.094488,27.532609],[31.094615,27.532761],[31.094728,27.532664],[31.094815,27.532583],[31.094857,27.53262]]]},"properties":{"Name":"جسر الحماية ج2","Shape_Length":0.024830961124458057,"Shape_Area":5.289648528334607e-06}},{"type":"Feature","id":151,"geometry":{"type":"Polygon","coordinates":[[[30.974567,27.519366],[30.974361,27.519313],[30.973523,27.519236],[30.973184,27.519172],[30.973137,27.519087],[30.972882,27.518994],[30.972448,27.519065],[30.972348,27.518907],[30.972281,27.518711],[30.972302,27.518374],[30.972426,27.517472],[30.972719,27.515187],[30.973055,27.51315],[30.973305,27.512704],[30.973535,27.512716],[30.973643,27.513268],[30.973416,27.51487],[30.973047,27.517445],[30.972891,27.518332],[30.972712,27.51873],[30.973395,27.518815],[30.973973,27.518925],[30.974625,27.5191],[30.974567,27.519366]]]},"properties":{"Name":"جسر الحماية ج3","Shape_Length":0.017301664484505028,"Shape_Area":4.357778247915976e-06}},{"type":"Feature","id":152,"geometry":{"type":"Polygon","coordinates":[[[30.904891,27.58991],[30.906497,27.589331],[30.908979,27.588358],[30.910766,27.587765],[30.912216,27.587196],[30.912417,27.58748],[30.912685,27.588028],[30.91257,27.588078],[30.912297,27.587605],[30.910631,27.588242],[30.909508,27.588757],[30.907452,27.589557],[30.905139,27.590482],[30.904891,27.58991]]]},"properties":{"Name":"جسر الحماية ج4","Shape_Length":0.017781651018812895,"Shape_Area":4.130978848361571e-06}},{"type":"Feature","id":153,"geometry":{"type":"Polygon","coordinates":[[[30.880605,27.960045],[30.880508,27.960055],[30.880424,27.960019],[30.880242,27.95983],[30.879997,27.959551],[30.879964,27.959404],[30.880077,27.959372],[30.880199,27.959481],[30.880612,27.959961],[30.880605,27.960045]]]},"properties":{"Name":"جسر حماية","Shape_Length":0.001971610216273553,"Shape_Area":1.5549287880720862e-07}},{"type":"Feature","id":154,"geometry":{"type":"Polygon","coordinates":[[[31.338751,27.121635],[31.343368,27.120196],[31.345117,27.119636],[31.345388,27.119655],[31.345625,27.119768],[31.345701,27.119881],[31.34568,27.119932],[31.34554,27.119853],[31.343631,27.120475],[31.340485,27.121488],[31.339132,27.121933],[31.338751,27.121635]]]},"properties":{"Name":"جسر ترابي","Shape_Length":0.01477956513894587,"Shape_Area":2.4763199900927673e-06}},{"type":"Feature","id":155,"geometry":{"type":"Polygon","coordinates":[[[32.876505,25.840828],[32.876598,25.840802],[32.877215,25.842027],[32.878044,25.843665],[32.877947,25.843679],[32.87753,25.842801],[32.877271,25.842889],[32.877245,25.843149],[32.876972,25.843216],[32.876641,25.842402],[32.876801,25.842357],[32.877039,25.842493],[32.877293,25.842385],[32.876505,25.840828]]]},"properties":{"Name":"حاجز ترابي","Shape_Length":0.008531228099301449,"Shape_Area":7.016569250415092e-07}},{"type":"Feature","id":156,"geometry":{"type":"Polygon","coordinates":[[[33.721365,25.193536],[33.721138,25.193449],[33.720792,25.193499],[33.720606,25.193395],[33.720809,25.193013],[33.721031,25.192648],[33.721085,25.192603],[33.721329,25.192687],[33.721413,25.193026],[33.721601,25.193124],[33.722264,25.192],[33.722516,25.191584],[33.722685,25.191628],[33.722,25.192784],[33.720328,25.195557],[33.720048,25.195675],[33.71981,25.195725],[33.720097,25.195508],[33.721015,25.194033],[33.721365,25.193536]]]},"properties":{"Name":"حاجز ترابي","Shape_Length":0.012352195488646215,"Shape_Area":1.428485049243692e-06}},{"type":"Feature","id":157,"geometry":{"type":"Polygon","coordinates":[[[33.606727,25.013667],[33.606709,25.013836],[33.606431,25.013757],[33.606411,25.013836],[33.606392,25.014073],[33.606309,25.014257],[33.605868,25.014045],[33.605975,25.013851],[33.606157,25.013717],[33.606174,25.013656],[33.605943,25.013548],[33.606176,25.013422],[33.606727,25.013667]]]},"properties":{"Name":"حاجز ترابي 2","Shape_Length":0.0031025854236405265,"Shape_Area":3.432480097413905e-07}},{"type":"Feature","id":158,"geometry":{"type":"Polygon","coordinates":[[[33.328144,25.009736],[33.328098,25.009648],[33.327759,25.009567],[33.327696,25.009427],[33.328277,25.009228],[33.328697,25.009133],[33.328711,25.009188],[33.328754,25.009275],[33.328725,25.009321],[33.328577,25.009489],[33.328593,25.0096],[33.32891,25.009504],[33.329385,25.009335],[33.329724,25.009203],[33.329743,25.009226],[33.329617,25.009356],[33.329555,25.009406],[33.328249,25.009811],[33.327821,25.00995],[33.327135,25.010141],[33.327049,25.010059],[33.328055,25.009763],[33.328144,25.009736]]]},"properties":{"Name":"حاجز ترابي 2","Shape_Length":0.007471214591750781,"Shape_Area":6.410170591533779e-07}},{"type":"Feature","id":159,"geometry":{"type":"Polygon","coordinates":[[[33.271617,25.028656],[33.271475,25.028862],[33.271508,25.02894],[33.271812,25.028832],[33.27217,25.028709],[33.272365,25.028645],[33.272401,25.028725],[33.272277,25.028777],[33.272193,25.028803],[33.271985,25.028864],[33.271804,25.028927],[33.271586,25.028996],[33.271175,25.029159],[33.270933,25.029269],[33.270626,25.029393],[33.270329,25.029497],[33.270208,25.029537],[33.270015,25.02961],[33.26991,25.029625],[33.269661,25.029692],[33.269615,25.029643],[33.269791,25.029568],[33.270031,25.02949],[33.270502,25.029339],[33.271019,25.02913],[33.270996,25.029051],[33.270805,25.028997],[33.270724,25.029006],[33.270646,25.028803],[33.271556,25.028473],[33.271617,25.028656]]]},"properties":{"Name":"حاجز ترابي 2","Shape_Length":0.007543798896880239,"Shape_Area":6.057044285858685e-07}},{"type":"Feature","id":160,"geometry":{"type":"Polygon","coordinates":[[[33.237668,25.020142],[33.237757,25.020117],[33.23784,25.020106],[33.237897,25.020102],[33.237974,25.020123],[33.238123,25.020176],[33.238371,25.02027],[33.239465,25.020647],[33.23983,25.020768],[33.240398,25.020977],[33.240762,25.021111],[33.242304,25.021625],[33.242676,25.021744],[33.242856,25.021784],[33.243133,25.021882],[33.243529,25.022035],[33.24393,25.022184],[33.244065,25.022246],[33.244333,25.022353],[33.24472,25.022474],[33.245053,25.022575],[33.245411,25.02271],[33.245653,25.0228],[33.245728,25.022797],[33.245877,25.02278],[33.246041,25.022741],[33.246113,25.022738],[33.246201,25.02273],[33.246376,25.022743],[33.246496,25.022746],[33.246564,25.022736],[33.246669,25.022729],[33.246775,25.022729],[33.246847,25.02272],[33.246956,25.022695],[33.247064,25.02265],[33.247206,25.022576],[33.247411,25.022449],[33.247458,25.022413],[33.24747,25.022356],[33.247502,25.022216],[33.247534,25.02201],[33.247679,25.021149],[33.247955,25.01934],[33.248076,25.018617],[33.248162,25.018181],[33.248207,25.018165],[33.248195,25.018263],[33.248147,25.018517],[33.248103,25.018837],[33.247999,25.019426],[33.247941,25.019849],[33.247754,25.020953],[33.247567,25.022186],[33.247551,25.022295],[33.247524,25.022364],[33.247498,25.022418],[33.247453,25.022486],[33.247345,25.022562],[33.247118,25.02271],[33.247015,25.022746],[33.246903,25.022773],[33.246739,25.02279],[33.246373,25.022819],[33.246151,25.022834],[33.245983,25.022846],[33.245861,25.022871],[33.245702,25.022885],[33.245621,25.022881],[33.245369,25.022778],[33.244772,25.022567],[33.244281,25.022428],[33.243757,25.02223],[33.243184,25.022016],[33.242628,25.021832],[33.241899,25.02159],[33.24139,25.02143],[33.240913,25.021288],[33.240715,25.021774],[33.24089,25.021949],[33.240805,25.022121],[33.239879,25.021784],[33.239958,25.021616],[33.240233,25.021592],[33.240426,25.021118],[33.237668,25.020142]]]},"properties":{"Name":"حاجز ترابي 3","Shape_Length":0.03181249246697647,"Shape_Area":1.8024227130514757e-06}},{"type":"Feature","id":161,"geometry":{"type":"Polygon","coordinates":[[[33.071213,25.000391],[33.071282,25.000365],[33.071378,25.000472],[33.07141,25.000581],[33.071436,25.000642],[33.071461,25.000731],[33.071479,25.000821],[33.071508,25.000891],[33.071536,25.001003],[33.071563,25.001097],[33.071596,25.001208],[33.0718,25.002022],[33.072116,25.003268],[33.072629,25.005255],[33.072917,25.006335],[33.072953,25.006551],[33.07296,25.007069],[33.072918,25.007105],[33.072733,25.006331],[33.072383,25.004938],[33.072011,25.003557],[33.071914,25.00305],[33.071785,25.003067],[33.071663,25.003286],[33.071421,25.003307],[33.071236,25.002409],[33.071464,25.002392],[33.071675,25.002624],[33.071802,25.002613],[33.071524,25.001605],[33.071213,25.000391]]]},"properties":{"Name":"حاجز ترابي رقم 3","Shape_Length":0.01576096255604633,"Shape_Area":1.462014310587431e-06}},{"type":"Feature","id":162,"geometry":{"type":"Polygon","coordinates":[[[33.021099,24.994751],[33.021182,24.994752],[33.021314,24.994845],[33.021605,24.995058],[33.021873,24.995259],[33.022568,24.995702],[33.024254,24.996939],[33.02601,24.998235],[33.026701,24.998753],[33.02663,24.998804],[33.025834,24.998233],[33.02474,24.997432],[33.024123,24.996962],[33.02406,24.99703],[33.024172,24.997214],[33.024045,24.997414],[33.023255,24.996858],[33.023394,24.996682],[33.023673,24.996749],[33.023732,24.996679],[33.021099,24.994751]]]},"properties":{"Name":"حاجز ترابي رقم 4","Shape_Length":0.015477115610460807,"Shape_Area":9.502729894751981e-07}},{"type":"Feature","id":163,"geometry":{"type":"Polygon","coordinates":[[[33.193716,25.076246],[33.19308,25.076104],[33.192338,25.07594],[33.191733,25.075795],[33.191037,25.07563],[33.190555,25.075524],[33.190407,25.075559],[33.189506,25.075835],[33.188991,25.076027],[33.188396,25.076227],[33.187873,25.076365],[33.187199,25.07656],[33.187016,25.076636],[33.186956,25.076688],[33.18669,25.077161],[33.18646,25.077455],[33.185845,25.078476],[33.185257,25.079455],[33.184814,25.080204],[33.184737,25.080204],[33.185508,25.078903],[33.186781,25.076774],[33.186906,25.076572],[33.186973,25.076532],[33.187096,25.076488],[33.187908,25.076257],[33.188425,25.076118],[33.188592,25.076073],[33.18848,25.075861],[33.188208,25.075763],[33.188149,25.07555],[33.189067,25.075255],[33.189159,25.075476],[33.188948,25.075681],[33.189055,25.075924],[33.189204,25.075851],[33.189504,25.075753],[33.189959,25.075626],[33.190364,25.075481],[33.19053,25.075439],[33.190624,25.075446],[33.191848,25.075756],[33.192802,25.075992],[33.193244,25.07609],[33.193723,25.0762],[33.193716,25.076246]]]},"properties":{"Name":"حاجز ترابي رقم 2","Shape_Length":0.024623094811474833,"Shape_Area":1.3252761717890731e-06}},{"type":"Feature","id":164,"geometry":{"type":"Polygon","coordinates":[[[33.665354,25.033395],[33.666407,25.033089],[33.667075,25.032913],[33.667254,25.032858],[33.667433,25.032795],[33.667693,25.032722],[33.668068,25.032615],[33.668115,25.032695],[33.666846,25.033105],[33.66689,25.03318],[33.667098,25.03324],[33.6672,25.033237],[33.667259,25.033434],[33.666292,25.033686],[33.666242,25.033516],[33.666391,25.033365],[33.666399,25.033231],[33.665932,25.033366],[33.665356,25.033561],[33.665354,25.033395]]]},"properties":{"Name":"حاجز ترابي 1","Shape_Length":0.00764624794822571,"Shape_Area":6.892715177328963e-07}},{"type":"Feature","id":165,"geometry":{"type":"Polygon","coordinates":[[[33.319229,24.99013],[33.319593,24.990341],[33.32,24.990612],[33.320392,24.990849],[33.320611,24.991006],[33.320808,24.991098],[33.320953,24.991186],[33.321145,24.991289],[33.321442,24.99146],[33.321636,24.991588],[33.321828,24.991718],[33.322007,24.991828],[33.322253,24.991967],[33.322508,24.992107],[33.322681,24.992215],[33.322911,24.99237],[33.323202,24.992543],[33.323775,24.992883],[33.323729,24.992992],[33.323236,24.992705],[33.322228,24.992085],[33.321949,24.992473],[33.322062,24.992667],[33.321945,24.992839],[33.321112,24.99235],[33.321245,24.992188],[33.321518,24.992207],[33.321791,24.991837],[33.320558,24.991116],[33.319178,24.990226],[33.319229,24.99013]]]},"properties":{"Name":"حاجز ترابي 1","Shape_Length":0.013189728583465163,"Shape_Area":1.1910547548585108e-06}},{"type":"Feature","id":166,"geometry":{"type":"Polygon","coordinates":[[[32.839456,25.709686],[32.849331,25.716566],[32.849259,25.716682],[32.844611,25.713513],[32.844543,25.713534],[32.844559,25.71361],[32.844467,25.713717],[32.843606,25.713204],[32.843713,25.712976],[32.839392,25.709778],[32.839456,25.709686]]]},"properties":{"Name":"حاجز ترابي ح2 بوادي بنات بري","Shape_Length":0.024831295879130293,"Shape_Area":2.4346496379834246e-06}},{"type":"Feature","id":167,"geometry":{"type":"Polygon","coordinates":[[[32.879148,25.460013],[32.878836,25.46018],[32.878756,25.46023],[32.878717,25.460301],[32.878704,25.460348],[32.878707,25.460417],[32.878723,25.460467],[32.878762,25.460506],[32.879145,25.460859],[32.879269,25.460954],[32.879592,25.461259],[32.879982,25.461613],[32.880287,25.461906],[32.880629,25.462183],[32.88062,25.462212],[32.880558,25.462235],[32.880454,25.46225],[32.88041,25.462244],[32.880283,25.462116],[32.880147,25.461968],[32.879806,25.461673],[32.879513,25.461416],[32.879476,25.461641],[32.87934,25.461747],[32.878979,25.4614],[32.878747,25.46115],[32.878891,25.461013],[32.878968,25.460988],[32.879154,25.461045],[32.878652,25.46054],[32.878567,25.46054],[32.878516,25.460529],[32.87835,25.460415],[32.878267,25.460378],[32.878197,25.460292],[32.878169,25.460222],[32.877997,25.460232],[32.877927,25.460234],[32.87789,25.460207],[32.877963,25.460173],[32.878056,25.460147],[32.878236,25.460103],[32.878443,25.460056],[32.878577,25.460032],[32.878621,25.460013],[32.878738,25.459967],[32.878824,25.459959],[32.879098,25.459909],[32.879148,25.460013]]]},"properties":{"Name":"حاجز ترابي ح1 بوادي المدامود","Shape_Length":0.009429260358170743,"Shape_Area":9.798226865668504e-07}},{"type":"Feature","id":168,"geometry":{"type":"Polygon","coordinates":[[[31.980753,25.898332],[31.980632,25.898626],[31.98052,25.898881],[31.980386,25.899232],[31.98024,25.899618],[31.98013,25.899872],[31.980095,25.89995],[31.98001,25.899994],[31.979938,25.900025],[31.979832,25.900052],[31.978089,25.900526],[31.977657,25.900654],[31.977709,25.900729],[31.977922,25.900843],[31.97795,25.90099],[31.977939,25.901022],[31.977675,25.901091],[31.97741,25.901188],[31.977221,25.901228],[31.976997,25.901291],[31.976796,25.901339],[31.976599,25.901431],[31.97645,25.901467],[31.976212,25.9015],[31.976171,25.901285],[31.97624,25.901133],[31.976203,25.901054],[31.974966,25.901386],[31.973409,25.901797],[31.972458,25.902052],[31.971883,25.90222],[31.971766,25.902253],[31.97168,25.902266],[31.971615,25.902261],[31.971556,25.902238],[31.971455,25.90218],[31.970811,25.901725],[31.970048,25.901168],[31.969727,25.900951],[31.969319,25.900658],[31.969135,25.900539],[31.969056,25.900478],[31.969067,25.900464],[31.969596,25.900836],[31.970836,25.901697],[31.97144,25.902112],[31.971558,25.902198],[31.971656,25.902231],[31.971704,25.902226],[31.971795,25.902202],[31.9729,25.901886],[31.975007,25.901275],[31.977317,25.900619],[31.979724,25.900035],[31.979958,25.899983],[31.980025,25.899933],[31.980074,25.899873],[31.980256,25.899404],[31.980728,25.898326],[31.980753,25.898332]]]},"properties":{"Name":"حاجز ترابي رقم 2","Shape_Length":0.028570994364168104,"Shape_Area":1.612274991401373e-06}},{"type":"Feature","id":169,"geometry":{"type":"Polygon","coordinates":[[[31.931485,25.952963],[31.931571,25.95281],[31.931641,25.952812],[31.931721,25.952825],[31.931785,25.952842],[31.931872,25.952904],[31.932009,25.953003],[31.932704,25.953497],[31.933169,25.953806],[31.933733,25.954126],[31.933928,25.954221],[31.934064,25.954294],[31.934214,25.9544],[31.934351,25.95451],[31.934471,25.954622],[31.934716,25.954725],[31.934871,25.954707],[31.935034,25.954738],[31.935252,25.954874],[31.935492,25.955066],[31.935699,25.955237],[31.935765,25.955385],[31.935904,25.955513],[31.936035,25.955595],[31.936163,25.95572],[31.936292,25.955801],[31.936416,25.955847],[31.93655,25.956069],[31.936583,25.956184],[31.936537,25.956361],[31.936484,25.95663],[31.936428,25.956783],[31.936416,25.957021],[31.936349,25.957217],[31.936228,25.957379],[31.935807,25.958095],[31.934887,25.959672],[31.934093,25.961047],[31.933908,25.961404],[31.933714,25.961647],[31.933591,25.961767],[31.933457,25.961836],[31.933209,25.961906],[31.933011,25.961968],[31.932832,25.962011],[31.932625,25.961987],[31.932304,25.961932],[31.93179,25.961793],[31.931076,25.961605],[31.930592,25.961489],[31.929673,25.961275],[31.929065,25.961138],[31.928703,25.961041],[31.928491,25.961014],[31.928302,25.96102],[31.928133,25.961018],[31.927986,25.961191],[31.92723,25.962021],[31.92698,25.961164],[31.926855,25.960708],[31.92685,25.960653],[31.926868,25.960607],[31.926901,25.960557],[31.926946,25.960507],[31.926992,25.960472],[31.927036,25.960457],[31.927106,25.960447],[31.92721,25.960467],[31.927787,25.960585],[31.928763,25.960784],[31.929658,25.960986],[31.932134,25.961513],[31.932571,25.961594],[31.932708,25.961608],[31.932858,25.961599],[31.932995,25.961589],[31.933104,25.961566],[31.933214,25.961511],[31.933306,25.961408],[31.933383,25.961306],[31.933497,25.961168],[31.933611,25.961029],[31.933734,25.960827],[31.93399,25.960402],[31.934363,25.959777],[31.934741,25.959064],[31.934995,25.958624],[31.935518,25.957696],[31.935701,25.957392],[31.935866,25.957061],[31.936017,25.956687],[31.936083,25.956445],[31.936078,25.956336],[31.936031,25.956178],[31.935957,25.956051],[31.935834,25.955945],[31.935219,25.95553],[31.934303,25.95491],[31.933242,25.954168],[31.931964,25.9533],[31.931644,25.95308],[31.931485,25.952963]]]},"properties":{"Name":"حاجز ترابي رقم 1","Shape_Length":0.039472030822846095,"Shape_Area":7.794175673974442e-06}},{"type":"Feature","id":170,"geometry":{"type":"Polygon","coordinates":[[[32.276741,25.82232],[32.276805,25.821848],[32.276834,25.821846],[32.276834,25.821965],[32.277275,25.822013],[32.278906,25.822119],[32.280415,25.822244],[32.282058,25.822337],[32.282212,25.822427],[32.28205,25.822437],[32.281253,25.822385],[32.279574,25.822302],[32.279037,25.822253],[32.279031,25.822362],[32.27908,25.822356],[32.279148,25.822379],[32.279265,25.822437],[32.279303,25.822467],[32.279348,25.822467],[32.27936,25.822483],[32.279301,25.822511],[32.279242,25.822528],[32.279214,25.822618],[32.279162,25.822651],[32.279072,25.822689],[32.278385,25.822642],[32.278221,25.822531],[32.278266,25.822399],[32.278496,25.822309],[32.278521,25.822203],[32.278043,25.822168],[32.27709,25.8221],[32.276797,25.822086],[32.276769,25.822318],[32.276741,25.82232]]]},"properties":{"Name":"حاجز ترابي 2","Shape_Length":0.01344418435325375,"Shape_Area":9.4940319082016e-07}},{"type":"Feature","id":171,"geometry":{"type":"Polygon","coordinates":[[[32.788731,25.629477],[32.788666,25.629466],[32.788425,25.629439],[32.787783,25.629351],[32.785394,25.629066],[32.782293,25.628674],[32.780215,25.628402],[32.779011,25.62825],[32.779026,25.628361],[32.779238,25.628528],[32.779216,25.628652],[32.77926,25.628672],[32.779268,25.628698],[32.779244,25.628706],[32.779206,25.628698],[32.779163,25.628727],[32.779058,25.628686],[32.778902,25.628652],[32.778911,25.628616],[32.77887,25.628613],[32.778864,25.628644],[32.778705,25.628621],[32.778701,25.628591],[32.778673,25.628591],[32.778666,25.628616],[32.778623,25.628621],[32.778627,25.628588],[32.77856,25.628583],[32.778545,25.628613],[32.77838,25.628588],[32.778374,25.628561],[32.778333,25.628547],[32.778309,25.628577],[32.778197,25.628553],[32.778217,25.628411],[32.778498,25.62828],[32.778509,25.628194],[32.776863,25.627995],[32.775954,25.627867],[32.775607,25.627836],[32.775298,25.627814],[32.774883,25.627769],[32.773999,25.627658],[32.772918,25.627509],[32.772433,25.627438],[32.769707,25.6271],[32.767774,25.626855],[32.767438,25.626814],[32.767399,25.626787],[32.767361,25.626733],[32.767341,25.626676],[32.767348,25.626624],[32.767419,25.626507],[32.76752,25.626454],[32.767568,25.626487],[32.767534,25.626536],[32.767479,25.626582],[32.767457,25.626654],[32.767536,25.626711],[32.767745,25.626736],[32.768668,25.62684],[32.772078,25.627288],[32.772545,25.627321],[32.772833,25.627462],[32.773684,25.627576],[32.774535,25.627709],[32.775541,25.627788],[32.776027,25.62777],[32.776572,25.62784],[32.778945,25.628134],[32.783133,25.628622],[32.78472,25.62886],[32.785409,25.62894],[32.785721,25.628992],[32.785987,25.629022],[32.787179,25.629197],[32.788225,25.629344],[32.788595,25.629393],[32.788618,25.629377],[32.788653,25.629385],[32.788755,25.629452],[32.788731,25.629477]]]},"properties":{"Name":"حاجز ترابي ح3 بوادي المدامود","Shape_Length":0.045709014663201555,"Shape_Area":2.616603759265389e-06}},{"type":"Feature","id":172,"geometry":{"type":"Polygon","coordinates":[[[33.515095,24.39626],[33.514253,24.396257],[33.513913,24.396265],[33.513525,24.396275],[33.513271,24.396288],[33.512944,24.396286],[33.512822,24.396284],[33.512659,24.396267],[33.51243,24.39626],[33.512147,24.396239],[33.511738,24.396249],[33.51125,24.396263],[33.510971,24.396269],[33.510829,24.396284],[33.510657,24.396281],[33.510514,24.396276],[33.510365,24.396279],[33.510115,24.396271],[33.509885,24.396247],[33.509738,24.396244],[33.509677,24.396256],[33.509669,24.396321],[33.509635,24.397069],[33.509592,24.402196],[33.509542,24.407062],[33.50952,24.41061],[33.509488,24.412127],[33.509455,24.41332],[33.509467,24.41376],[33.50946,24.413995],[33.509465,24.414093],[33.509471,24.414213],[33.509456,24.414301],[33.509457,24.414419],[33.509463,24.414488],[33.509485,24.414703],[33.509499,24.414733],[33.50953,24.414748],[33.509564,24.414751],[33.509601,24.414751],[33.509627,24.414753],[33.509695,24.414734],[33.509786,24.41473],[33.509905,24.414734],[33.510138,24.414749],[33.510371,24.414749],[33.510622,24.414749],[33.510846,24.41473],[33.510936,24.414722],[33.511156,24.414738],[33.51129,24.41476],[33.511387,24.414757],[33.511587,24.414741],[33.511722,24.414741],[33.511898,24.414753],[33.512144,24.414759],[33.512292,24.414756],[33.512485,24.414745],[33.512763,24.414767],[33.513065,24.414778],[33.513462,24.41477],[33.514025,24.414767],[33.51466,24.414804],[33.51481,24.414826],[33.51483,24.415054],[33.513836,24.415054],[33.513823,24.414852],[33.51369,24.414848],[33.5134,24.414871],[33.51319,24.414878],[33.512941,24.414897],[33.51267,24.414897],[33.510684,24.414944],[33.509917,24.414969],[33.509646,24.414984],[33.509527,24.414991],[33.509413,24.414973],[33.509329,24.41494],[33.509298,24.414893],[33.509268,24.414832],[33.509244,24.414743],[33.509256,24.414421],[33.509316,24.4067],[33.509328,24.405777],[33.509098,24.405773],[33.508813,24.405924],[33.508663,24.405944],[33.508595,24.405934],[33.508571,24.405911],[33.508557,24.40585],[33.508567,24.405717],[33.508561,24.405581],[33.50857,24.405431],[33.508567,24.405295],[33.508568,24.405202],[33.508602,24.405148],[33.508723,24.405098],[33.508804,24.405101],[33.50913,24.405302],[33.509325,24.405307],[33.509365,24.401918],[33.509414,24.396399],[33.509412,24.396233],[33.509427,24.396179],[33.509456,24.396131],[33.509508,24.396085],[33.50957,24.396063],[33.509627,24.396059],[33.509711,24.396061],[33.510119,24.396084],[33.510604,24.39611],[33.511065,24.396126],[33.511622,24.396133],[33.512488,24.396157],[33.51272,24.396187],[33.513071,24.396217],[33.51326,24.396228],[33.513506,24.396224],[33.513776,24.396204],[33.514076,24.396204],[33.514093,24.395991],[33.51508,24.396031],[33.515095,24.39626]]]},"properties":{"Name":"حاجز ترابي وادي خريط الرئيسي 1أ","Shape_Length":0.061986060773224654,"Shape_Area":6.535142335786332e-06}},{"type":"Feature","id":173,"geometry":{"type":"Polygon","coordinates":[[[32.87662,25.743062],[32.876398,25.743464],[32.876386,25.743537],[32.876407,25.743623],[32.876462,25.743704],[32.876543,25.743769],[32.877107,25.74424],[32.877587,25.744668],[32.878134,25.745117],[32.87905,25.745943],[32.879158,25.746019],[32.879302,25.746023],[32.879474,25.745927],[32.879578,25.745817],[32.879617,25.745824],[32.879559,25.745868],[32.879511,25.745933],[32.879467,25.746052],[32.879429,25.746122],[32.879376,25.7462],[32.879299,25.746274],[32.879246,25.7463],[32.879194,25.746304],[32.879146,25.746286],[32.879116,25.746243],[32.879115,25.746204],[32.87907,25.74618],[32.878925,25.746097],[32.878837,25.746017],[32.878733,25.745927],[32.878664,25.745844],[32.878595,25.745777],[32.87851,25.74572],[32.87846,25.745675],[32.878484,25.745649],[32.878592,25.745731],[32.878734,25.745858],[32.878846,25.745977],[32.878966,25.746054],[32.879047,25.746116],[32.879092,25.746149],[32.879162,25.746159],[32.879088,25.746092],[32.878967,25.746005],[32.878845,25.745892],[32.878725,25.745779],[32.878477,25.74558],[32.878278,25.745396],[32.877951,25.74514],[32.877921,25.74543],[32.877738,25.745579],[32.877641,25.745516],[32.877501,25.74538],[32.877388,25.745243],[32.877296,25.745154],[32.877195,25.745096],[32.877049,25.744964],[32.877168,25.744848],[32.877557,25.744808],[32.877438,25.744743],[32.877373,25.744694],[32.877308,25.744666],[32.877181,25.744586],[32.877004,25.744481],[32.876904,25.744413],[32.876791,25.744353],[32.876839,25.74427],[32.877102,25.744458],[32.877194,25.744527],[32.877246,25.744569],[32.877297,25.744595],[32.877371,25.744617],[32.877293,25.744572],[32.87721,25.744505],[32.877121,25.744424],[32.876797,25.744182],[32.876547,25.743939],[32.876391,25.743817],[32.87635,25.74372],[32.876354,25.743677],[32.876379,25.743666],[32.876374,25.743625],[32.876353,25.74358],[32.876347,25.743513],[32.876373,25.74344],[32.876441,25.743314],[32.876485,25.743219],[32.876531,25.743138],[32.876574,25.743079],[32.876595,25.743065],[32.87662,25.743062]]]},"properties":{"Name":"حاجز ترابي ح1 بوادي بنات بري","Shape_Length":0.014736422072477492,"Shape_Area":1.0220579156670446e-06}},{"type":"Feature","id":174,"geometry":{"type":"Polygon","coordinates":[[[32.216261,25.833998],[32.216312,25.833862],[32.21628,25.833851],[32.216107,25.833807],[32.215929,25.833763],[32.215664,25.833704],[32.215463,25.833664],[32.215299,25.833614],[32.214727,25.833477],[32.214149,25.83334],[32.213188,25.833128],[32.212529,25.832962],[32.211828,25.832805],[32.210201,25.832414],[32.209613,25.83227],[32.208689,25.832045],[32.208382,25.831974],[32.208078,25.831901],[32.207415,25.831751],[32.205689,25.831332],[32.205244,25.831226],[32.205207,25.831316],[32.205404,25.831527],[32.205341,25.831692],[32.204831,25.831579],[32.204465,25.8315],[32.2044,25.831457],[32.204431,25.831289],[32.204699,25.831196],[32.204711,25.831108],[32.204156,25.830964],[32.202821,25.83066],[32.200538,25.830109],[32.198258,25.8296],[32.192976,25.828338],[32.190261,25.82768],[32.188238,25.82718],[32.187979,25.827124],[32.187939,25.827248],[32.187918,25.827248],[32.187965,25.827113],[32.187999,25.827098],[32.188204,25.827136],[32.18848,25.827181],[32.188895,25.827242],[32.189789,25.827413],[32.191239,25.827751],[32.192171,25.827978],[32.192398,25.828014],[32.192612,25.828047],[32.193738,25.828317],[32.195739,25.828799],[32.197661,25.829283],[32.198915,25.829618],[32.200043,25.829876],[32.200923,25.830084],[32.201196,25.830193],[32.202172,25.830413],[32.203406,25.830701],[32.203743,25.830786],[32.203894,25.830838],[32.204182,25.830864],[32.204534,25.830956],[32.205507,25.831174],[32.205506,25.831214],[32.208336,25.831883],[32.208728,25.832007],[32.208878,25.832018],[32.208996,25.832045],[32.209624,25.832217],[32.210185,25.832314],[32.211645,25.832694],[32.212335,25.832848],[32.213337,25.833088],[32.213534,25.833131],[32.213652,25.833143],[32.213772,25.833141],[32.213881,25.833163],[32.214012,25.833205],[32.214446,25.833317],[32.214672,25.833373],[32.214921,25.833425],[32.215048,25.83345],[32.215167,25.833478],[32.215263,25.833511],[32.215374,25.83354],[32.21545,25.833556],[32.215593,25.833611],[32.215745,25.83367],[32.215953,25.833736],[32.216118,25.833783],[32.216341,25.833854],[32.216273,25.834009],[32.216261,25.833998]]]},"properties":{"Name":"حاجز ترابي 1","Shape_Length":0.0605169706478526,"Shape_Area":3.6891365645141473e-06}},{"type":"Feature","id":175,"geometry":{"type":"Polygon","coordinates":[[[33.572767,25.122043],[33.571953,25.122166],[33.571333,25.122261],[33.570997,25.122297],[33.57093,25.122336],[33.570227,25.122815],[33.56961,25.123284],[33.569244,25.123526],[33.569196,25.123573],[33.569177,25.123607],[33.569167,25.123686],[33.569162,25.123845],[33.569167,25.124514],[33.568896,25.12448],[33.568916,25.123648],[33.568928,25.123554],[33.568958,25.123471],[33.569009,25.123429],[33.569067,25.12336],[33.569852,25.122776],[33.569261,25.122038],[33.568865,25.121897],[33.568804,25.121841],[33.568747,25.121789],[33.568702,25.12171],[33.56862,25.121658],[33.568735,25.121653],[33.568777,25.121647],[33.568838,25.121612],[33.568919,25.121525],[33.568957,25.121508],[33.569067,25.121423],[33.569559,25.121101],[33.569607,25.121164],[33.569692,25.121774],[33.570256,25.122497],[33.570682,25.122194],[33.570798,25.122117],[33.570867,25.12209],[33.570945,25.12208],[33.572762,25.121874],[33.572767,25.122043]]]},"properties":{"Name":"حاجز ترابي","Shape_Length":0.0146213631108538,"Shape_Area":2.1931879778383038e-06}},{"type":"Feature","id":176,"geometry":{"type":"Polygon","coordinates":[[[33.400504,25.007951],[33.401504,25.007955],[33.402558,25.007963],[33.402557,25.007849],[33.402298,25.007688],[33.402296,25.007582],[33.402297,25.007521],[33.40223,25.007438],[33.402279,25.007458],[33.40234,25.00748],[33.402445,25.007486],[33.402662,25.007488],[33.402911,25.00748],[33.402992,25.007488],[33.403103,25.007486],[33.403184,25.007478],[33.403239,25.007486],[33.403286,25.007493],[33.403299,25.007511],[33.403308,25.007547],[33.403305,25.007688],[33.403222,25.007745],[33.403177,25.007779],[33.403108,25.007821],[33.403074,25.007862],[33.403068,25.007964],[33.403463,25.00797],[33.40501,25.00797],[33.406075,25.007958],[33.406265,25.007947],[33.40631,25.007959],[33.406342,25.007977],[33.406396,25.007979],[33.406482,25.007972],[33.406512,25.007975],[33.406507,25.007988],[33.406445,25.008011],[33.406398,25.008011],[33.406334,25.008004],[33.406286,25.007982],[33.406067,25.008001],[33.40591,25.007994],[33.40587,25.008011],[33.405747,25.008015],[33.404857,25.008037],[33.403896,25.008053],[33.403737,25.00805],[33.40329,25.008047],[33.401914,25.00806],[33.401059,25.008069],[33.400528,25.008083],[33.400504,25.007951]]]},"properties":{"Name":"حاجزترابي","Shape_Length":0.013999153520653534,"Shape_Area":8.764128797689691e-07}},{"type":"Feature","id":177,"geometry":{"type":"Polygon","coordinates":[[[32.939238,25.981598],[32.93923,25.981526],[32.93926,25.981472],[32.939391,25.981342],[32.939667,25.981072],[32.939879,25.98088],[32.940373,25.98043],[32.941361,25.979513],[32.942074,25.978871],[32.942027,25.978829],[32.941861,25.978938],[32.941802,25.978919],[32.941628,25.978763],[32.941942,25.978446],[32.942304,25.978112],[32.942507,25.978258],[32.942392,25.978411],[32.942395,25.978482],[32.942457,25.978518],[32.942847,25.978172],[32.943584,25.977481],[32.945112,25.976082],[32.946703,25.974625],[32.946751,25.974592],[32.946793,25.974564],[32.946858,25.974567],[32.946931,25.974592],[32.946974,25.97461],[32.946998,25.974646],[32.947324,25.974814],[32.947776,25.975066],[32.948152,25.975263],[32.948414,25.975433],[32.948157,25.975303],[32.947849,25.97514],[32.947368,25.974882],[32.947079,25.974743],[32.946918,25.97465],[32.946864,25.974632],[32.946803,25.974646],[32.946629,25.974793],[32.945958,25.975395],[32.944826,25.976433],[32.944359,25.97689],[32.944169,25.97709],[32.943613,25.977577],[32.943143,25.977987],[32.942332,25.978761],[32.94069,25.980256],[32.939238,25.981598]]]},"properties":{"Name":"حاجز ترابي","Shape_Length":0.0258534438200514,"Shape_Area":1.249000042121952e-06}},{"type":"Feature","id":178,"geometry":{"type":"Polygon","coordinates":[[[33.208191,25.054263],[33.208409,25.054232],[33.20862,25.05422],[33.208744,25.054218],[33.209412,25.054226],[33.209504,25.05424],[33.209681,25.054242],[33.209806,25.054231],[33.209913,25.054255],[33.209983,25.054272],[33.210037,25.054265],[33.210095,25.054261],[33.210139,25.054265],[33.210247,25.054287],[33.210341,25.054289],[33.210414,25.054293],[33.210501,25.054311],[33.21058,25.0543],[33.210685,25.054272],[33.210884,25.054202],[33.211234,25.054085],[33.211712,25.053923],[33.212029,25.053821],[33.21222,25.053758],[33.212366,25.053732],[33.212518,25.053682],[33.212714,25.053632],[33.212856,25.053583],[33.213148,25.053503],[33.213206,25.053466],[33.213278,25.053466],[33.213449,25.05342],[33.21348,25.053388],[33.213564,25.053375],[33.213631,25.053354],[33.213763,25.053297],[33.213892,25.053249],[33.213982,25.053214],[33.214067,25.053187],[33.214129,25.053177],[33.214234,25.053138],[33.214391,25.053072],[33.214494,25.053042],[33.214549,25.053014],[33.214662,25.052985],[33.214909,25.052909],[33.214988,25.052883],[33.215025,25.052861],[33.215062,25.052857],[33.215121,25.052851],[33.215164,25.05289],[33.215114,25.052938],[33.215042,25.052953],[33.21466,25.053077],[33.21418,25.053244],[33.213707,25.053417],[33.212979,25.053646],[33.213021,25.053717],[33.213302,25.053705],[33.213401,25.053905],[33.213283,25.053972],[33.21308,25.054037],[33.212907,25.054085],[33.212814,25.054118],[33.212705,25.054152],[33.212619,25.054149],[33.212454,25.054212],[33.212378,25.054188],[33.212361,25.054019],[33.212512,25.053867],[33.212482,25.053775],[33.211353,25.054134],[33.210822,25.054308],[33.210695,25.054355],[33.210612,25.054374],[33.210543,25.054377],[33.210389,25.054367],[33.209396,25.054318],[33.208191,25.054263]]]},"properties":{"Name":"حاجز ترابي رقم 1","Shape_Length":0.016107720052196125,"Shape_Area":9.408676746076607e-07}},{"type":"Feature","id":179,"geometry":{"type":"Polygon","coordinates":[[[33.720457,24.128192],[33.720664,24.128155],[33.720767,24.128148],[33.720915,24.12812],[33.721039,24.128479],[33.721437,24.129996],[33.721653,24.130875],[33.721557,24.131064],[33.721495,24.131057],[33.721423,24.131006],[33.721208,24.130939],[33.720457,24.128192]]]},"properties":{"Name":"حاجز ترابي","Shape_Length":0.006753378277535169,"Shape_Area":1.3820113643374622e-06}},{"type":"Feature","id":180,"geometry":{"type":"Polygon","coordinates":[[[32.812494,25.551914],[32.812532,25.551873],[32.812622,25.551807],[32.812718,25.551777],[32.812795,25.55177],[32.812899,25.55192],[32.812997,25.55211],[32.813439,25.552712],[32.814578,25.554198],[32.815987,25.556082],[32.817092,25.557521],[32.81968,25.560892],[32.819643,25.560995],[32.819539,25.560982],[32.819002,25.560277],[32.817567,25.558369],[32.815037,25.555039],[32.814795,25.554717],[32.814716,25.554759],[32.814719,25.555114],[32.814544,25.555176],[32.814486,25.555182],[32.814055,25.554535],[32.814135,25.55435],[32.814428,25.554379],[32.814516,25.554324],[32.813369,25.552846],[32.812818,25.552116],[32.812629,25.551991],[32.812494,25.551914]]]},"properties":{"Name":"حاجز ترابي ح2 بوادي المدامود","Shape_Length":0.025085955026006967,"Shape_Area":2.020963737132047e-06}},{"type":"Feature","id":181,"geometry":{"type":"Polygon","coordinates":[[[30.884415,27.944919],[30.884227,27.944982],[30.884037,27.945059],[30.884011,27.945121],[30.884043,27.945245],[30.884016,27.945319],[30.883955,27.945364],[30.883915,27.945361],[30.883868,27.945347],[30.883812,27.945306],[30.883774,27.945293],[30.883747,27.945203],[30.883704,27.945166],[30.883644,27.945153],[30.883562,27.945156],[30.883467,27.945155],[30.883402,27.945138],[30.883339,27.94511],[30.883316,27.94509],[30.883301,27.945074],[30.883515,27.945012],[30.883732,27.944968],[30.88394,27.944935],[30.884225,27.944911],[30.884413,27.944906],[30.884415,27.944919]]]},"properties":{"Name":"حاجز توجيه بوادى حسحاس","Shape_Length":0.0026717738678174504,"Shape_Area":1.9509630971589967e-07}},{"type":"Feature","id":182,"geometry":{"type":"Polygon","coordinates":[[[31.393222,29.821451],[31.393589,29.82209],[31.393963,29.822873],[31.394403,29.823657],[31.394716,29.824165],[31.395012,29.824809],[31.395451,29.825678],[31.395728,29.826315],[31.395923,29.826673],[31.39595,29.826789],[31.395923,29.826858],[31.395824,29.826818],[31.395645,29.826715],[31.395617,29.826659],[31.395664,29.826512],[31.395555,29.826205],[31.395289,29.825642],[31.394927,29.824959],[31.394546,29.824181],[31.394106,29.823294],[31.393524,29.822139],[31.393159,29.821447],[31.393222,29.821451]]]},"properties":{"Name":"حاجز توجيه","Shape_Length":0.012325989243163419,"Shape_Area":6.882435295239187e-07}},{"type":"Feature","id":183,"geometry":{"type":"Polygon","coordinates":[[[30.799267,28.249488],[30.799557,28.249525],[30.800085,28.249745],[30.800847,28.250074],[30.80111,28.250219],[30.801074,28.250286],[30.800715,28.250224],[30.799737,28.249799],[30.799277,28.249584],[30.799267,28.249488]]]},"properties":{"Name":"مخر سيل","Shape_Length":0.004106863986016798,"Shape_Area":3.3200239222660837e-07}},{"type":"Feature","id":184,"geometry":{"type":"Polygon","coordinates":[[[30.896042,27.814485],[30.895995,27.81449],[30.89593,27.814155],[30.89582,27.813722],[30.895678,27.813067],[30.895639,27.812856],[30.895595,27.81265],[30.895491,27.812398],[30.895276,27.812008],[30.895176,27.811878],[30.895026,27.811764],[30.894759,27.811592],[30.894373,27.811428],[30.894238,27.811398],[30.894059,27.811446],[30.893819,27.811565],[30.893541,27.811664],[30.893436,27.811694],[30.893108,27.811631],[30.892063,27.811388],[30.890782,27.811073],[30.889401,27.810755],[30.88801,27.81041],[30.888031,27.81033],[30.888258,27.810378],[30.889127,27.810571],[30.891076,27.81103],[30.893317,27.811588],[30.893406,27.811609],[30.893539,27.811581],[30.893931,27.811417],[30.894107,27.811344],[30.894245,27.811323],[30.89437,27.811337],[30.894583,27.81142],[30.894945,27.811582],[30.895134,27.811717],[30.895253,27.811841],[30.895563,27.812368],[30.895698,27.81274],[30.895757,27.813096],[30.895874,27.81355],[30.896049,27.81438],[30.896042,27.814485]]]},"properties":{"Name":"حاجز توجيه","Shape_Length":0.020755157568064227,"Shape_Area":9.706495869888245e-07}},{"type":"Feature","id":185,"geometry":{"type":"Polygon","coordinates":[[[31.801948,26.619015],[31.802192,26.619013],[31.80235,26.619085],[31.802518,26.619257],[31.803418,26.620436],[31.803323,26.620466],[31.803083,26.620394],[31.802913,26.62027],[31.802321,26.619481],[31.802101,26.619163],[31.801948,26.619015]]]},"properties":{"Name":"حاجز توجيه","Shape_Length":0.004288237690877039,"Shape_Area":5.079438672028128e-07}},{"type":"Feature","id":186,"geometry":{"type":"Polygon","coordinates":[[[32.537753,25.465868],[32.53801,25.465997],[32.538035,25.466054],[32.538096,25.466098],[32.538276,25.465867],[32.5383,25.465862],[32.538346,25.465913],[32.537952,25.466564],[32.537827,25.466508],[32.537991,25.46625],[32.537605,25.466065],[32.537753,25.465868]]]},"properties":{"Name":"سد*","Shape_Length":0.002688021342614681,"Shape_Area":1.8803238082395577e-07}},{"type":"Feature","id":187,"geometry":{"type":"Polygon","coordinates":[[[32.532656,25.471834],[32.532843,25.471987],[32.532969,25.471983],[32.533113,25.472032],[32.532986,25.472291],[32.532821,25.472251],[32.532829,25.472209],[32.532627,25.472147],[32.532551,25.472138],[32.532489,25.472073],[32.532656,25.471834]]]},"properties":{"Name":"سد*","Shape_Length":0.0016882117512212855,"Shape_Area":1.4187802559206823e-07}},{"type":"Feature","id":188,"geometry":{"type":"Polygon","coordinates":[[[32.508908,25.533072],[32.508789,25.533091],[32.508765,25.531915],[32.50868,25.531891],[32.508535,25.531867],[32.508522,25.531668],[32.508475,25.531257],[32.508448,25.531062],[32.508688,25.531029],[32.508749,25.531233],[32.50884,25.531233],[32.50882,25.531021],[32.508827,25.53065],[32.508885,25.530485],[32.509018,25.530423],[32.508908,25.533072]]]},"properties":{"Name":"سد*","Shape_Length":0.006444730321543106,"Shape_Area":6.673302785167559e-07}},{"type":"Feature","id":189,"geometry":{"type":"Polygon","coordinates":[[[32.517262,25.539362],[32.5173,25.539375],[32.517333,25.539375],[32.517319,25.539411],[32.517174,25.539509],[32.517111,25.539499],[32.516851,25.539221],[32.516656,25.539365],[32.516644,25.539547],[32.516619,25.539625],[32.5165,25.539742],[32.516362,25.539672],[32.515884,25.539049],[32.516002,25.538917],[32.516346,25.538967],[32.516538,25.538836],[32.516252,25.538445],[32.516402,25.538331],[32.517262,25.539362]]]},"properties":{"Name":"سد*","Shape_Length":0.0051168086275312375,"Shape_Area":7.611142167419725e-07}},{"type":"Feature","id":190,"geometry":{"type":"Polygon","coordinates":[[[32.53962,25.539865],[32.539728,25.539705],[32.540077,25.539656],[32.54021,25.539458],[32.539857,25.539267],[32.539839,25.539173],[32.539871,25.539108],[32.539946,25.539008],[32.540024,25.538933],[32.540041,25.538941],[32.539954,25.539078],[32.540157,25.539232],[32.540879,25.539662],[32.541268,25.539899],[32.541123,25.54005],[32.540653,25.539743],[32.540514,25.539931],[32.540564,25.540212],[32.540495,25.540308],[32.53962,25.539865]]]},"properties":{"Name":"سد*","Shape_Length":0.005706009959908698,"Shape_Area":7.366210242258387e-07}},{"type":"Feature","id":191,"geometry":{"type":"Polygon","coordinates":[[[32.519193,25.540572],[32.527576,25.542365],[32.540509,25.544988],[32.540431,25.545322],[32.525358,25.542193],[32.519159,25.540866],[32.519193,25.540572]]]},"properties":{"Name":"سد*","Shape_Length":0.04414161196009914,"Shape_Area":6.636259693806653e-06}},{"type":"Feature","id":192,"geometry":{"type":"Polygon","coordinates":[[[32.518979,25.542643],[32.518406,25.54256],[32.518393,25.542603],[32.518562,25.542706],[32.518532,25.542845],[32.517652,25.542729],[32.517677,25.542588],[32.517905,25.542557],[32.517907,25.542515],[32.51776,25.542502],[32.517626,25.542474],[32.517521,25.542407],[32.517445,25.542326],[32.517408,25.542271],[32.517356,25.542178],[32.517338,25.542116],[32.517326,25.541996],[32.517338,25.540997],[32.517361,25.540514],[32.517428,25.540506],[32.517418,25.541298],[32.517409,25.541949],[32.517409,25.54203],[32.517436,25.542127],[32.517499,25.542248],[32.517561,25.542322],[32.517667,25.54238],[32.517784,25.542408],[32.517921,25.542417],[32.518375,25.542475],[32.51877,25.542544],[32.519478,25.542643],[32.519724,25.542699],[32.519727,25.542728],[32.518979,25.542643]]]},"properties":{"Name":"سد*","Shape_Length":0.009539499917205513,"Shape_Area":5.203975962154826e-07}},{"type":"Feature","id":193,"geometry":{"type":"Polygon","coordinates":[[[30.846791,28.405681],[30.846835,28.405674],[30.847286,28.406599],[30.847587,28.407296],[30.847528,28.407426],[30.847484,28.407474],[30.84744,28.407456],[30.84747,28.407383],[30.847503,28.40731],[30.847482,28.407194],[30.846791,28.405681]]]},"properties":{"Name":"سد*","Shape_Length":0.00402784122586096,"Shape_Area":1.1754857473546434e-07}},{"type":"Feature","id":194,"geometry":{"type":"Polygon","coordinates":[[[31.35609,29.803323],[31.356456,29.803001],[31.356952,29.802683],[31.35756,29.802136],[31.358147,29.801878],[31.358524,29.801722],[31.358641,29.801663],[31.358929,29.801435],[31.358968,29.801475],[31.358846,29.801553],[31.358658,29.801704],[31.358508,29.801775],[31.358144,29.801925],[31.358239,29.802083],[31.357717,29.802321],[31.357356,29.802654],[31.357084,29.80289],[31.356792,29.803074],[31.356913,29.803199],[31.356874,29.803217],[31.356776,29.803294],[31.356686,29.803346],[31.356546,29.80345],[31.356467,29.80346],[31.35635,29.80344],[31.356199,29.803428],[31.356119,29.803363],[31.35609,29.803323]]]},"properties":{"Name":"سد*","Shape_Length":0.0075197082841659485,"Shape_Area":7.197203254630607e-07}}]}