{"type":"FeatureCollection","features":[{"type":"Feature","id":1,"geometry":{"type":"Point","coordinates":[32.25169,26.109237]},"properties":{"Name":"سد","X":32.25169040862,"Y":26.1092374716421,"Z":0,"Cood":7075,"Field_1":"سد","Total_Value":15152.4,"x2":32.25169,"y2":26.109237,"إدارة التوسع الأفقي":7,"اسم العملية":"عملية الحماية من أخطار السيول لمنطقة نجع العرب - الهيشة بمركز نجع حمادي (خطة عاجلة )","اسم المقاول":"الهيئة القومية للإنتاج الحربي","اسم المنشأ":"سد","الإدارة المركزية للتوسع":2,"الارتفاع":8,"التعديات":"جيد","الحالة الهيدروليكية":"لا يوجد إطماءات","الزمن التكراري":100,"السعة التخزينية (ألف م3)":125,"الطول (م)":140,"المحافظ":7,"الميل الأمامي":"3:1","الميل الجانبي":"4:1","الهدف من الإنشاء":"حماية قرية الهيشة بمركز نجع حمادي","الوادي":"نجع العرب بالهيشة","الوظيفة":1,"طبيعة العمل":1,"عام اخر سيل تحديدا":2021,"عام الإنشاء":2020,"عرض القاع":71,"عرض القمة":8,"قيمة العقد (ألف جنيه)":15152.4,"مواد الإنهشاء":3,"موقف التنفيذ":1,"نوع العمل الصناعي":1,"ObjectID":1}},{"type":"Feature","id":2,"geometry":{"type":"Point","coordinates":[33.412701,24.294927]},"properties":{"Name":"سد إعاقة م3","X":33.4127005828077,"Y":24.2949274093442,"Z":0,"Cood":7040,"Field_1":"سد إعاقة م3","Total_Value":15048,"x2":33.412701,"y2":24.294927,"إدارة التوسع الأفقي":7,"اسم العملية":"عملية إنشاء بحيرة صناعية ب3 + حاجز ترابى &amp; عدد (1) سد إعاقة م3 لحماية وادى خريط  الرئيسي (1 أ ) مركز كوم أمبو ـــ محافظة أسوان من أخطار السيول","اسم المقاول":"شركة عبد اللاه حسان وشركاه","اسم المنشأ":"سد إعاقة م3","الإدارة المركزية للتوسع":2,"الارتفاع":6,"التعديات":"جيدة","الحالة الهيدروليكية":"لا يوجد إطماءات","الزمن التكراري":100,"السعة التخزينية (ألف م3)":7000,"الطول (م)":760,"المحافظ":8,"الميل الأمامي":"3:1","الميل الجانبي":"4:1","الهدف من الإنشاء":"حماية  (قرية وادي النقرة + قرية أبو سمبل +قرية توشكي شرق + قرية وادي خريط ) – محافظة أسوان","الوادي":"وادي خريط","الوظيفة":3,"حالة الدبش بالأمام":"جيدة","طبيعة العمل":3,"عام اخر سيل تحديدا":2021,"عام الإنشاء":2020,"عرض القاع":73,"عرض القمة":25,"قيمة العقد (ألف جنيه)":15048,"مواد الإنهشاء":2,"موقف التنفيذ":2,"نوع العمل الصناعي":1,"ObjectID":2}},{"type":"Feature","id":3,"geometry":{"type":"Point","coordinates":[32.913792,24.262607]},"properties":{"Name":"سد حماية بوادي الاعقاب","X":32.9137921526352,"Y":24.2626065164414,"Z":0,"Cood":7047,"Field_1":"سد حماية بوادي الاعقاب","Total_Value":53489.5,"x2":32.913792,"y2":24.262607,"إدارة التوسع الأفقي":7,"اسم العملية":"إنشاء سد الحماية وبحيرة الترسيب بالاعقاب بحرى بوادى الاعقاب بحرى  محافظة أسوان للحماية من أخطار السيول","اسم المقاول":"شركة عبد اللاه حسان وشركاه","اسم المنشأ":"سد حماية بوادي الاعقاب","الإدارة المركزية للتوسع":2,"الارتفاع":5,"التعديات":"جيدة","الحالة الهيدروليكية":"لا يوجد إطماءات","الزمن التكراري":100,"السعة التخزينية (ألف م3)":150,"الطول (م)":105,"المحافظ":8,"الميل الأمامي":"3:1","الميل الجانبي":"4:1","الهدف من الإنشاء":"حماية قرية الاعقاب بحري","الوادي":"وادى الأعقاب بحرى","الوظيفة":1,"حالة الدبش بالأمام":"جيدة","طبيعة العمل":3,"عام اخر سيل تحديدا":2021,"عام الإنشاء":2018,"عرض القاع":59,"عرض القمة":5,"قيمة العقد (ألف جنيه)":53489.5,"موقف التنفيذ":2,"نوع العمل الصناعي":1,"ObjectID":3}},{"type":"Feature","id":4,"geometry":{"type":"Point","coordinates":[33.401645,24.994514]},"properties":{"Name":"سد 1","X":33.40164536401,"Y":24.9945136643357,"Z":0,"Cood":7023,"Field_1":"سد 1","Total_Value":17782,"x2":33.401645,"y2":24.994514,"إدارة التوسع الأفقي":7,"اسم العملية":"عملية انشاء بحيرة صناعية + حاجز ترابى  ( ب10-W19  &amp;عدد (2) سد إعاقة  (م 5-  w16 &amp; م6 –  (w18لحماية وادى عبادى (3ب) مركز إدفو محافظة أسوان من أخطار السيول","اسم المقاول":"عبد الحميد محمد سليمان","اسم المنشأ":"سد 1","الإدارة المركزية للتوسع":2,"الارتفاع":4.5,"التعديات":"جيدة","الحالة الهيدروليكية":"لا يوجد إطماءات","الزمن التكراري":100,"السعة التخزينية (ألف م3)":495,"الطول (م)":350,"المحافظ":8,"الميل الأمامي":"3:1","الميل الجانبي":"4:1","الهدف من الإنشاء":"الطريق الرئيسي (إدفو- مرسي علم )( قرية النزل+قرية معروف+قرية المنشية+قرية الرضوانية+ قرية الكمب +قر*","الوادي":"وادي البرامية","الوظيفة":1,"حالة الدبش بالأمام":"جيدة","طبيعة العمل":3,"عام اخر سيل تحديدا":2021,"عام الإنشاء":2021,"عرض القاع":58.5,"عرض القمة":5,"قيمة العقد (ألف جنيه)":21382.6,"موقف التنفيذ":1,"نوع العمل الصناعي":1,"ObjectID":4}},{"type":"Feature","id":5,"geometry":{"type":"Point","coordinates":[33.529292,25.026921]},"properties":{"Name":"سد رقم 2","X":33.5292916602573,"Y":25.0269207059409,"Z":0,"Cood":7020,"Field_1":"سد رقم 2","Total_Value":3852.4,"x2":33.529292,"y2":25.026921,"إدارة التوسع الأفقي":7,"اسم العملية":"عملية انشاء عدد (2) بحيرة صناعية +(2) حاجز ترابى ( ب7-W13)&amp;( ب8-W14)&amp; عدد (2) سد إعاقة  م3 (w12)  &amp;م4 (w15)  لحماية وادى عبادى (3أ)  مركز إدفو محافظة أسوان من أخطار السيول","اسم المقاول":"شركة الري للأشغال العامة","اسم المنشأ":"سد رقم 2","الإدارة المركزية للتوسع":2,"الارتفاع":7,"التعديات":"جيدة","الحالة الهيدروليكية":"لا يوجد إطماءات","الزمن التكراري":50,"السعة التخزينية (ألف م3)":1180,"الطول (م)":180,"المحافظ":8,"الميل الأمامي":"3:1","الميل الجانبي":"4:1","الهدف من الإنشاء":"الطريق الرئيسي (إدفو- مرسي علم )( قرية النزل+قرية معروف+قرية المنشية+قرية الرضوانية+ قرية الكمب +قر*","الوادي":"وادي البرامية","الوظيفة":1,"حالة الدبش بالأمام":"جيدة","طبيعة العمل":3,"عام اخر سيل تحديدا":2021,"عام الإنشاء":2021,"عرض القاع":79,"عرض القمة":8,"قيمة العقد (ألف جنيه)":4448.73,"موقف التنفيذ":1,"نوع العمل الصناعي":1,"ObjectID":5}},{"type":"Feature","id":6,"geometry":{"type":"Point","coordinates":[33.647966,25.05688]},"properties":{"Name":"سد رقم 1","X":33.6479658170203,"Y":25.056879950838,"Z":0,"Cood":7019,"Field_1":"سد رقم 1","Total_Value":6110.29,"x2":33.647966,"y2":25.05688,"إدارة التوسع الأفقي":7,"اسم العملية":"عملية انشاء عدد (2) بحيرة صناعية +(2) حاجز ترابى ( ب7-W13)&amp;( ب8-W14)&amp; عدد (2) سد إعاقة  م3 (w12)  &amp;م4 (w15)  لحماية وادى عبادى (3أ)  مركز إدفو محافظة أسوان من أخطار السيول","اسم المقاول":"الشركة المصرية للري والصرف  والمنشآت المدنية","اسم المنشأ":"سد رقم 1","الإدارة المركزية للتوسع":2,"الارتفاع":3,"التعديات":"جيدة","الحالة الهيدروليكية":"لا يوجد إطماءات","الزمن التكراري":50,"السعة التخزينية (ألف م3)":937,"الطول (م)":85,"المحافظ":8,"الميل الأمامي":"3:1","الميل الجانبي":"4:1","الهدف من الإنشاء":"الطريق الرئيسي (إدفو- مرسي علم )( قرية النزل+قرية معروف+قرية المنشية+قرية الرضوانية+ قرية الكمب +قر*","الوادي":"وادي البرامية","الوظيفة":1,"حالة الدبش بالأمام":"جيدة","طبيعة العمل":3,"عام اخر سيل تحديدا":2021,"عام الإنشاء":2021,"عرض القاع":48,"عرض القمة":5,"قيمة العقد (ألف جنيه)":7201.05,"موقف التنفيذ":1,"نوع العمل الصناعي":1,"ObjectID":6}},{"type":"Feature","id":7,"geometry":{"type":"Point","coordinates":[33.344753,25.015081]},"properties":{"Name":"سد 2","X":33.3447528256959,"Y":25.0150813927117,"Z":0,"Cood":7024,"Field_1":"سد 2","Total_Value":375.9,"x2":33.344753,"y2":25.015081,"إدارة التوسع الأفقي":7,"اسم العملية":"عملية انشاء بحيرة صناعية + حاجز ترابى  ( ب10-W19  &amp;عدد (2) سد إعاقة  (م 5-  w16 &amp; م6 –  (w18لحماية وادى عبادى (3ب) مركز إدفو محافظة أسوان من أخطار السيول","اسم المقاول":"عبد الحميد محمد سليمان","اسم المنشأ":"سد 2","الإدارة المركزية للتوسع":2,"الارتفاع":4.5,"التعديات":"جيدة","الحالة الهيدروليكية":"لا يوجد إطماءات","الزمن التكراري":100,"السعة التخزينية (ألف م3)":291,"الطول (م)":105,"المحافظ":8,"الميل الأمامي":"3:1","الميل الجانبي":"4:1","الهدف من الإنشاء":"الطريق الرئيسي (إدفو- مرسي علم )( قرية النزل+قرية معروف+قرية المنشية+قرية الرضوانية+ قرية الكمب +قر*","الوادي":"وادي البرامية","الوظيفة":1,"حالة الدبش بالأمام":"جيدة","طبيعة العمل":3,"عام اخر سيل تحديدا":2021,"عام الإنشاء":2021,"عرض القاع":58.5,"عرض القمة":5,"قيمة العقد (ألف جنيه)":475.8,"موقف التنفيذ":1,"نوع العمل الصناعي":1,"ObjectID":7}},{"type":"Feature","id":8,"geometry":{"type":"Point","coordinates":[31.815495,26.097165]},"properties":{"Name":"سد رقم 2","X":33.5292916602573,"Y":25.0269207059409,"Z":0,"Cood":7020,"Field_1":"سد رقم 2","Total_Value":3852.4,"x2":33.529292,"y2":25.026921,"إدارة التوسع الأفقي":7,"اسم العملية":"عملية انشاء عدد (2) بحيرة صناعية +(2) حاجز ترابى ( ب7-W13)&amp;( ب8-W14)&amp; عدد (2) سد إعاقة  م3 (w12)  &amp;م4 (w15)  لحماية وادى عبادى (3أ)  مركز إدفو محافظة أسوان من أخطار السيول","اسم المقاول":"شركة الري للأشغال العامة","اسم المنشأ":"سد رقم 2","الإدارة المركزية للتوسع":2,"الارتفاع":7,"التعديات":"جيدة","الحالة الهيدروليكية":"لا يوجد إطماءات","الزمن التكراري":50,"السعة التخزينية (ألف م3)":1180,"الطول (م)":180,"المحافظ":8,"الميل الأمامي":"3:1","الميل الجانبي":"4:1","الهدف من الإنشاء":"الطريق الرئيسي (إدفو- مرسي علم )( قرية النزل+قرية معروف+قرية المنشية+قرية الرضوانية+ قرية الكمب +قر*","الوادي":"وادي البرامية","الوظيفة":1,"حالة الدبش بالأمام":"جيدة","طبيعة العمل":3,"عام اخر سيل تحديدا":2021,"عام الإنشاء":2021,"عرض القاع":79,"عرض القمة":8,"قيمة العقد (ألف جنيه)":4448.73,"موقف التنفيذ":1,"نوع العمل الصناعي":1,"ObjectID":5}},{"type":"Feature","id":9,"geometry":{"type":"Point","coordinates":[31.817639,26.070901]},"properties":{"Name":"سد رقم 1","X":33.6479658170203,"Y":25.056879950838,"Z":0,"Cood":7019,"Field_1":"سد رقم 1","Total_Value":6110.29,"x2":33.647966,"y2":25.05688,"إدارة التوسع الأفقي":7,"اسم العملية":"عملية انشاء عدد (2) بحيرة صناعية +(2) حاجز ترابى ( ب7-W13)&amp;( ب8-W14)&amp; عدد (2) سد إعاقة  م3 (w12)  &amp;م4 (w15)  لحماية وادى عبادى (3أ)  مركز إدفو محافظة أسوان من أخطار السيول","اسم المقاول":"الشركة المصرية للري والصرف  والمنشآت المدنية","اسم المنشأ":"سد رقم 1","الإدارة المركزية للتوسع":2,"الارتفاع":3,"التعديات":"جيدة","الحالة الهيدروليكية":"لا يوجد إطماءات","الزمن التكراري":50,"السعة التخزينية (ألف م3)":937,"الطول (م)":85,"المحافظ":8,"الميل الأمامي":"3:1","الميل الجانبي":"4:1","الهدف من الإنشاء":"الطريق الرئيسي (إدفو- مرسي علم )( قرية النزل+قرية معروف+قرية المنشية+قرية الرضوانية+ قرية الكمب +قر*","الوادي":"وادي البرامية","الوظيفة":1,"حالة الدبش بالأمام":"جيدة","طبيعة العمل":3,"عام اخر سيل تحديدا":2021,"عام الإنشاء":2021,"عرض القاع":48,"عرض القمة":5,"قيمة العقد (ألف جنيه)":7201.05,"موقف التنفيذ":1,"نوع العمل الصناعي":1,"ObjectID":6}},{"type":"Feature","id":10,"geometry":{"type":"Point","coordinates":[33.639992,24.347738]},"properties":{"Name":"سد إعاقة م3","X":33.4127005828077,"Y":24.2949274093442,"Z":0,"Cood":7040,"Field_1":"سد إعاقة م3","Total_Value":15048,"x2":33.412701,"y2":24.294927,"إدارة التوسع الأفقي":7,"اسم العملية":"عملية إنشاء بحيرة صناعية ب3 + حاجز ترابى &amp; عدد (1) سد إعاقة م3 لحماية وادى خريط  الرئيسي (1 أ ) مركز كوم أمبو ـــ محافظة أسوان من أخطار السيول","اسم المقاول":"شركة عبد اللاه حسان وشركاه","اسم المنشأ":"سد إعاقة م3","الإدارة المركزية للتوسع":2,"الارتفاع":6,"التعديات":"جيدة","الحالة الهيدروليكية":"لا يوجد إطماءات","الزمن التكراري":100,"السعة التخزينية (ألف م3)":7000,"الطول (م)":760,"المحافظ":8,"الميل الأمامي":"3:1","الميل الجانبي":"4:1","الهدف من الإنشاء":"حماية  (قرية وادي النقرة + قرية أبو سمبل +قرية توشكي شرق + قرية وادي خريط ) – محافظة أسوان","الوادي":"وادي خريط","الوظيفة":3,"حالة الدبش بالأمام":"جيدة","طبيعة العمل":3,"عام اخر سيل تحديدا":2021,"عام الإنشاء":2020,"عرض القاع":73,"عرض القمة":25,"قيمة العقد (ألف جنيه)":15048,"مواد الإنهشاء":2,"موقف التنفيذ":2,"نوع العمل الصناعي":1,"ObjectID":2}},{"type":"Feature","id":11,"geometry":{"type":"Point","coordinates":[33.705907,24.330388]},"properties":{"Name":"سد إعاقة 2","X":33.7059067096122,"Y":24.3303882308541,"Z":0,"Cood":7044,"Field_1":"سد إعاقة 2","Total_Value":18894,"x2":33.705907,"y2":24.330388,"إدارة التوسع الأفقي":7,"اسم العملية":"عملية إنشاء بحيرة صناعية ب1 + حاجز ترابى بوادي نتش &amp; عدد (2) سد إعاقة (م2&amp; ر2) لحماية وادى خريط  الرئيسي   (1 ب ) مركز كوم أمبو ـــ محافظة أسوان من أخطار السيول","اسم المقاول":"شركة عبد اللاه حسان وشركاه","اسم المنشأ":"سد إعاقة 2","الإدارة المركزية للتوسع":2,"الارتفاع":5,"التعديات":"جيد","الحالة الهيدروليكية":"لا يوجد إطماءات","الزمن التكراري":100,"السعة التخزينية (ألف م3)":6000,"الطول (م)":470,"المحافظ":8,"الميل الأمامي":"3:1","الميل الجانبي":"4:1","الهدف من الإنشاء":"حماية  (قرية وادي النقرة + قرية أبو سمبل +قرية توشكي شرق + قرية وادي خريط ) – محافظة أسوان","الوادي":"وادي خريط","الوظيفة":1,"طبيعة العمل":3,"عام اخر سيل تحديدا":2021,"عام الإنشاء":2020,"عرض القاع":34,"عرض القمة":4.3,"قيمة العقد (ألف جنيه)":18894,"موقف التنفيذ":2,"نوع العمل الصناعي":1,"ObjectID":12}},{"type":"Feature","id":12,"geometry":{"type":"Point","coordinates":[33.744175,25.213012]},"properties":{"Name":"سد إعاقة م 1","X":33.744174714319,"Y":25.2130115830427,"Z":0,"Cood":7008,"Field_1":"سد إعاقة م 1","Total_Value":12120.55,"x2":33.744175,"y2":25.213012,"إدارة التوسع الأفقي":7,"اسم العملية":"عملية انشاء سد اعاقة م1 (w1 ) بوادى المياه منطقة وادى عبادي (عبادي 2أ )","اسم المقاول":"شركة أبناء بدوي للمقاولات","اسم المنشأ":"سد إعاقة م 1","الإدارة المركزية للتوسع":2,"الارتفاع":10,"التعديات":"جيد","الحالة الهيدروليكية":"لا يوجد إطماءات","الزمن التكراري":50,"السعة التخزينية (ألف م3)":6475,"الطول (م)":375,"المحافظ":8,"الميل الأمامي":"3:1","الميل الجانبي":"4:1","الهدف من الإنشاء":"الطريق الرئيسي (إدفو- مرسي علم )( قرية النزل+قرية معروف+قرية المنشية+قرية الرضوانية+ قرية الكمب +قر*","الوادي":"وادي المياه","الوظيفة":1,"طبيعة العمل":3,"عام اخر سيل تحديدا":2021,"عام الإنشاء":2019,"عرض القاع":78,"عرض القمة":8,"قيمة العقد (ألف جنيه)":12959,"موقف التنفيذ":1,"نوع العمل الصناعي":1,"ObjectID":13}},{"type":"Feature","id":13,"geometry":{"type":"Point","coordinates":[31.381714,27.126581]},"properties":{"Name":"سد م1 بوادى ايمو","X":31.3817138889786,"Y":27.1265805558447,"Z":0,"Cood":6039,"Field_1":"سد م1 بوادى ايمو","x2":31.381714,"y2":27.126581,"إدارة التوسع الأفقي":6,"اسم العملية":"إنشاء سد م 1 ضمن مشروع حماية الوادى الأسيوطى من أخطار السيول","اسم المقاول":"الأهرام للمقاولات العمومية بأسيوط","اسم المنشأ":"سد م1 بوادى ايمو","الإدارة المركزية للتوسع":2,"الارتفاع":1.5,"الزمن التكراري":100,"السعة التخزينية (ألف م3)":4500,"الطول (م)":145,"المحافظ":4,"الميل الأمامي":"2:3","الميل الجانبي":"2:3","الهدف من الإنشاء":"حماية البنيه الاساسيه لبعض الاوديه النشطه بمحافظة أسيوطمن اخطار السيول","الوادي":"وادي ايمو","الوظيفة":1,"تاريخ آخر سيل تحديدا":"8/1/2024","حالة الدبش بالأمام":"جيدة","طبيعة العمل":3,"عام اخر سيل تحديدا":2024,"عام الإنشاء":2014,"عرض القاع":9,"عرض القمة":2,"قيمة العقد (ألف جنيه)":712.68,"موقف التنفيذ":1,"نوع العمل الصناعي":1,"ObjectID":14}},{"type":"Feature","id":14,"geometry":{"type":"Point","coordinates":[31.377675,27.129011]},"properties":{"Name":"سد م2 بوادى ايمو","X":31.3776750003057,"Y":27.1290111114321,"Z":0,"Cood":6040,"Field_1":"سد م2 بوادى ايمو","x2":31.377675,"y2":27.129011,"إدارة التوسع الأفقي":6,"اسم العملية":"إنشاء سد م 2 ضمن مشروع حماية الوادى الأسيوطى من أخطار السيول","اسم المقاول":"الأهرام للمقاولات العمومية بأسيوط","اسم المنشأ":"سد م2 بوادى ايمو","الإدارة المركزية للتوسع":2,"الارتفاع":2,"الحالة الهيدروليكية":"جيدة","الزمن التكراري":100,"السعة التخزينية (ألف م3)":4500,"الطول (م)":280,"المحافظ":4,"الميل الأمامي":"2:3","الميل الجانبي":"2:3","الهدف من الإنشاء":"حماية البنيه الاساسيه لبعض الاوديه النشطه بمحافظة أسيوطمن اخطار السيول","الوادي":"وادي ايمو","الوظيفة":1,"تاريخ آخر سيل تحديدا":"8/1/2024","حالة الدبش بالأمام":"جيدة","طبيعة العمل":3,"عام اخر سيل تحديدا":2024,"عام الإنشاء":2015,"عرض القاع":10.5,"عرض القمة":2,"قيمة العقد (ألف جنيه)":712.68,"موقف التنفيذ":1,"نوع العمل الصناعي":1,"ObjectID":15}},{"type":"Feature","id":15,"geometry":{"type":"Point","coordinates":[30.783759,28.130624]},"properties":{"Name":"سد م1","X":30.783758502954,"Y":28.1306240535343,"Z":0,"Cood":6042,"Field_1":"سد م1","x2":30.783333,"y2":28.130833,"إدارة التوسع الأفقي":6,"اسم العملية":"عملية حماية قرية عرب الشيخ محمد من أخطار السيول مركز المنيا - محافظة أسيوط","اسم المقاول":"شركه الصفوه للمقاولات","اسم المنشأ":"سد م1","الإدارة المركزية للتوسع":2,"الارتفاع":3,"الزمن التكراري":100,"السعة التخزينية (ألف م3)":2816.1,"الطول (م)":60,"المحافظ":3,"الميل الأمامي":"1:3","الميل الجانبي":"1:4","الهدف من الإنشاء":"حماية منطقة عرب الشيخ محمد  من اخطار السيول","الوادي":"wمنطقة عرب الشيخ محمد1","الوظيفة":5,"تاريخ آخر سيل تحديدا":"5/1/2024","حالة الدبش بالأمام":"جيدة","طبيعة العمل":3,"عام اخر سيل تحديدا":2024,"عام الإنشاء":1019,"عرض القاع":33,"عرض القمة":5,"قيمة العقد (ألف جنيه)":6952.142857,"مواد الإنهشاء":3,"موقف التنفيذ":1,"نوع العمل الصناعي":1,"ObjectID":16}},{"type":"Feature","id":16,"geometry":{"type":"Point","coordinates":[31.362594,27.125642]},"properties":{"Name":"سد م2 بوادى ايمو","X":31.3776750003057,"Y":27.1290111114321,"Z":0,"Cood":6040,"Field_1":"سد م2 بوادى ايمو","x2":31.377675,"y2":27.129011,"إدارة التوسع الأفقي":6,"اسم العملية":"إنشاء سد م 2 ضمن مشروع حماية الوادى الأسيوطى من أخطار السيول","اسم المقاول":"الأهرام للمقاولات العمومية بأسيوط","اسم المنشأ":"سد م2 بوادى ايمو","الإدارة المركزية للتوسع":2,"الارتفاع":2,"الحالة الهيدروليكية":"جيدة","الزمن التكراري":100,"السعة التخزينية (ألف م3)":4500,"الطول (م)":280,"المحافظ":4,"الميل الأمامي":"2:3","الميل الجانبي":"2:3","الهدف من الإنشاء":"حماية البنيه الاساسيه لبعض الاوديه النشطه بمحافظة أسيوطمن اخطار السيول","الوادي":"وادي ايمو","الوظيفة":1,"تاريخ آخر سيل تحديدا":"8/1/2024","حالة الدبش بالأمام":"جيدة","طبيعة العمل":3,"عام اخر سيل تحديدا":2024,"عام الإنشاء":2015,"عرض القاع":10.5,"عرض القمة":2,"قيمة العقد (ألف جنيه)":712.68,"موقف التنفيذ":1,"نوع العمل الصناعي":1,"ObjectID":15}},{"type":"Feature","id":17,"geometry":{"type":"Point","coordinates":[30.784444,28.125278]},"properties":{"Name":"سد م2","X":30.7844444443557,"Y":28.1252777781008,"Z":0,"Cood":6043,"Field_1":"سد م2","x2":30.784444,"y2":28.125278,"إدارة التوسع الأفقي":6,"اسم العملية":"عملية حماية قرية عرب الشيخ محمد من أخطار السيول مركز المنيا - محافظة أسيوط","اسم المقاول":"شركه الصفوه للمقاولات","اسم المنشأ":"سد م2","الإدارة المركزية للتوسع":2,"الارتفاع":3,"الزمن التكراري":100,"السعة التخزينية (ألف م3)":2.6856,"الطول (م)":95,"المحافظ":3,"الميل الأمامي":"1:3","الميل الجانبي":"1:4","الهدف من الإنشاء":"حماية منطقة عرب الشيخ محمد  من اخطار السيول","الوادي":"wمنطقة عرب الشيخ محمد2","الوظيفة":5,"تاريخ آخر سيل تحديدا":"5/1/2024","حالة الدبش بالأمام":"جيدة","طبيعة العمل":3,"عام اخر سيل تحديدا":2024,"عام الإنشاء":1019,"عرض القاع":33,"عرض القمة":5,"قيمة العقد (ألف جنيه)":6952.142857,"مواد الإنهشاء":3,"موقف التنفيذ":1,"نوع العمل الصناعي":1,"ObjectID":18}},{"type":"Feature","id":18,"geometry":{"type":"Point","coordinates":[30.966389,27.395278]},"properties":{"Name":"سد م1","X":30.783758502954,"Y":28.1306240535343,"Z":0,"Cood":6042,"Field_1":"سد م1","x2":30.783333,"y2":28.130833,"إدارة التوسع الأفقي":6,"اسم العملية":"عملية حماية قرية عرب الشيخ محمد من أخطار السيول مركز المنيا - محافظة أسيوط","اسم المقاول":"شركه الصفوه للمقاولات","اسم المنشأ":"سد م1","الإدارة المركزية للتوسع":2,"الارتفاع":3,"الزمن التكراري":100,"السعة التخزينية (ألف م3)":2816.1,"الطول (م)":60,"المحافظ":3,"الميل الأمامي":"1:3","الميل الجانبي":"1:4","الهدف من الإنشاء":"حماية منطقة عرب الشيخ محمد  من اخطار السيول","الوادي":"wمنطقة عرب الشيخ محمد1","الوظيفة":5,"تاريخ آخر سيل تحديدا":"5/1/2024","حالة الدبش بالأمام":"جيدة","طبيعة العمل":3,"عام اخر سيل تحديدا":2024,"عام الإنشاء":1019,"عرض القاع":33,"عرض القمة":5,"قيمة العقد (ألف جنيه)":6952.142857,"مواد الإنهشاء":3,"موقف التنفيذ":1,"نوع العمل الصناعي":1,"ObjectID":16}},{"type":"Feature","id":19,"geometry":{"type":"Point","coordinates":[30.967778,27.392778]},"properties":{"Name":"سد م2","X":30.7844444443557,"Y":28.1252777781008,"Z":0,"Cood":6043,"Field_1":"سد م2","x2":30.784444,"y2":28.125278,"إدارة التوسع الأفقي":6,"اسم العملية":"عملية حماية قرية عرب الشيخ محمد من أخطار السيول مركز المنيا - محافظة أسيوط","اسم المقاول":"شركه الصفوه للمقاولات","اسم المنشأ":"سد م2","الإدارة المركزية للتوسع":2,"الارتفاع":3,"الزمن التكراري":100,"السعة التخزينية (ألف م3)":2.6856,"الطول (م)":95,"المحافظ":3,"الميل الأمامي":"1:3","الميل الجانبي":"1:4","الهدف من الإنشاء":"حماية منطقة عرب الشيخ محمد  من اخطار السيول","الوادي":"wمنطقة عرب الشيخ محمد2","الوظيفة":5,"تاريخ آخر سيل تحديدا":"5/1/2024","حالة الدبش بالأمام":"جيدة","طبيعة العمل":3,"عام اخر سيل تحديدا":2024,"عام الإنشاء":1019,"عرض القاع":33,"عرض القمة":5,"قيمة العقد (ألف جنيه)":6952.142857,"مواد الإنهشاء":3,"موقف التنفيذ":1,"نوع العمل الصناعي":1,"ObjectID":18}},{"type":"Feature","id":20,"geometry":{"type":"Point","coordinates":[30.967222,27.388333]},"properties":{"Name":"سد م3","X":30.9672222218197,"Y":27.3883333333375,"Z":0,"Cood":6047,"Field_1":"سد م3","x2":30.967222,"y2":27.388333,"إدارة التوسع الأفقي":6,"اسم العملية":"عملية حماية قرية دير الأمير تادوس من اخطار السيول","اسم المقاول":"شركه الصفوه للمقاولات","اسم المنشأ":"سد م3","الإدارة المركزية للتوسع":2,"الارتفاع":8,"الزمن التكراري":100,"السعة التخزينية (ألف م3)":10.0647,"الطول (م)":145,"المحافظ":4,"الميل الأمامي":"1:3","الميل الجانبي":"1:4","الهدف من الإنشاء":"حماية دير الامير تادرس الشطبي من أخطار السيول","الوادي":"دير الأمير تادرس الشطبي","الوظيفة":1,"تاريخ آخر سيل تحديدا":"5/1/2024","حالة الدبش بالأمام":"جيدة","طبيعة العمل":3,"عام اخر سيل تحديدا":2024,"عام الإنشاء":2023,"عرض القاع":79,"عرض القمة":8,"قيمة العقد (ألف جنيه)":6952.142857,"مواد الإنهشاء":1,"موقف التنفيذ":1,"نوع العمل الصناعي":1,"ObjectID":21}},{"type":"Feature","id":21,"geometry":{"type":"Point","coordinates":[31.759543,26.654885]},"properties":{"Name":"NULL","X":31.7595430556765,"Y":26.6548845830453,"Z":0,"Cood":6053,"x2":31.759543,"y2":26.654885,"إدارة التوسع الأفقي":6,"اسم العملية":"عملية حماية منطقة الصوامعة شرق من أخطار السيول مركز ساقلته - محافظة سوهاج","اسم المقاول":"مقاوله الجمعيه التعاونيه الانتاجيه للانشاء والتعم*","الإدارة المركزية للتوسع":2,"الارتفاع":7,"الزمن التكراري":100,"السعة التخزينية (ألف م3)":530,"الطول (م)":350,"المحافظ":5,"الميل الأمامي":"1:2","الميل الجانبي":"1:2","الهدف من الإنشاء":"حماية مدينة ساقلته من أخطار السيول الصوامعة شرق","الوادي":"الصوامعة شرق  (2)","الوظيفة":1,"تاريخ آخر سيل تحديدا":"5/1/2024","حالة الدبش بالأمام":"جيدة","طبيعة العمل":3,"عام اخر سيل تحديدا":2024,"عام الإنشاء":2021,"عرض القاع":32,"عرض القمة":4,"قيمة العقد (ألف جنيه)":2994.354,"مواد الإنهشاء":7,"موقف التنفيذ":1,"نوع العمل الصناعي":1,"ObjectID":22}},{"type":"Feature","id":22,"geometry":{"type":"Point","coordinates":[31.756644,26.652497]},"properties":{"Name":"NULL","X":31.7595430556765,"Y":26.6548845830453,"Z":0,"Cood":6053,"x2":31.759543,"y2":26.654885,"إدارة التوسع الأفقي":6,"اسم العملية":"عملية حماية منطقة الصوامعة شرق من أخطار السيول مركز ساقلته - محافظة سوهاج","اسم المقاول":"مقاوله الجمعيه التعاونيه الانتاجيه للانشاء والتعم*","الإدارة المركزية للتوسع":2,"الارتفاع":7,"الزمن التكراري":100,"السعة التخزينية (ألف م3)":530,"الطول (م)":350,"المحافظ":5,"الميل الأمامي":"1:2","الميل الجانبي":"1:2","الهدف من الإنشاء":"حماية مدينة ساقلته من أخطار السيول الصوامعة شرق","الوادي":"الصوامعة شرق  (2)","الوظيفة":1,"تاريخ آخر سيل تحديدا":"5/1/2024","حالة الدبش بالأمام":"جيدة","طبيعة العمل":3,"عام اخر سيل تحديدا":2024,"عام الإنشاء":2021,"عرض القاع":32,"عرض القمة":4,"قيمة العقد (ألف جنيه)":2994.354,"مواد الإنهشاء":7,"موقف التنفيذ":1,"نوع العمل الصناعي":1,"ObjectID":22}},{"type":"Feature","id":23,"geometry":{"type":"Point","coordinates":[32.195944,26.593708]},"properties":{"Name":"K1 سد","X":32.195943889093,"Y":26.5937078605855,"Z":0,"Cood":6061,"Field_1":"K1 سد","x2":32.195944,"y2":26.593708,"إدارة التوسع الأفقي":6,"اسم العملية":"عمليه حماية منطقه وادي قصب من اخطار السيول","اسم المقاول":"0","اسم المنشأ":"K1 سد","الإدارة المركزية للتوسع":2,"الارتفاع":4.5,"الزمن التكراري":50,"السعة التخزينية (ألف م3)":0.85,"الطول (م)":200,"المحافظ":5,"الميل الأمامي":"1:3","الميل الجانبي":"1:3","الهدف من الإنشاء":"حماية منطقه وادي قصب من اخطار السيول","الوادي":"وادي الشيتون احد افرع وادي قصب","الوظيفة":1,"تاريخ آخر سيل تحديدا":"5/1/2024","حالة الدبش بالأمام":"جيدة","طبيعة العمل":3,"عام اخر سيل تحديدا":2024,"عام الإنشاء":2017,"عرض القاع":32,"عرض القمة":3,"مواد الإنهشاء":2,"موقف التنفيذ":1,"نوع العمل الصناعي":1,"ObjectID":24}},{"type":"Feature","id":24,"geometry":{"type":"Point","coordinates":[32.203606,26.563927]},"properties":{"Name":"K2 سد","X":32.2036062221587,"Y":26.5639273608652,"Z":0,"Cood":6062,"Field_1":"K2 سد","x2":32.203606,"y2":26.563927,"إدارة التوسع الأفقي":6,"اسم العملية":"عمليه حماية منطقه وادي قصب من اخطار السيول","اسم المقاول":"0","اسم المنشأ":"K2 سد","الإدارة المركزية للتوسع":2,"الارتفاع":4,"الزمن التكراري":50,"السعة التخزينية (ألف م3)":1.97,"الطول (م)":340,"المحافظ":5,"الميل الأمامي":"1:3","الميل الجانبي":"1:3","الهدف من الإنشاء":"حماية منطقه وادي قصب من اخطار السيول","الوادي":"وادي الشيتون احد افرع وادي قصب","الوظيفة":1,"تاريخ آخر سيل تحديدا":"5/1/2024","حالة الدبش بالأمام":"جيدة","طبيعة العمل":3,"عام اخر سيل تحديدا":2024,"عام الإنشاء":2017,"عرض القاع":27,"عرض القمة":3,"مواد الإنهشاء":2,"موقف التنفيذ":1,"نوع العمل الصناعي":1,"ObjectID":25}},{"type":"Feature","id":25,"geometry":{"type":"Point","coordinates":[32.208501,26.559096]},"properties":{"Name":"K3 سد","X":32.2085007776413,"Y":26.5590959722888,"Z":0,"Cood":6063,"Field_1":"K3 سد","x2":32.208501,"y2":26.559096,"إدارة التوسع الأفقي":6,"اسم العملية":"عمليه حماية منطقه وادي قصب من اخطار السيول","اسم المقاول":"0","اسم المنشأ":"K3 سد","الإدارة المركزية للتوسع":2,"الارتفاع":5.5,"الزمن التكراري":50,"السعة التخزينية (ألف م3)":0.66,"الطول (م)":340,"المحافظ":5,"الميل الأمامي":"1:3","الميل الجانبي":"1:3","الهدف من الإنشاء":"حماية منطقه وادي قصب من اخطار السيول","الوادي":"وادي قصب","الوظيفة":1,"تاريخ آخر سيل تحديدا":"5/1/2024","حالة الدبش بالأمام":"جيدة","طبيعة العمل":3,"عام اخر سيل تحديدا":2024,"عام الإنشاء":2017,"عرض القاع":36,"عرض القمة":3,"مواد الإنهشاء":2,"موقف التنفيذ":1,"نوع العمل الصناعي":1,"ObjectID":26}},{"type":"Feature","id":26,"geometry":{"type":"Point","coordinates":[32.891389,24.175361]},"properties":{"Name":"NULL","X":31.7595430556765,"Y":26.6548845830453,"Z":0,"Cood":6053,"x2":31.759543,"y2":26.654885,"إدارة التوسع الأفقي":6,"اسم العملية":"عملية حماية منطقة الصوامعة شرق من أخطار السيول مركز ساقلته - محافظة سوهاج","اسم المقاول":"مقاوله الجمعيه التعاونيه الانتاجيه للانشاء والتعم*","الإدارة المركزية للتوسع":2,"الارتفاع":7,"الزمن التكراري":100,"السعة التخزينية (ألف م3)":530,"الطول (م)":350,"المحافظ":5,"الميل الأمامي":"1:2","الميل الجانبي":"1:2","الهدف من الإنشاء":"حماية مدينة ساقلته من أخطار السيول الصوامعة شرق","الوادي":"الصوامعة شرق  (2)","الوظيفة":1,"تاريخ آخر سيل تحديدا":"5/1/2024","حالة الدبش بالأمام":"جيدة","طبيعة العمل":3,"عام اخر سيل تحديدا":2024,"عام الإنشاء":2021,"عرض القاع":32,"عرض القمة":4,"قيمة العقد (ألف جنيه)":2994.354,"مواد الإنهشاء":7,"موقف التنفيذ":1,"نوع العمل الصناعي":1,"ObjectID":22}},{"type":"Feature","id":27,"geometry":{"type":"Point","coordinates":[32.888056,24.181472]},"properties":{"Name":"NULL","X":31.7595430556765,"Y":26.6548845830453,"Z":0,"Cood":6053,"x2":31.759543,"y2":26.654885,"إدارة التوسع الأفقي":6,"اسم العملية":"عملية حماية منطقة الصوامعة شرق من أخطار السيول مركز ساقلته - محافظة سوهاج","اسم المقاول":"مقاوله الجمعيه التعاونيه الانتاجيه للانشاء والتعم*","الإدارة المركزية للتوسع":2,"الارتفاع":7,"الزمن التكراري":100,"السعة التخزينية (ألف م3)":530,"الطول (م)":350,"المحافظ":5,"الميل الأمامي":"1:2","الميل الجانبي":"1:2","الهدف من الإنشاء":"حماية مدينة ساقلته من أخطار السيول الصوامعة شرق","الوادي":"الصوامعة شرق  (2)","الوظيفة":1,"تاريخ آخر سيل تحديدا":"5/1/2024","حالة الدبش بالأمام":"جيدة","طبيعة العمل":3,"عام اخر سيل تحديدا":2024,"عام الإنشاء":2021,"عرض القاع":32,"عرض القمة":4,"قيمة العقد (ألف جنيه)":2994.354,"مواد الإنهشاء":7,"موقف التنفيذ":1,"نوع العمل الصناعي":1,"ObjectID":22}},{"type":"Feature","id":28,"geometry":{"type":"Point","coordinates":[32.895728,24.164056]},"properties":{"Name":"NULL","X":31.7595430556765,"Y":26.6548845830453,"Z":0,"Cood":6053,"x2":31.759543,"y2":26.654885,"إدارة التوسع الأفقي":6,"اسم العملية":"عملية حماية منطقة الصوامعة شرق من أخطار السيول مركز ساقلته - محافظة سوهاج","اسم المقاول":"مقاوله الجمعيه التعاونيه الانتاجيه للانشاء والتعم*","الإدارة المركزية للتوسع":2,"الارتفاع":7,"الزمن التكراري":100,"السعة التخزينية (ألف م3)":530,"الطول (م)":350,"المحافظ":5,"الميل الأمامي":"1:2","الميل الجانبي":"1:2","الهدف من الإنشاء":"حماية مدينة ساقلته من أخطار السيول الصوامعة شرق","الوادي":"الصوامعة شرق  (2)","الوظيفة":1,"تاريخ آخر سيل تحديدا":"5/1/2024","حالة الدبش بالأمام":"جيدة","طبيعة العمل":3,"عام اخر سيل تحديدا":2024,"عام الإنشاء":2021,"عرض القاع":32,"عرض القمة":4,"قيمة العقد (ألف جنيه)":2994.354,"مواد الإنهشاء":7,"موقف التنفيذ":1,"نوع العمل الصناعي":1,"ObjectID":22}},{"type":"Feature","id":29,"geometry":{"type":"Point","coordinates":[32.888167,24.170325]},"properties":{"Name":"NULL","X":31.7595430556765,"Y":26.6548845830453,"Z":0,"Cood":6053,"x2":31.759543,"y2":26.654885,"إدارة التوسع الأفقي":6,"اسم العملية":"عملية حماية منطقة الصوامعة شرق من أخطار السيول مركز ساقلته - محافظة سوهاج","اسم المقاول":"مقاوله الجمعيه التعاونيه الانتاجيه للانشاء والتعم*","الإدارة المركزية للتوسع":2,"الارتفاع":7,"الزمن التكراري":100,"السعة التخزينية (ألف م3)":530,"الطول (م)":350,"المحافظ":5,"الميل الأمامي":"1:2","الميل الجانبي":"1:2","الهدف من الإنشاء":"حماية مدينة ساقلته من أخطار السيول الصوامعة شرق","الوادي":"الصوامعة شرق  (2)","الوظيفة":1,"تاريخ آخر سيل تحديدا":"5/1/2024","حالة الدبش بالأمام":"جيدة","طبيعة العمل":3,"عام اخر سيل تحديدا":2024,"عام الإنشاء":2021,"عرض القاع":32,"عرض القمة":4,"قيمة العقد (ألف جنيه)":2994.354,"مواد الإنهشاء":7,"موقف التنفيذ":1,"نوع العمل الصناعي":1,"ObjectID":22}},{"type":"Feature","id":30,"geometry":{"type":"Point","coordinates":[31.409943,29.834622]},"properties":{"Name":"بحيرة صناعية مدينة 15 مايو","X":31.4099430557668,"Y":29.8346222221268,"Z":0,"Cood":5047,"Field_1":"بحيرة صناعية مدينة 15 مايو","Report_Dater":"19/08/2024","Total_Value":2075,"x2":31.409943,"y2":29.834622,"إدارة التوسع الأفقي":5,"اسم العملية":"مخر سيل الجيو بمدينة 15 مايو (الزبالين)","اسم المقاول":"الجمعية التعاونية للإنشاء   والتعمير بابو تيج","اسم المنشأ":"بحيرة صناعية مدينة 15 مايو","الإدارة المركزية للتوسع":2,"الارتفاع":6,"الزمن التكراري":200,"السعة التخزينية (ألف م3)":138,"الطول (م)":85,"المحافظ":9,"الميل الأمامي":"1:3","الميل الجانبي":"1:4","الهدف من الإنشاء":"حماية منطقة 15 مايو  مركز   اطفيح  من اخطار السيول","الوادي":"الجبو","الوظيفة":1,"تاريخ آخر صيانة":"2021","تاريخ كتابة التقرير":"8/19/2024","حالة الدبش بالأمام":"جيدة","طبيعة العمل":3,"عام اخر سيل تحديدا":2020,"عام الإنشاء":2018,"عرض القاع":61,"عرض القمة":5,"قيمة العقد (ألف جنيه)":2987,"مواد الإنهشاء":2,"موقف التنفيذ":1,"نوع العمل الصناعي":1,"ObjectID":31}},{"type":"Feature","id":31,"geometry":{"type":"Point","coordinates":[31.397309,29.829581]},"properties":{"Name":"سد م2","X":30.7844444443557,"Y":28.1252777781008,"Z":0,"Cood":6043,"Field_1":"سد م2","x2":30.784444,"y2":28.125278,"إدارة التوسع الأفقي":6,"اسم العملية":"عملية حماية قرية عرب الشيخ محمد من أخطار السيول مركز المنيا - محافظة أسيوط","اسم المقاول":"شركه الصفوه للمقاولات","اسم المنشأ":"سد م2","الإدارة المركزية للتوسع":2,"الارتفاع":3,"الزمن التكراري":100,"السعة التخزينية (ألف م3)":2.6856,"الطول (م)":95,"المحافظ":3,"الميل الأمامي":"1:3","الميل الجانبي":"1:4","الهدف من الإنشاء":"حماية منطقة عرب الشيخ محمد  من اخطار السيول","الوادي":"wمنطقة عرب الشيخ محمد2","الوظيفة":5,"تاريخ آخر سيل تحديدا":"5/1/2024","حالة الدبش بالأمام":"جيدة","طبيعة العمل":3,"عام اخر سيل تحديدا":2024,"عام الإنشاء":1019,"عرض القاع":33,"عرض القمة":5,"قيمة العقد (ألف جنيه)":6952.142857,"مواد الإنهشاء":3,"موقف التنفيذ":1,"نوع العمل الصناعي":1,"ObjectID":18}},{"type":"Feature","id":32,"geometry":{"type":"Point","coordinates":[31.430308,29.843192]},"properties":{"Name":"سد م1","X":30.783758502954,"Y":28.1306240535343,"Z":0,"Cood":6042,"Field_1":"سد م1","x2":30.783333,"y2":28.130833,"إدارة التوسع الأفقي":6,"اسم العملية":"عملية حماية قرية عرب الشيخ محمد من أخطار السيول مركز المنيا - محافظة أسيوط","اسم المقاول":"شركه الصفوه للمقاولات","اسم المنشأ":"سد م1","الإدارة المركزية للتوسع":2,"الارتفاع":3,"الزمن التكراري":100,"السعة التخزينية (ألف م3)":2816.1,"الطول (م)":60,"المحافظ":3,"الميل الأمامي":"1:3","الميل الجانبي":"1:4","الهدف من الإنشاء":"حماية منطقة عرب الشيخ محمد  من اخطار السيول","الوادي":"wمنطقة عرب الشيخ محمد1","الوظيفة":5,"تاريخ آخر سيل تحديدا":"5/1/2024","حالة الدبش بالأمام":"جيدة","طبيعة العمل":3,"عام اخر سيل تحديدا":2024,"عام الإنشاء":1019,"عرض القاع":33,"عرض القمة":5,"قيمة العقد (ألف جنيه)":6952.142857,"مواد الإنهشاء":3,"موقف التنفيذ":1,"نوع العمل الصناعي":1,"ObjectID":16}},{"type":"Feature","id":33,"geometry":{"type":"Point","coordinates":[31.442373,29.929843]},"properties":{"Name":"بحيرة صناعية ب2","X":31.4423727785117,"Y":29.9298427780704,"Z":0,"Cood":5061,"Field_1":"بحيرة صناعية ب2","Report_Dater":"24/08/2024","Total_Value":24171.72,"x2":31.442373,"y2":29.929843,"إدارة التوسع الأفقي":5,"اسم العملية":"عملية إنشاء سد م3 لحماية وادي دجلة   (طرة-زهراء المعادي) من أخطار السيول – محافظة القاهرة","اسم المقاول":"جهاز المخابرات   العامة","اسم المنشأ":"بحيرة صناعية ب2","الإدارة المركزية للتوسع":2,"الارتفاع":12,"الزمن التكراري":200,"السعة التخزينية (ألف م3)":1000,"المحافظ":9,"الميل الأمامي":"1:3","الميل الجانبي":"1:3","الهدف من الإنشاء":"حماية منطقة وادى دجلة  مركز   اطفيح  من اخطار السيول","الوادي":"دجلة","الوظيفة":1,"تاريخ آخر صيانة":"المنشأ جديد و لم يتأثر بالسيول","تاريخ كتابة التقرير":"8/24/2024","حالة الدبش بالأمام":"جيدة","حالة المخرج":"جيدة","حالة المدخل":"جيدة","طبيعة العمل":3,"عام اخر سيل تحديدا":2020,"عام الإنشاء":2019,"عرض القاع":100,"عرض القمة":10,"قيمة العقد (ألف جنيه)":17872.75,"مواد الإنهشاء":2,"موقف التنفيذ":1,"نوع العمل الصناعي":1,"ObjectID":34}},{"type":"Feature","id":34,"geometry":{"type":"Point","coordinates":[31.354738,29.952919]},"properties":{"Name":"مخر سيل صناعي","X":31.3547375000977,"Y":29.9529186112885,"Z":0,"Cood":5059,"Field_1":"مخر سيل صناعي","Report_Dater":"24/08/2024","Total_Value":4065.29,"x2":31.354738,"y2":29.952919,"إدارة التوسع الأفقي":5,"اسم العملية":"عملية إنشاء سد م1 و سد م2 لحماية وادي دجلة   (طرة-زهراء المعادي) من أخطار السيول – محافظة القاهرة","اسم المقاول":"شركة الخليل   للمقاولات","اسم المنشأ":"مخر سيل صناعي","الإدارة المركزية للتوسع":2,"الارتفاع":11,"الزمن التكراري":200,"السعة التخزينية (ألف م3)":375,"المحافظ":9,"الهدف من الإنشاء":"حماية منطقة وادى دجلة  مركز   اطفيح  من اخطار السيول","الوادي":"دجلة","الوظيفة":1,"تاريخ آخر صيانة":"المنشأ جديد و لم يتأثر بالسيول","تاريخ كتابة التقرير":"8/24/2024","حالة الدبش بالأمام":"جيدة","طبيعة العمل":3,"عام اخر سيل تحديدا":2020,"عام الإنشاء":2020,"عرض القاع":100,"عرض القمة":8,"قيمة العقد (ألف جنيه)":2393,"ملاحظات2":"تم عمل دراسة جديدة بمعرفة معهد بحوث الموارد المائية و جارى العمل","مواد الإنهشاء":2,"موقف التنفيذ":1,"نوع العمل الصناعي":1,"ObjectID":35}},{"type":"Feature","id":35,"geometry":{"type":"Point","coordinates":[31.417668,29.178735]},"properties":{"Name":"سد م3 بوادي دجلة","X":31.4176679101876,"Y":29.1787345923172,"Z":0,"Cood":5058,"Field_1":"سد م3 بوادي دجلة","Report_Dater":"22/08/2024","Total_Value":16797,"x2":31.417668,"y2":29.178735,"إدارة التوسع الأفقي":5,"اسم العملية":"عملية إنشاء عدد (4) بحيرات وعدد (4) حاجز ترابي وعدد (1) سد ركامي (مخر سيل الكريمات ) بمنطقة الكريمات محافظة الجيزة","اسم المقاول":"السيد/ شركة الايمان للمقاولات   عادل وهبة عبد الشه*","اسم المنشأ":"سد م3 بوادي دجلة","الإدارة المركزية للتوسع":2,"الارتفاع":5,"الزمن التكراري":200,"السعة التخزينية (ألف م3)":600,"الطول (م)":250,"المحافظ":10,"الميل الأمامي":"3:1","الميل الجانبي":"3:1","الهدف من الإنشاء":"حماية منطقة الكريمات مركز   اطفيح  من اخطار السيول","الوادي":"الرملية","الوظيفة":1,"تاريخ آخر صيانة":"المنشأ جديد و لم يتأثر بالسيول","تاريخ كتابة التقرير":"8/22/2024","حالة الدبش بالأمام":"جيدة","طبيعة العمل":3,"عام اخر سيل تحديدا":2023,"عام الإنشاء":2023,"عرض القاع":47,"عرض القمة":5,"قيمة العقد (ألف جنيه)":18843,"مواد الإنهشاء":2,"موقف التنفيذ":1,"نوع العمل الصناعي":1,"ObjectID":36}},{"type":"Feature","id":36,"geometry":{"type":"Point","coordinates":[31.70587,26.913487]},"properties":{"Name":"سد م1","X":30.783758502954,"Y":28.1306240535343,"Z":0,"Cood":6042,"Field_1":"سد م1","x2":30.783333,"y2":28.130833,"إدارة التوسع الأفقي":6,"اسم العملية":"عملية حماية قرية عرب الشيخ محمد من أخطار السيول مركز المنيا - محافظة أسيوط","اسم المقاول":"شركه الصفوه للمقاولات","اسم المنشأ":"سد م1","الإدارة المركزية للتوسع":2,"الارتفاع":3,"الزمن التكراري":100,"السعة التخزينية (ألف م3)":2816.1,"الطول (م)":60,"المحافظ":3,"الميل الأمامي":"1:3","الميل الجانبي":"1:4","الهدف من الإنشاء":"حماية منطقة عرب الشيخ محمد  من اخطار السيول","الوادي":"wمنطقة عرب الشيخ محمد1","الوظيفة":5,"تاريخ آخر سيل تحديدا":"5/1/2024","حالة الدبش بالأمام":"جيدة","طبيعة العمل":3,"عام اخر سيل تحديدا":2024,"عام الإنشاء":1019,"عرض القاع":33,"عرض القمة":5,"قيمة العقد (ألف جنيه)":6952.142857,"مواد الإنهشاء":3,"موقف التنفيذ":1,"نوع العمل الصناعي":1,"ObjectID":16}},{"type":"Feature","id":37,"geometry":{"type":"Point","coordinates":[31.683458,26.914385]},"properties":{"Name":"سد م2","X":30.7844444443557,"Y":28.1252777781008,"Z":0,"Cood":6043,"Field_1":"سد م2","x2":30.784444,"y2":28.125278,"إدارة التوسع الأفقي":6,"اسم العملية":"عملية حماية قرية عرب الشيخ محمد من أخطار السيول مركز المنيا - محافظة أسيوط","اسم المقاول":"شركه الصفوه للمقاولات","اسم المنشأ":"سد م2","الإدارة المركزية للتوسع":2,"الارتفاع":3,"الزمن التكراري":100,"السعة التخزينية (ألف م3)":2.6856,"الطول (م)":95,"المحافظ":3,"الميل الأمامي":"1:3","الميل الجانبي":"1:4","الهدف من الإنشاء":"حماية منطقة عرب الشيخ محمد  من اخطار السيول","الوادي":"wمنطقة عرب الشيخ محمد2","الوظيفة":5,"تاريخ آخر سيل تحديدا":"5/1/2024","حالة الدبش بالأمام":"جيدة","طبيعة العمل":3,"عام اخر سيل تحديدا":2024,"عام الإنشاء":1019,"عرض القاع":33,"عرض القمة":5,"قيمة العقد (ألف جنيه)":6952.142857,"مواد الإنهشاء":3,"موقف التنفيذ":1,"نوع العمل الصناعي":1,"ObjectID":18}},{"type":"Feature","id":38,"geometry":{"type":"Point","coordinates":[31.668586,26.907167]},"properties":{"Name":"NULL","X":31.7595430556765,"Y":26.6548845830453,"Z":0,"Cood":6053,"x2":31.759543,"y2":26.654885,"إدارة التوسع الأفقي":6,"اسم العملية":"عملية حماية منطقة الصوامعة شرق من أخطار السيول مركز ساقلته - محافظة سوهاج","اسم المقاول":"مقاوله الجمعيه التعاونيه الانتاجيه للانشاء والتعم*","الإدارة المركزية للتوسع":2,"الارتفاع":7,"الزمن التكراري":100,"السعة التخزينية (ألف م3)":530,"الطول (م)":350,"المحافظ":5,"الميل الأمامي":"1:2","الميل الجانبي":"1:2","الهدف من الإنشاء":"حماية مدينة ساقلته من أخطار السيول الصوامعة شرق","الوادي":"الصوامعة شرق  (2)","الوظيفة":1,"تاريخ آخر سيل تحديدا":"5/1/2024","حالة الدبش بالأمام":"جيدة","طبيعة العمل":3,"عام اخر سيل تحديدا":2024,"عام الإنشاء":2021,"عرض القاع":32,"عرض القمة":4,"قيمة العقد (ألف جنيه)":2994.354,"مواد الإنهشاء":7,"موقف التنفيذ":1,"نوع العمل الصناعي":1,"ObjectID":22}},{"type":"Feature","id":39,"geometry":{"type":"Point","coordinates":[31.565931,26.935092]},"properties":{"Name":"NULL","X":31.7595430556765,"Y":26.6548845830453,"Z":0,"Cood":6053,"x2":31.759543,"y2":26.654885,"إدارة التوسع الأفقي":6,"اسم العملية":"عملية حماية منطقة الصوامعة شرق من أخطار السيول مركز ساقلته - محافظة سوهاج","اسم المقاول":"مقاوله الجمعيه التعاونيه الانتاجيه للانشاء والتعم*","الإدارة المركزية للتوسع":2,"الارتفاع":7,"الزمن التكراري":100,"السعة التخزينية (ألف م3)":530,"الطول (م)":350,"المحافظ":5,"الميل الأمامي":"1:2","الميل الجانبي":"1:2","الهدف من الإنشاء":"حماية مدينة ساقلته من أخطار السيول الصوامعة شرق","الوادي":"الصوامعة شرق  (2)","الوظيفة":1,"تاريخ آخر سيل تحديدا":"5/1/2024","حالة الدبش بالأمام":"جيدة","طبيعة العمل":3,"عام اخر سيل تحديدا":2024,"عام الإنشاء":2021,"عرض القاع":32,"عرض القمة":4,"قيمة العقد (ألف جنيه)":2994.354,"مواد الإنهشاء":7,"موقف التنفيذ":1,"نوع العمل الصناعي":1,"ObjectID":22}},{"type":"Feature","id":40,"geometry":{"type":"Point","coordinates":[31.114919,27.577367]},"properties":{"Name":"سد م1","X":30.783758502954,"Y":28.1306240535343,"Z":0,"Cood":6042,"Field_1":"سد م1","x2":30.783333,"y2":28.130833,"إدارة التوسع الأفقي":6,"اسم العملية":"عملية حماية قرية عرب الشيخ محمد من أخطار السيول مركز المنيا - محافظة أسيوط","اسم المقاول":"شركه الصفوه للمقاولات","اسم المنشأ":"سد م1","الإدارة المركزية للتوسع":2,"الارتفاع":3,"الزمن التكراري":100,"السعة التخزينية (ألف م3)":2816.1,"الطول (م)":60,"المحافظ":3,"الميل الأمامي":"1:3","الميل الجانبي":"1:4","الهدف من الإنشاء":"حماية منطقة عرب الشيخ محمد  من اخطار السيول","الوادي":"wمنطقة عرب الشيخ محمد1","الوظيفة":5,"تاريخ آخر سيل تحديدا":"5/1/2024","حالة الدبش بالأمام":"جيدة","طبيعة العمل":3,"عام اخر سيل تحديدا":2024,"عام الإنشاء":1019,"عرض القاع":33,"عرض القمة":5,"قيمة العقد (ألف جنيه)":6952.142857,"مواد الإنهشاء":3,"موقف التنفيذ":1,"نوع العمل الصناعي":1,"ObjectID":16}},{"type":"Feature","id":41,"geometry":{"type":"Point","coordinates":[31.100859,27.561919]},"properties":{"Name":"سد م2","X":30.7844444443557,"Y":28.1252777781008,"Z":0,"Cood":6043,"Field_1":"سد م2","x2":30.784444,"y2":28.125278,"إدارة التوسع الأفقي":6,"اسم العملية":"عملية حماية قرية عرب الشيخ محمد من أخطار السيول مركز المنيا - محافظة أسيوط","اسم المقاول":"شركه الصفوه للمقاولات","اسم المنشأ":"سد م2","الإدارة المركزية للتوسع":2,"الارتفاع":3,"الزمن التكراري":100,"السعة التخزينية (ألف م3)":2.6856,"الطول (م)":95,"المحافظ":3,"الميل الأمامي":"1:3","الميل الجانبي":"1:4","الهدف من الإنشاء":"حماية منطقة عرب الشيخ محمد  من اخطار السيول","الوادي":"wمنطقة عرب الشيخ محمد2","الوظيفة":5,"تاريخ آخر سيل تحديدا":"5/1/2024","حالة الدبش بالأمام":"جيدة","طبيعة العمل":3,"عام اخر سيل تحديدا":2024,"عام الإنشاء":1019,"عرض القاع":33,"عرض القمة":5,"قيمة العقد (ألف جنيه)":6952.142857,"مواد الإنهشاء":3,"موقف التنفيذ":1,"نوع العمل الصناعي":1,"ObjectID":18}},{"type":"Feature","id":42,"geometry":{"type":"Point","coordinates":[30.984258,27.515972]},"properties":{"Name":"سد م4","X":30.9842583330219,"Y":27.5159722221517,"Z":0,"Cood":6011,"Field_1":"سد م4","x2":30.984258,"y2":27.515972,"إدارة التوسع الأفقي":6,"اسم العملية":"عملية حماية البنية الاساسية لوادي العمراني (أ) من اخطار السيول","اسم المقاول":"المكتب الهندسي للمقاولات العمومية بأسيوط","اسم المنشأ":"سد م4","الإدارة المركزية للتوسع":2,"الارتفاع":7,"الزمن التكراري":100,"السعة التخزينية (ألف م3)":1100,"الطول (م)":190,"المحافظ":4,"الميل الأمامي":"1:3","الميل الجانبي":"1:3","الهدف من الإنشاء":"حماية منطقة الحوطة الشرقية من اخطار السيول","الوادي":"الوادي العمراني","الوظيفة":5,"تاريخ آخر سيل تحديدا":"8/1/2024","حالة الدبش بالأمام":"جيدة","طبيعة العمل":3,"عام اخر سيل تحديدا":2024,"عام الإنشاء":2021,"عرض القاع":66.9,"عرض القمة":5,"قيمة العقد (ألف جنيه)":8412.536,"موقف التنفيذ":1,"نوع العمل الصناعي":1,"ObjectID":43}},{"type":"Feature","id":43,"geometry":{"type":"Point","coordinates":[31.172136,27.448847]},"properties":{"Name":"سد م1","X":30.783758502954,"Y":28.1306240535343,"Z":0,"Cood":6042,"Field_1":"سد م1","x2":30.783333,"y2":28.130833,"إدارة التوسع الأفقي":6,"اسم العملية":"عملية حماية قرية عرب الشيخ محمد من أخطار السيول مركز المنيا - محافظة أسيوط","اسم المقاول":"شركه الصفوه للمقاولات","اسم المنشأ":"سد م1","الإدارة المركزية للتوسع":2,"الارتفاع":3,"الزمن التكراري":100,"السعة التخزينية (ألف م3)":2816.1,"الطول (م)":60,"المحافظ":3,"الميل الأمامي":"1:3","الميل الجانبي":"1:4","الهدف من الإنشاء":"حماية منطقة عرب الشيخ محمد  من اخطار السيول","الوادي":"wمنطقة عرب الشيخ محمد1","الوظيفة":5,"تاريخ آخر سيل تحديدا":"5/1/2024","حالة الدبش بالأمام":"جيدة","طبيعة العمل":3,"عام اخر سيل تحديدا":2024,"عام الإنشاء":1019,"عرض القاع":33,"عرض القمة":5,"قيمة العقد (ألف جنيه)":6952.142857,"مواد الإنهشاء":3,"موقف التنفيذ":1,"نوع العمل الصناعي":1,"ObjectID":16}},{"type":"Feature","id":44,"geometry":{"type":"Point","coordinates":[31.151147,27.426447]},"properties":{"Name":"سد م2","X":30.7844444443557,"Y":28.1252777781008,"Z":0,"Cood":6043,"Field_1":"سد م2","x2":30.784444,"y2":28.125278,"إدارة التوسع الأفقي":6,"اسم العملية":"عملية حماية قرية عرب الشيخ محمد من أخطار السيول مركز المنيا - محافظة أسيوط","اسم المقاول":"شركه الصفوه للمقاولات","اسم المنشأ":"سد م2","الإدارة المركزية للتوسع":2,"الارتفاع":3,"الزمن التكراري":100,"السعة التخزينية (ألف م3)":2.6856,"الطول (م)":95,"المحافظ":3,"الميل الأمامي":"1:3","الميل الجانبي":"1:4","الهدف من الإنشاء":"حماية منطقة عرب الشيخ محمد  من اخطار السيول","الوادي":"wمنطقة عرب الشيخ محمد2","الوظيفة":5,"تاريخ آخر سيل تحديدا":"5/1/2024","حالة الدبش بالأمام":"جيدة","طبيعة العمل":3,"عام اخر سيل تحديدا":2024,"عام الإنشاء":1019,"عرض القاع":33,"عرض القمة":5,"قيمة العقد (ألف جنيه)":6952.142857,"مواد الإنهشاء":3,"موقف التنفيذ":1,"نوع العمل الصناعي":1,"ObjectID":18}},{"type":"Feature","id":45,"geometry":{"type":"Point","coordinates":[31.040806,27.375603]},"properties":{"Name":"سد م3","X":30.9672222218197,"Y":27.3883333333375,"Z":0,"Cood":6047,"Field_1":"سد م3","x2":30.967222,"y2":27.388333,"إدارة التوسع الأفقي":6,"اسم العملية":"عملية حماية قرية دير الأمير تادوس من اخطار السيول","اسم المقاول":"شركه الصفوه للمقاولات","اسم المنشأ":"سد م3","الإدارة المركزية للتوسع":2,"الارتفاع":8,"الزمن التكراري":100,"السعة التخزينية (ألف م3)":10.0647,"الطول (م)":145,"المحافظ":4,"الميل الأمامي":"1:3","الميل الجانبي":"1:4","الهدف من الإنشاء":"حماية دير الامير تادرس الشطبي من أخطار السيول","الوادي":"دير الأمير تادرس الشطبي","الوظيفة":1,"تاريخ آخر سيل تحديدا":"5/1/2024","حالة الدبش بالأمام":"جيدة","طبيعة العمل":3,"عام اخر سيل تحديدا":2024,"عام الإنشاء":2023,"عرض القاع":79,"عرض القمة":8,"قيمة العقد (ألف جنيه)":6952.142857,"مواد الإنهشاء":1,"موقف التنفيذ":1,"نوع العمل الصناعي":1,"ObjectID":21}},{"type":"Feature","id":46,"geometry":{"type":"Point","coordinates":[31.069058,27.356768]},"properties":{"Name":"سد م4","X":30.9842583330219,"Y":27.5159722221517,"Z":0,"Cood":6011,"Field_1":"سد م4","x2":30.984258,"y2":27.515972,"إدارة التوسع الأفقي":6,"اسم العملية":"عملية حماية البنية الاساسية لوادي العمراني (أ) من اخطار السيول","اسم المقاول":"المكتب الهندسي للمقاولات العمومية بأسيوط","اسم المنشأ":"سد م4","الإدارة المركزية للتوسع":2,"الارتفاع":7,"الزمن التكراري":100,"السعة التخزينية (ألف م3)":1100,"الطول (م)":190,"المحافظ":4,"الميل الأمامي":"1:3","الميل الجانبي":"1:3","الهدف من الإنشاء":"حماية منطقة الحوطة الشرقية من اخطار السيول","الوادي":"الوادي العمراني","الوظيفة":5,"تاريخ آخر سيل تحديدا":"8/1/2024","حالة الدبش بالأمام":"جيدة","طبيعة العمل":3,"عام اخر سيل تحديدا":2024,"عام الإنشاء":2021,"عرض القاع":66.9,"عرض القمة":5,"قيمة العقد (ألف جنيه)":8412.536,"موقف التنفيذ":1,"نوع العمل الصناعي":1,"ObjectID":43}},{"type":"Feature","id":47,"geometry":{"type":"Point","coordinates":[31.543333,27.308056]},"properties":{"Name":"سد م1 بوادي الأسيوطي","X":31.5433333328661,"Y":27.3080555558191,"Z":0,"Cood":6018,"Field_1":"سد م1 بوادي الأسيوطي","x2":31.543333,"y2":27.308056,"إدارة التوسع الأفقي":6,"اسم العملية":"إنشاء سد م1 ضمن مشروع حماية الوادي الاسيوطي من اخطار السيول","اسم المقاول":"شركة الري للاشغال العامة","اسم المنشأ":"سد م1 بوادي الأسيوطي","الإدارة المركزية للتوسع":2,"الارتفاع":7,"الزمن التكراري":100,"السعة التخزينية (ألف م3)":2430,"الطول (م)":300,"المحافظ":4,"الميل الأمامي":"1:3","الميل الجانبي":"1:3","الهدف من الإنشاء":"حماية مناطق الاستصطلاح بالوادى الأسيوطى","الوادي":"الوادي الاسيوطي","الوظيفة":5,"تاريخ آخر سيل تحديدا":"5/1/2024","حالة الدبش بالأمام":"جيدة","طبيعة العمل":3,"عام اخر سيل تحديدا":2024,"عام الإنشاء":2014,"عرض القاع":50,"عرض القمة":5,"قيمة العقد (ألف جنيه)":2979.25,"موقف التنفيذ":1,"نوع العمل الصناعي":1,"ObjectID":48}},{"type":"Feature","id":48,"geometry":{"type":"Point","coordinates":[31.591667,27.355]},"properties":{"Name":"سد م2 بوادي الأسيوطي","X":31.5916666674138,"Y":27.3550000000711,"Z":0,"Cood":6019,"Field_1":"سد م2 بوادي الأسيوطي","x2":31.591667,"y2":27.355,"إدارة التوسع الأفقي":6,"اسم العملية":"إنشاء سد م2 ضمن مشروع حماية الوادي الاسيوطي من اخطار السيول","اسم المقاول":"رأفت داود سعيد","اسم المنشأ":"سد م2 بوادي الأسيوطي","الإدارة المركزية للتوسع":2,"الارتفاع":7,"الزمن التكراري":100,"السعة التخزينية (ألف م3)":3000,"الطول (م)":600,"المحافظ":4,"الميل الأمامي":"1:3","الميل الجانبي":"1:3","الهدف من الإنشاء":"حماية مناطق الاستصطلاح بالوادى الأسيوطى","الوادي":"الوادي الاسيوطي","الوظيفة":5,"تاريخ آخر سيل تحديدا":"5/1/2024","حالة الدبش بالأمام":"جيدة","طبيعة العمل":3,"عام اخر سيل تحديدا":2024,"عام الإنشاء":2015,"عرض القاع":50,"عرض القمة":5,"قيمة العقد (ألف جنيه)":5560.75,"موقف التنفيذ":1,"نوع العمل الصناعي":1,"ObjectID":49}},{"type":"Feature","id":49,"geometry":{"type":"Point","coordinates":[31.540556,27.454722]},"properties":{"Name":"سد م3بوادي الأسيوطي","X":31.540555555662,"Y":27.4547222223241,"Z":0,"Cood":6020,"Field_1":"سد م3بوادي الأسيوطي","x2":31.540556,"y2":27.454722,"إدارة التوسع الأفقي":6,"اسم العملية":"إنشاء سد م3 ضمن مشروع حماية الوادي الاسيوطي من اخطار السيول","اسم المقاول":"0","اسم المنشأ":"سد م3بوادي الأسيوطي","الإدارة المركزية للتوسع":2,"الارتفاع":7,"الزمن التكراري":100,"السعة التخزينية (ألف م3)":1600,"الطول (م)":550,"المحافظ":4,"الميل الأمامي":"1:3","الميل الجانبي":"1:3","الهدف من الإنشاء":"حماية مناطق الاستصطلاح بالوادى الأسيوطى","الوادي":"الوادي الاسيوطي","الوظيفة":5,"تاريخ آخر سيل تحديدا":"5/1/2024","حالة الدبش بالأمام":"جيدة","طبيعة العمل":3,"عام اخر سيل تحديدا":2024,"عام الإنشاء":2015,"عرض القاع":50,"عرض القمة":5,"موقف التنفيذ":1,"نوع العمل الصناعي":1,"ObjectID":50}},{"type":"Feature","id":50,"geometry":{"type":"Point","coordinates":[31.216961,27.36845]},"properties":{"Name":"NULL","X":31.7595430556765,"Y":26.6548845830453,"Z":0,"Cood":6053,"x2":31.759543,"y2":26.654885,"إدارة التوسع الأفقي":6,"اسم العملية":"عملية حماية منطقة الصوامعة شرق من أخطار السيول مركز ساقلته - محافظة سوهاج","اسم المقاول":"مقاوله الجمعيه التعاونيه الانتاجيه للانشاء والتعم*","الإدارة المركزية للتوسع":2,"الارتفاع":7,"الزمن التكراري":100,"السعة التخزينية (ألف م3)":530,"الطول (م)":350,"المحافظ":5,"الميل الأمامي":"1:2","الميل الجانبي":"1:2","الهدف من الإنشاء":"حماية مدينة ساقلته من أخطار السيول الصوامعة شرق","الوادي":"الصوامعة شرق  (2)","الوظيفة":1,"تاريخ آخر سيل تحديدا":"5/1/2024","حالة الدبش بالأمام":"جيدة","طبيعة العمل":3,"عام اخر سيل تحديدا":2024,"عام الإنشاء":2021,"عرض القاع":32,"عرض القمة":4,"قيمة العقد (ألف جنيه)":2994.354,"مواد الإنهشاء":7,"موقف التنفيذ":1,"نوع العمل الصناعي":1,"ObjectID":22}},{"type":"Feature","id":51,"geometry":{"type":"Point","coordinates":[31.219167,27.332222]},"properties":{"Name":"سد س1","X":31.2191666674226,"Y":27.3322222218461,"Z":0,"Cood":6022,"Field_1":"سد س1","x2":31.219167,"y2":27.332222,"إدارة التوسع الأفقي":6,"اسم العملية":"عمليه حماية منطقة عرب العوامر من اخطار السيول (أ) مركز ابنوب","اسم المقاول":"0","اسم المنشأ":"سد س1","الإدارة المركزية للتوسع":2,"الارتفاع":3,"الزمن التكراري":100,"السعة التخزينية (ألف م3)":43,"الطول (م)":270,"المحافظ":4,"الميل الأمامي":"1:3","الميل الجانبي":"1:3","الهدف من الإنشاء":"حماية قرية عرب العوامر - المنطقة الصناعية بمركز ابنوب","الوادي":"منطقة عرب العوامر","الوظيفة":5,"تاريخ آخر سيل تحديدا":"8/1/2024","حالة الدبش بالأمام":"جيدة","طبيعة العمل":3,"عام اخر سيل تحديدا":2024,"عام الإنشاء":2018,"عرض القاع":43,"عرض القمة":4,"موقف التنفيذ":1,"نوع العمل الصناعي":1,"ObjectID":52}},{"type":"Feature","id":52,"geometry":{"type":"Point","coordinates":[31.242944,27.357375]},"properties":{"Name":"NULL","X":31.7595430556765,"Y":26.6548845830453,"Z":0,"Cood":6053,"x2":31.759543,"y2":26.654885,"إدارة التوسع الأفقي":6,"اسم العملية":"عملية حماية منطقة الصوامعة شرق من أخطار السيول مركز ساقلته - محافظة سوهاج","اسم المقاول":"مقاوله الجمعيه التعاونيه الانتاجيه للانشاء والتعم*","الإدارة المركزية للتوسع":2,"الارتفاع":7,"الزمن التكراري":100,"السعة التخزينية (ألف م3)":530,"الطول (م)":350,"المحافظ":5,"الميل الأمامي":"1:2","الميل الجانبي":"1:2","الهدف من الإنشاء":"حماية مدينة ساقلته من أخطار السيول الصوامعة شرق","الوادي":"الصوامعة شرق  (2)","الوظيفة":1,"تاريخ آخر سيل تحديدا":"5/1/2024","حالة الدبش بالأمام":"جيدة","طبيعة العمل":3,"عام اخر سيل تحديدا":2024,"عام الإنشاء":2021,"عرض القاع":32,"عرض القمة":4,"قيمة العقد (ألف جنيه)":2994.354,"مواد الإنهشاء":7,"موقف التنفيذ":1,"نوع العمل الصناعي":1,"ObjectID":22}},{"type":"Feature","id":53,"geometry":{"type":"Point","coordinates":[31.230814,27.348253]},"properties":{"Name":"NULL","X":31.7595430556765,"Y":26.6548845830453,"Z":0,"Cood":6053,"x2":31.759543,"y2":26.654885,"إدارة التوسع الأفقي":6,"اسم العملية":"عملية حماية منطقة الصوامعة شرق من أخطار السيول مركز ساقلته - محافظة سوهاج","اسم المقاول":"مقاوله الجمعيه التعاونيه الانتاجيه للانشاء والتعم*","الإدارة المركزية للتوسع":2,"الارتفاع":7,"الزمن التكراري":100,"السعة التخزينية (ألف م3)":530,"الطول (م)":350,"المحافظ":5,"الميل الأمامي":"1:2","الميل الجانبي":"1:2","الهدف من الإنشاء":"حماية مدينة ساقلته من أخطار السيول الصوامعة شرق","الوادي":"الصوامعة شرق  (2)","الوظيفة":1,"تاريخ آخر سيل تحديدا":"5/1/2024","حالة الدبش بالأمام":"جيدة","طبيعة العمل":3,"عام اخر سيل تحديدا":2024,"عام الإنشاء":2021,"عرض القاع":32,"عرض القمة":4,"قيمة العقد (ألف جنيه)":2994.354,"مواد الإنهشاء":7,"موقف التنفيذ":1,"نوع العمل الصناعي":1,"ObjectID":22}},{"type":"Feature","id":54,"geometry":{"type":"Point","coordinates":[31.879909,26.17156]},"properties":{"Name":"سد حماية الجير","X":31.8799086461182,"Y":26.1715603406272,"Z":0,"Cood":6029,"Field_1":"سد حماية الجير","x2":31.880623,"y2":26.173168,"إدارة التوسع الأفقي":6,"اسم العملية":"عملية حماية وادى الجير من أخطار السيول مركز البلينا بمحافظة سوهاج","اسم المقاول":"الشركة المصرية للرى والصرف والإنشاءات المدنية","اسم المنشأ":"سد حماية الجير","الإدارة المركزية للتوسع":2,"الارتفاع":8,"الزمن التكراري":100,"السعة التخزينية (ألف م3)":125,"الطول (م)":140,"المحافظ":5,"الميل الأمامي":"1:3","الميل الجانبي":"1:4","الهدف من الإنشاء":"حماية المناطق الاثرية بمركز اخميم ومركز البلينا من اخطار السيول","الوادي":"وادي الجير","الوظيفة":3,"تاريخ آخر سيل تحديدا":"5/1/2024","حالة الدبش بالأمام":"جيدة","طبيعة العمل":3,"عام اخر سيل تحديدا":2024,"عام الإنشاء":2020,"عرض القاع":71,"عرض القمة":8,"قيمة العقد (ألف جنيه)":2331.145,"مواد الإنهشاء":3,"موقف التنفيذ":1,"نوع العمل الصناعي":1,"ObjectID":55}},{"type":"Feature","id":55,"geometry":{"type":"Point","coordinates":[31.360354,26.781966]},"properties":{"Name":"سد م6 وادى نزلة عمارة","X":31.3603540236209,"Y":26.7819661118793,"Z":0,"Cood":6032,"Field_1":"سد م6 وادى نزلة عمارة","x2":31.360354,"y2":26.781966,"إدارة التوسع الأفقي":6,"اسم العملية":"عملية إنشاء سد م 6 ضمن حماية البنية الاساسية بمخرج وادى نزلة عمارة من أخطار السيول","اسم المقاول":"الجمعية التعاونية الإنتاجية للإنشاء والتعمير بأسي*","اسم المنشأ":"سد م6 وادى نزلة عمارة","الإدارة المركزية للتوسع":2,"الارتفاع":9,"الزمن التكراري":100,"الطول (م)":140,"المحافظ":5,"الميل الأمامي":"1:3","الميل الجانبي":"1:3","الهدف من الإنشاء":"حماية البنيه الاساسيه بمخرج وادي نزلة عماره من اخطار السيول","الوادي":"وادي نزلة عمارة","الوظيفة":1,"تاريخ آخر سيل تحديدا":"5/1/2024","حالة الدبش بالأمام":"جيدة","طبيعة العمل":3,"عام اخر سيل تحديدا":2024,"عام الإنشاء":2015,"عرض القاع":96,"عرض القمة":8,"قيمة العقد (ألف جنيه)":4981.67,"مواد الإنهشاء":2,"موقف التنفيذ":1,"نوع العمل الصناعي":1,"ObjectID":56}},{"type":"Feature","id":56,"geometry":{"type":"Point","coordinates":[31.221889,27.053142]},"properties":{"Name":"سد م3","X":30.9672222218197,"Y":27.3883333333375,"Z":0,"Cood":6047,"Field_1":"سد م3","x2":30.967222,"y2":27.388333,"إدارة التوسع الأفقي":6,"اسم العملية":"عملية حماية قرية دير الأمير تادوس من اخطار السيول","اسم المقاول":"شركه الصفوه للمقاولات","اسم المنشأ":"سد م3","الإدارة المركزية للتوسع":2,"الارتفاع":8,"الزمن التكراري":100,"السعة التخزينية (ألف م3)":10.0647,"الطول (م)":145,"المحافظ":4,"الميل الأمامي":"1:3","الميل الجانبي":"1:4","الهدف من الإنشاء":"حماية دير الامير تادرس الشطبي من أخطار السيول","الوادي":"دير الأمير تادرس الشطبي","الوظيفة":1,"تاريخ آخر سيل تحديدا":"5/1/2024","حالة الدبش بالأمام":"جيدة","طبيعة العمل":3,"عام اخر سيل تحديدا":2024,"عام الإنشاء":2023,"عرض القاع":79,"عرض القمة":8,"قيمة العقد (ألف جنيه)":6952.142857,"مواد الإنهشاء":1,"موقف التنفيذ":1,"نوع العمل الصناعي":1,"ObjectID":21}},{"type":"Feature","id":57,"geometry":{"type":"Point","coordinates":[31.205475,27.057042]},"properties":{"Name":"سد م1","X":30.783758502954,"Y":28.1306240535343,"Z":0,"Cood":6042,"Field_1":"سد م1","x2":30.783333,"y2":28.130833,"إدارة التوسع الأفقي":6,"اسم العملية":"عملية حماية قرية عرب الشيخ محمد من أخطار السيول مركز المنيا - محافظة أسيوط","اسم المقاول":"شركه الصفوه للمقاولات","اسم المنشأ":"سد م1","الإدارة المركزية للتوسع":2,"الارتفاع":3,"الزمن التكراري":100,"السعة التخزينية (ألف م3)":2816.1,"الطول (م)":60,"المحافظ":3,"الميل الأمامي":"1:3","الميل الجانبي":"1:4","الهدف من الإنشاء":"حماية منطقة عرب الشيخ محمد  من اخطار السيول","الوادي":"wمنطقة عرب الشيخ محمد1","الوظيفة":5,"تاريخ آخر سيل تحديدا":"5/1/2024","حالة الدبش بالأمام":"جيدة","طبيعة العمل":3,"عام اخر سيل تحديدا":2024,"عام الإنشاء":1019,"عرض القاع":33,"عرض القمة":5,"قيمة العقد (ألف جنيه)":6952.142857,"مواد الإنهشاء":3,"موقف التنفيذ":1,"نوع العمل الصناعي":1,"ObjectID":16}},{"type":"Feature","id":58,"geometry":{"type":"Point","coordinates":[31.217644,27.053872]},"properties":{"Name":"سد م2","X":30.7844444443557,"Y":28.1252777781008,"Z":0,"Cood":6043,"Field_1":"سد م2","x2":30.784444,"y2":28.125278,"إدارة التوسع الأفقي":6,"اسم العملية":"عملية حماية قرية عرب الشيخ محمد من أخطار السيول مركز المنيا - محافظة أسيوط","اسم المقاول":"شركه الصفوه للمقاولات","اسم المنشأ":"سد م2","الإدارة المركزية للتوسع":2,"الارتفاع":3,"الزمن التكراري":100,"السعة التخزينية (ألف م3)":2.6856,"الطول (م)":95,"المحافظ":3,"الميل الأمامي":"1:3","الميل الجانبي":"1:4","الهدف من الإنشاء":"حماية منطقة عرب الشيخ محمد  من اخطار السيول","الوادي":"wمنطقة عرب الشيخ محمد2","الوظيفة":5,"تاريخ آخر سيل تحديدا":"5/1/2024","حالة الدبش بالأمام":"جيدة","طبيعة العمل":3,"عام اخر سيل تحديدا":2024,"عام الإنشاء":1019,"عرض القاع":33,"عرض القمة":5,"قيمة العقد (ألف جنيه)":6952.142857,"مواد الإنهشاء":3,"موقف التنفيذ":1,"نوع العمل الصناعي":1,"ObjectID":18}},{"type":"Feature","id":59,"geometry":{"type":"Point","coordinates":[31.284322,26.922911]},"properties":{"Name":"سد م3","X":30.9672222218197,"Y":27.3883333333375,"Z":0,"Cood":6047,"Field_1":"سد م3","x2":30.967222,"y2":27.388333,"إدارة التوسع الأفقي":6,"اسم العملية":"عملية حماية قرية دير الأمير تادوس من اخطار السيول","اسم المقاول":"شركه الصفوه للمقاولات","اسم المنشأ":"سد م3","الإدارة المركزية للتوسع":2,"الارتفاع":8,"الزمن التكراري":100,"السعة التخزينية (ألف م3)":10.0647,"الطول (م)":145,"المحافظ":4,"الميل الأمامي":"1:3","الميل الجانبي":"1:4","الهدف من الإنشاء":"حماية دير الامير تادرس الشطبي من أخطار السيول","الوادي":"دير الأمير تادرس الشطبي","الوظيفة":1,"تاريخ آخر سيل تحديدا":"5/1/2024","حالة الدبش بالأمام":"جيدة","طبيعة العمل":3,"عام اخر سيل تحديدا":2024,"عام الإنشاء":2023,"عرض القاع":79,"عرض القمة":8,"قيمة العقد (ألف جنيه)":6952.142857,"مواد الإنهشاء":1,"موقف التنفيذ":1,"نوع العمل الصناعي":1,"ObjectID":21}},{"type":"Feature","id":60,"geometry":{"type":"Point","coordinates":[31.278994,26.921722]},"properties":{"Name":"سد م2","X":30.7844444443557,"Y":28.1252777781008,"Z":0,"Cood":6043,"Field_1":"سد م2","x2":30.784444,"y2":28.125278,"إدارة التوسع الأفقي":6,"اسم العملية":"عملية حماية قرية عرب الشيخ محمد من أخطار السيول مركز المنيا - محافظة أسيوط","اسم المقاول":"شركه الصفوه للمقاولات","اسم المنشأ":"سد م2","الإدارة المركزية للتوسع":2,"الارتفاع":3,"الزمن التكراري":100,"السعة التخزينية (ألف م3)":2.6856,"الطول (م)":95,"المحافظ":3,"الميل الأمامي":"1:3","الميل الجانبي":"1:4","الهدف من الإنشاء":"حماية منطقة عرب الشيخ محمد  من اخطار السيول","الوادي":"wمنطقة عرب الشيخ محمد2","الوظيفة":5,"تاريخ آخر سيل تحديدا":"5/1/2024","حالة الدبش بالأمام":"جيدة","طبيعة العمل":3,"عام اخر سيل تحديدا":2024,"عام الإنشاء":1019,"عرض القاع":33,"عرض القمة":5,"قيمة العقد (ألف جنيه)":6952.142857,"مواد الإنهشاء":3,"موقف التنفيذ":1,"نوع العمل الصناعي":1,"ObjectID":18}},{"type":"Feature","id":61,"geometry":{"type":"Point","coordinates":[32.189887,26.546472]},"properties":{"Name":"k4 سد","X":32.1898864997688,"Y":26.5464722780177,"Z":0,"Cood":6064,"Field_1":"k4 سد","x2":32.189886,"y2":26.546472,"إدارة التوسع الأفقي":6,"اسم العملية":"عمليه حماية منطقه وادي قصب من اخطار السيول","اسم المنشأ":"k4 سد","الإدارة المركزية للتوسع":2,"الارتفاع":5,"الزمن التكراري":50,"السعة التخزينية (ألف م3)":0.466,"الطول (م)":200,"المحافظ":5,"الميل الأمامي":"1:3","الميل الجانبي":"1:3","الهدف من الإنشاء":"حماية منطقه وادي قصب من اخطار السيول","الوادي":"وادي قصب","الوظيفة":1,"تاريخ آخر سيل تحديدا":"5/1/2024","حالة الدبش بالأمام":"جيدة","طبيعة العمل":3,"عام اخر سيل تحديدا":2024,"عام الإنشاء":2017,"عرض القاع":33,"عرض القمة":3,"مواد الإنهشاء":2,"موقف التنفيذ":1,"نوع العمل الصناعي":1,"ObjectID":62}},{"type":"Feature","id":62,"geometry":{"type":"Point","coordinates":[32.16889,26.530344]},"properties":{"Name":"K5 سد","X":32.1688898061342,"Y":26.5303443613645,"Z":0,"Cood":6065,"Field_1":"K5 سد","x2":32.16889,"y2":26.530344,"إدارة التوسع الأفقي":6,"اسم العملية":"عمليه حماية منطقه وادي قصب من اخطار السيول","اسم المنشأ":"K5 سد","الإدارة المركزية للتوسع":2,"الارتفاع":50.5,"الزمن التكراري":50,"السعة التخزينية (ألف م3)":0.918,"الطول (م)":350,"المحافظ":5,"الميل الأمامي":"1:3","الميل الجانبي":"1:3","الهدف من الإنشاء":"حماية منطقه وادي قصب من اخطار السيول","الوادي":"وادي قصب","الوظيفة":1,"تاريخ آخر سيل تحديدا":"5/1/2024","حالة الدبش بالأمام":"جيدة","طبيعة العمل":3,"عام اخر سيل تحديدا":2024,"عام الإنشاء":2017,"عرض القاع":36,"عرض القمة":3,"مواد الإنهشاء":2,"موقف التنفيذ":1,"نوع العمل الصناعي":1,"ObjectID":63}},{"type":"Feature","id":63,"geometry":{"type":"Point","coordinates":[32.120942,26.463735]},"properties":{"Name":"K6 سد","X":32.1209421937661,"Y":26.463735333119,"Z":0,"Cood":6066,"Field_1":"K6 سد","x2":32.120942,"y2":26.463735,"إدارة التوسع الأفقي":6,"اسم العملية":"عمليه حماية منطقه وادي قصب من اخطار السيول","اسم المنشأ":"K6 سد","الإدارة المركزية للتوسع":2,"الارتفاع":5.5,"الزمن التكراري":50,"السعة التخزينية (ألف م3)":3.5,"الطول (م)":1000,"المحافظ":5,"الميل الأمامي":"1:3","الميل الجانبي":"1:3","الهدف من الإنشاء":"حماية منطقه وادي قصب من اخطار السيول","الوادي":"وادي قصب","الوظيفة":1,"تاريخ آخر سيل تحديدا":"5/1/2024","حالة الدبش بالأمام":"جيدة","طبيعة العمل":3,"عام اخر سيل تحديدا":2024,"عام الإنشاء":2017,"عرض القاع":36,"عرض القمة":3,"مواد الإنهشاء":2,"موقف التنفيذ":1,"نوع العمل الصناعي":1,"ObjectID":64}},{"type":"Feature","id":64,"geometry":{"type":"Point","coordinates":[32.054628,26.357703]},"properties":{"Name":"K7 سد","X":32.0546279174476,"Y":26.3577031668317,"Z":0,"Cood":6067,"Field_1":"K7 سد","x2":32.054628,"y2":26.357703,"إدارة التوسع الأفقي":6,"اسم العملية":"عمليه حماية منطقه وادي قصب من اخطار السيول","اسم المنشأ":"K7 سد","الإدارة المركزية للتوسع":2,"الارتفاع":6,"الزمن التكراري":50,"السعة التخزينية (ألف م3)":5.9,"الطول (م)":1100,"المحافظ":5,"الميل الأمامي":"1:3","الميل الجانبي":"1:3","الهدف من الإنشاء":"حماية منطقه وادي قصب من اخطار السيول","الوادي":"وادي قصب","الوظيفة":1,"تاريخ آخر سيل تحديدا":"5/1/2024","حالة الدبش بالأمام":"جيدة","طبيعة العمل":3,"عام اخر سيل تحديدا":2024,"عام الإنشاء":2017,"عرض القاع":41,"عرض القمة":3,"مواد الإنهشاء":2,"موقف التنفيذ":1,"نوع العمل الصناعي":1,"ObjectID":65}},{"type":"Feature","id":65,"geometry":{"type":"Point","coordinates":[31.392408,27.076069]},"properties":{"Name":"سد م2","X":30.7844444443557,"Y":28.1252777781008,"Z":0,"Cood":6043,"Field_1":"سد م2","x2":30.784444,"y2":28.125278,"إدارة التوسع الأفقي":6,"اسم العملية":"عملية حماية قرية عرب الشيخ محمد من أخطار السيول مركز المنيا - محافظة أسيوط","اسم المقاول":"شركه الصفوه للمقاولات","اسم المنشأ":"سد م2","الإدارة المركزية للتوسع":2,"الارتفاع":3,"الزمن التكراري":100,"السعة التخزينية (ألف م3)":2.6856,"الطول (م)":95,"المحافظ":3,"الميل الأمامي":"1:3","الميل الجانبي":"1:4","الهدف من الإنشاء":"حماية منطقة عرب الشيخ محمد  من اخطار السيول","الوادي":"wمنطقة عرب الشيخ محمد2","الوظيفة":5,"تاريخ آخر سيل تحديدا":"5/1/2024","حالة الدبش بالأمام":"جيدة","طبيعة العمل":3,"عام اخر سيل تحديدا":2024,"عام الإنشاء":1019,"عرض القاع":33,"عرض القمة":5,"قيمة العقد (ألف جنيه)":6952.142857,"مواد الإنهشاء":3,"موقف التنفيذ":1,"نوع العمل الصناعي":1,"ObjectID":18}},{"type":"Feature","id":66,"geometry":{"type":"Point","coordinates":[31.395417,27.072683]},"properties":{"Name":"سد م1","X":30.783758502954,"Y":28.1306240535343,"Z":0,"Cood":6042,"Field_1":"سد م1","x2":30.783333,"y2":28.130833,"إدارة التوسع الأفقي":6,"اسم العملية":"عملية حماية قرية عرب الشيخ محمد من أخطار السيول مركز المنيا - محافظة أسيوط","اسم المقاول":"شركه الصفوه للمقاولات","اسم المنشأ":"سد م1","الإدارة المركزية للتوسع":2,"الارتفاع":3,"الزمن التكراري":100,"السعة التخزينية (ألف م3)":2816.1,"الطول (م)":60,"المحافظ":3,"الميل الأمامي":"1:3","الميل الجانبي":"1:4","الهدف من الإنشاء":"حماية منطقة عرب الشيخ محمد  من اخطار السيول","الوادي":"wمنطقة عرب الشيخ محمد1","الوظيفة":5,"تاريخ آخر سيل تحديدا":"5/1/2024","حالة الدبش بالأمام":"جيدة","طبيعة العمل":3,"عام اخر سيل تحديدا":2024,"عام الإنشاء":1019,"عرض القاع":33,"عرض القمة":5,"قيمة العقد (ألف جنيه)":6952.142857,"مواد الإنهشاء":3,"موقف التنفيذ":1,"نوع العمل الصناعي":1,"ObjectID":16}},{"type":"Feature","id":67,"geometry":{"type":"Point","coordinates":[31.615278,26.351389]},"properties":{"Name":"W2 سد","X":31.615277777521,"Y":26.3513888892954,"Z":0,"Cood":6070,"Field_1":"W2 سد","x2":31.615278,"y2":26.351389,"إدارة التوسع الأفقي":6,"اسم العملية":"عمليه حمايه مطار سوهاج من اخطار السيول","اسم المنشأ":"W2 سد","الإدارة المركزية للتوسع":2,"الارتفاع":4.5,"الزمن التكراري":100,"السعة التخزينية (ألف م3)":12500,"الطول (م)":90,"المحافظ":5,"الميل الأمامي":"3:1","الميل الجانبي":"3:1","الهدف من الإنشاء":"حماية مطار سوهاج الدولي من اخطار السيول","الوادي":"الوادي المؤثر علي مطار سوهاج الدولي w5","الوظيفة":1,"تاريخ آخر سيل تحديدا":"5/1/2024","حالة الدبش بالأمام":"جيدة","طبيعة العمل":3,"عام اخر سيل تحديدا":2024,"عام الإنشاء":2012,"عرض القاع":53,"عرض القمة":5,"موقف التنفيذ":1,"نوع العمل الصناعي":1,"ObjectID":68}},{"type":"Feature","id":68,"geometry":{"type":"Point","coordinates":[31.699893,26.273727]},"properties":{"Name":"W5 سد","X":31.6998926998952,"Y":26.2737266608543,"Z":0,"Cood":6071,"Field_1":"W5 سد","x2":31.704722,"y2":26.269444,"إدارة التوسع الأفقي":6,"اسم العملية":"عمليه حمايه مطار سوهاج من اخطار السيول","اسم المنشأ":"W5 سد","الإدارة المركزية للتوسع":2,"الارتفاع":4.5,"الحالة الهيدروليكية":"جيدة","الزمن التكراري":100,"السعة التخزينية (ألف م3)":12500,"الطول (م)":90,"المحافظ":5,"الميل الأمامي":"3:1","الميل الجانبي":"3:1","الهدف من الإنشاء":"حماية مطار سوهاج الدولي من اخطار السيول","الوادي":"الوادي المؤثر علي مطار سوهاج الدولي w2","الوظيفة":1,"تاريخ آخر سيل تحديدا":"5/1/2024","طبيعة العمل":3,"عام اخر سيل تحديدا":2024,"عام الإنشاء":2012,"عرض القاع":53,"عرض القمة":5,"موقف التنفيذ":1,"نوع العمل الصناعي":1,"ObjectID":69}},{"type":"Feature","id":69,"geometry":{"type":"Point","coordinates":[31.52,26.926111]},"properties":{"Name":"سد م2","X":30.7844444443557,"Y":28.1252777781008,"Z":0,"Cood":6043,"Field_1":"سد م2","x2":30.784444,"y2":28.125278,"إدارة التوسع الأفقي":6,"اسم العملية":"عملية حماية قرية عرب الشيخ محمد من أخطار السيول مركز المنيا - محافظة أسيوط","اسم المقاول":"شركه الصفوه للمقاولات","اسم المنشأ":"سد م2","الإدارة المركزية للتوسع":2,"الارتفاع":3,"الزمن التكراري":100,"السعة التخزينية (ألف م3)":2.6856,"الطول (م)":95,"المحافظ":3,"الميل الأمامي":"1:3","الميل الجانبي":"1:4","الهدف من الإنشاء":"حماية منطقة عرب الشيخ محمد  من اخطار السيول","الوادي":"wمنطقة عرب الشيخ محمد2","الوظيفة":5,"تاريخ آخر سيل تحديدا":"5/1/2024","حالة الدبش بالأمام":"جيدة","طبيعة العمل":3,"عام اخر سيل تحديدا":2024,"عام الإنشاء":1019,"عرض القاع":33,"عرض القمة":5,"قيمة العقد (ألف جنيه)":6952.142857,"مواد الإنهشاء":3,"موقف التنفيذ":1,"نوع العمل الصناعي":1,"ObjectID":18}},{"type":"Feature","id":70,"geometry":{"type":"Point","coordinates":[31.5275,26.928056]},"properties":{"Name":"سد م4","X":30.9842583330219,"Y":27.5159722221517,"Z":0,"Cood":6011,"Field_1":"سد م4","x2":30.984258,"y2":27.515972,"إدارة التوسع الأفقي":6,"اسم العملية":"عملية حماية البنية الاساسية لوادي العمراني (أ) من اخطار السيول","اسم المقاول":"المكتب الهندسي للمقاولات العمومية بأسيوط","اسم المنشأ":"سد م4","الإدارة المركزية للتوسع":2,"الارتفاع":7,"الزمن التكراري":100,"السعة التخزينية (ألف م3)":1100,"الطول (م)":190,"المحافظ":4,"الميل الأمامي":"1:3","الميل الجانبي":"1:3","الهدف من الإنشاء":"حماية منطقة الحوطة الشرقية من اخطار السيول","الوادي":"الوادي العمراني","الوظيفة":5,"تاريخ آخر سيل تحديدا":"8/1/2024","حالة الدبش بالأمام":"جيدة","طبيعة العمل":3,"عام اخر سيل تحديدا":2024,"عام الإنشاء":2021,"عرض القاع":66.9,"عرض القمة":5,"قيمة العقد (ألف جنيه)":8412.536,"موقف التنفيذ":1,"نوع العمل الصناعي":1,"ObjectID":43}},{"type":"Feature","id":71,"geometry":{"type":"Point","coordinates":[31.525278,26.9275]},"properties":{"Name":"سد م3","X":30.9672222218197,"Y":27.3883333333375,"Z":0,"Cood":6047,"Field_1":"سد م3","x2":30.967222,"y2":27.388333,"إدارة التوسع الأفقي":6,"اسم العملية":"عملية حماية قرية دير الأمير تادوس من اخطار السيول","اسم المقاول":"شركه الصفوه للمقاولات","اسم المنشأ":"سد م3","الإدارة المركزية للتوسع":2,"الارتفاع":8,"الزمن التكراري":100,"السعة التخزينية (ألف م3)":10.0647,"الطول (م)":145,"المحافظ":4,"الميل الأمامي":"1:3","الميل الجانبي":"1:4","الهدف من الإنشاء":"حماية دير الامير تادرس الشطبي من أخطار السيول","الوادي":"دير الأمير تادرس الشطبي","الوظيفة":1,"تاريخ آخر سيل تحديدا":"5/1/2024","حالة الدبش بالأمام":"جيدة","طبيعة العمل":3,"عام اخر سيل تحديدا":2024,"عام الإنشاء":2023,"عرض القاع":79,"عرض القمة":8,"قيمة العقد (ألف جنيه)":6952.142857,"مواد الإنهشاء":1,"موقف التنفيذ":1,"نوع العمل الصناعي":1,"ObjectID":21}},{"type":"Feature","id":72,"geometry":{"type":"Point","coordinates":[31.518333,26.917222]},"properties":{"Name":"سد م1","X":30.783758502954,"Y":28.1306240535343,"Z":0,"Cood":6042,"Field_1":"سد م1","x2":30.783333,"y2":28.130833,"إدارة التوسع الأفقي":6,"اسم العملية":"عملية حماية قرية عرب الشيخ محمد من أخطار السيول مركز المنيا - محافظة أسيوط","اسم المقاول":"شركه الصفوه للمقاولات","اسم المنشأ":"سد م1","الإدارة المركزية للتوسع":2,"الارتفاع":3,"الزمن التكراري":100,"السعة التخزينية (ألف م3)":2816.1,"الطول (م)":60,"المحافظ":3,"الميل الأمامي":"1:3","الميل الجانبي":"1:4","الهدف من الإنشاء":"حماية منطقة عرب الشيخ محمد  من اخطار السيول","الوادي":"wمنطقة عرب الشيخ محمد1","الوظيفة":5,"تاريخ آخر سيل تحديدا":"5/1/2024","حالة الدبش بالأمام":"جيدة","طبيعة العمل":3,"عام اخر سيل تحديدا":2024,"عام الإنشاء":1019,"عرض القاع":33,"عرض القمة":5,"قيمة العقد (ألف جنيه)":6952.142857,"مواد الإنهشاء":3,"موقف التنفيذ":1,"نوع العمل الصناعي":1,"ObjectID":16}},{"type":"Feature","id":73,"geometry":{"type":"Point","coordinates":[31.361589,26.779225]},"properties":{"Name":"سد م1 بوادي نزلة عمارة","X":31.3615888894128,"Y":26.7792249999081,"Z":0,"Cood":6079,"Field_1":"سد م1 بوادي نزلة عمارة","x2":31.361589,"y2":26.779225,"إدارة التوسع الأفقي":6,"اسم العملية":"عمليه حماية منطقة نزلة عمارة من اخطار السيول","اسم المقاول":"المؤسسة العربية للمقاولات و الاشغال العامه (م/كام*","اسم المنشأ":"سد م1 بوادي نزلة عمارة","الإدارة المركزية للتوسع":2,"الارتفاع":4,"الزمن التكراري":100,"الطول (م)":45,"المحافظ":5,"الهدف من الإنشاء":"حماية منطقة نزلة عمارة من اخطار السيول","الوادي":"الاوديه المؤثره علي منطقه نزلة عمارة","الوظيفة":1,"تاريخ آخر سيل تحديدا":"5/1/2024","حالة الدبش بالأمام":"جيدة","طبيعة العمل":3,"عام اخر سيل تحديدا":2024,"عام الإنشاء":2016,"قيمة العقد (ألف جنيه)":5023,"مواد الإنهشاء":2,"موقف التنفيذ":1,"نوع العمل الصناعي":1,"ObjectID":74}},{"type":"Feature","id":74,"geometry":{"type":"Point","coordinates":[31.360286,26.78206]},"properties":{"Name":"سد م3 بوادي نزلة عماره","X":31.3602857774673,"Y":26.7820595190173,"Z":0,"Cood":6081,"Field_1":"سد م3 بوادي نزلة عماره","x2":31.359422,"y2":26.779556,"إدارة التوسع الأفقي":6,"اسم العملية":"عمليه حماية منطقة نزلة عمارة من اخطار السيول","اسم المقاول":"شركه اشرف ابراهيم و وشركاه المقاولات","اسم المنشأ":"سد م3 بوادي نزلة عماره","الإدارة المركزية للتوسع":2,"الارتفاع":4,"الزمن التكراري":100,"المحافظ":5,"الهدف من الإنشاء":"حماية منطقة نزلة عمارة من اخطار السيول","الوادي":"الاوديه المؤثره علي منطقه نزلة عمارة","الوظيفة":1,"تاريخ آخر سيل تحديدا":"5/1/2024","حالة الدبش بالأمام":"جيدة","طبيعة العمل":3,"عام اخر سيل تحديدا":2024,"عام الإنشاء":2016,"قيمة العقد (ألف جنيه)":2217.284,"مواد الإنهشاء":6,"موقف التنفيذ":2,"نوع العمل الصناعي":1,"ObjectID":75}},{"type":"Feature","id":75,"geometry":{"type":"Point","coordinates":[31.357433,26.785686]},"properties":{"Name":"سد م4","X":30.9842583330219,"Y":27.5159722221517,"Z":0,"Cood":6011,"Field_1":"سد م4","x2":30.984258,"y2":27.515972,"إدارة التوسع الأفقي":6,"اسم العملية":"عملية حماية البنية الاساسية لوادي العمراني (أ) من اخطار السيول","اسم المقاول":"المكتب الهندسي للمقاولات العمومية بأسيوط","اسم المنشأ":"سد م4","الإدارة المركزية للتوسع":2,"الارتفاع":7,"الزمن التكراري":100,"السعة التخزينية (ألف م3)":1100,"الطول (م)":190,"المحافظ":4,"الميل الأمامي":"1:3","الميل الجانبي":"1:3","الهدف من الإنشاء":"حماية منطقة الحوطة الشرقية من اخطار السيول","الوادي":"الوادي العمراني","الوظيفة":5,"تاريخ آخر سيل تحديدا":"8/1/2024","حالة الدبش بالأمام":"جيدة","طبيعة العمل":3,"عام اخر سيل تحديدا":2024,"عام الإنشاء":2021,"عرض القاع":66.9,"عرض القمة":5,"قيمة العقد (ألف جنيه)":8412.536,"موقف التنفيذ":1,"نوع العمل الصناعي":1,"ObjectID":43}},{"type":"Feature","id":76,"geometry":{"type":"Point","coordinates":[31.358525,26.784525]},"properties":{"Name":"سد م5","X":31.3585249998496,"Y":26.7845250001159,"Z":0,"Cood":6083,"Field_1":"سد م5","x2":31.358525,"y2":26.784525,"إدارة التوسع الأفقي":6,"اسم العملية":"عمليه حماية منطقة نزلة عمارة من اخطار السيول","اسم المنشأ":"سد م5","الإدارة المركزية للتوسع":2,"الارتفاع":4,"الزمن التكراري":100,"السعة التخزينية (ألف م3)":80,"المحافظ":5,"الهدف من الإنشاء":"حماية منطقة نزلة عمارة من اخطار السيول","الوادي":"الاوديه المؤثره علي منطقه نزلة عمارة","الوظيفة":1,"تاريخ آخر سيل تحديدا":"5/1/2024","حالة الدبش بالأمام":"جيدة","طبيعة العمل":3,"عام اخر سيل تحديدا":2024,"عام الإنشاء":2016,"مواد الإنهشاء":6,"موقف التنفيذ":1,"نوع العمل الصناعي":1,"ObjectID":77}},{"type":"Feature","id":77,"geometry":{"type":"Point","coordinates":[32.233436,26.498279]},"properties":{"Name":"N1 سد","X":32.2334355278854,"Y":26.4982793328691,"Z":0,"Cood":6084,"Field_1":"N1 سد","x2":32.233436,"y2":26.498279,"إدارة التوسع الأفقي":6,"اسم العملية":"عمليه حماية منطقة وادي ابو نافوخ من اخطار السيول","اسم المقاول":"الجمعية التعاونية الانتاجية للانشاء و التعمير باب*","اسم المنشأ":"N1 سد","الإدارة المركزية للتوسع":2,"الارتفاع":6,"الزمن التكراري":50,"الطول (م)":180,"المحافظ":5,"الميل الأمامي":"3:1","الميل الجانبي":"3:1","الهدف من الإنشاء":"حماية منطقة وادي ابو نافوخ من اخطار السيول","الوادي":"وادي ابو نافوخ","الوظيفة":1,"تاريخ آخر سيل تحديدا":"5/1/2024","حالة الدبش بالأمام":"جيدة","طبيعة العمل":3,"عام اخر سيل تحديدا":2024,"عام الإنشاء":2017,"عرض القاع":41,"عرض القمة":3,"قيمة العقد (ألف جنيه)":12659.2,"مواد الإنهشاء":2,"موقف التنفيذ":2,"نوع العمل الصناعي":1,"ObjectID":78}},{"type":"Feature","id":78,"geometry":{"type":"Point","coordinates":[32.175359,26.396478]},"properties":{"Name":"N2 سد","X":32.1753588327054,"Y":26.3964783605993,"Z":0,"Cood":6085,"Field_1":"N2 سد","x2":32.175359,"y2":26.396478,"إدارة التوسع الأفقي":6,"اسم العملية":"عمليه حماية منطقة وادي ابو نافوخ من اخطار السيول","اسم المقاول":"الجمعية التعاونية الانتاجية للانشاء و التعمير باب*","اسم المنشأ":"N2 سد","الإدارة المركزية للتوسع":2,"الارتفاع":5,"الزمن التكراري":50,"السعة التخزينية (ألف م3)":750,"الطول (م)":570,"المحافظ":5,"الميل الأمامي":"3:1","الميل الجانبي":"3:1","الهدف من الإنشاء":"حماية منطقة وادي ابو نافوخ من اخطار السيول","الوادي":"وادي ابو نافوخ","الوظيفة":1,"تاريخ آخر سيل تحديدا":"5/1/2024","حالة الدبش بالأمام":"جيدة","طبيعة العمل":3,"عام اخر سيل تحديدا":2024,"عام الإنشاء":2017,"عرض القاع":35,"عرض القمة":3,"قيمة العقد (ألف جنيه)":12659.2,"مواد الإنهشاء":4,"موقف التنفيذ":2,"نوع العمل الصناعي":1,"ObjectID":79}},{"type":"Feature","id":79,"geometry":{"type":"Point","coordinates":[32.139447,26.324693]},"properties":{"Name":"N3 سد","X":32.1394466937068,"Y":26.3246927216292,"Z":0,"Cood":6086,"Field_1":"N3 سد","x2":32.139447,"y2":26.324693,"إدارة التوسع الأفقي":6,"اسم العملية":"عمليه حماية منطقة وادي ابو نافوخ من اخطار السيول","اسم المقاول":"الجمعية التعاونية الانتاجية للانشاء و التعمير باب*","اسم المنشأ":"N3 سد","الإدارة المركزية للتوسع":2,"الارتفاع":3.5,"الزمن التكراري":50,"السعة التخزينية (ألف م3)":2150,"الطول (م)":800,"المحافظ":5,"الميل الأمامي":"3:1","الميل الجانبي":"3:1","الهدف من الإنشاء":"حماية منطقة وادي ابو نافوخ من اخطار السيول","الوادي":"وادي ابو نافوخ","الوظيفة":1,"تاريخ آخر سيل تحديدا":"5/1/2024","حالة الدبش بالأمام":"جيدة","طبيعة العمل":3,"عام اخر سيل تحديدا":2024,"عام الإنشاء":2017,"عرض القاع":26,"عرض القمة":3,"قيمة العقد (ألف جنيه)":12659.2,"موقف التنفيذ":2,"نوع العمل الصناعي":1,"ObjectID":80}},{"type":"Feature","id":80,"geometry":{"type":"Point","coordinates":[32.151061,26.318887]},"properties":{"Name":"N4 سد","X":32.1510611674098,"Y":26.3188872217288,"Z":0,"Cood":6087,"Field_1":"N4 سد","x2":32.151061,"y2":26.318887,"إدارة التوسع الأفقي":6,"اسم العملية":"عمليه حماية منطقة وادي ابو نافوخ من اخطار السيول","اسم المقاول":"الجمعية التعاونية الانتاجية للانشاء و التعمير باب*","اسم المنشأ":"N4 سد","الإدارة المركزية للتوسع":2,"الارتفاع":5.5,"الزمن التكراري":50,"السعة التخزينية (ألف م3)":1730,"الطول (م)":1770,"المحافظ":5,"الميل الأمامي":"3:1","الميل الجانبي":"3:1","الهدف من الإنشاء":"حماية منطقة وادي ابو نافوخ من اخطار السيول","الوادي":"وادي ابو نافوخ","الوظيفة":1,"تاريخ آخر سيل تحديدا":"5/1/2024","حالة الدبش بالأمام":"جيدة","طبيعة العمل":3,"عام اخر سيل تحديدا":2024,"عام الإنشاء":2017,"عرض القاع":38,"عرض القمة":3,"قيمة العقد (ألف جنيه)":12659.2,"موقف التنفيذ":2,"نوع العمل الصناعي":1,"ObjectID":81}},{"type":"Feature","id":81,"geometry":{"type":"Point","coordinates":[31.339955,26.845382]},"properties":{"Name":"سد م1 الدوير","X":31.3399548612544,"Y":26.8453816393576,"Z":0,"Cood":6088,"Field_1":"سد م1 الدوير","x2":31.339955,"y2":26.845382,"إدارة التوسع الأفقي":6,"اسم العملية":"عمليه حمايه منطقه الدوير من اخطار السيول","اسم المقاول":"الجمعية التعاونية الانتاجية للانشاء و التعمير باب*","اسم المنشأ":"سد م1 الدوير","الإدارة المركزية للتوسع":2,"الارتفاع":4,"الزمن التكراري":50,"السعة التخزينية (ألف م3)":4280,"الطول (م)":60,"المحافظ":5,"الميل الأمامي":"3:1","الميل الجانبي":"3:1","الهدف من الإنشاء":"حماية منطقة الدوير من أخطار السيول","الوادي":"وادي الخور القبلي المؤثر علي القرية بالدوير","الوظيفة":1,"تاريخ آخر سيل تحديدا":"5/1/2024","حالة الدبش بالأمام":"جيدة","طبيعة العمل":3,"عام اخر سيل تحديدا":2024,"عام الإنشاء":2017,"عرض القاع":28,"عرض القمة":4,"قيمة العقد (ألف جنيه)":12659.2,"مواد الإنهشاء":3,"موقف التنفيذ":2,"نوع العمل الصناعي":1,"ObjectID":82}},{"type":"Feature","id":82,"geometry":{"type":"Point","coordinates":[31.242075,27.019425]},"properties":{"Name":"سد1 بمنطقة البلايزة","X":31.2420750003151,"Y":27.0194249996747,"Z":0,"Cood":6090,"Field_1":"سد1 بمنطقة البلايزة","x2":31.242075,"y2":27.019425,"إدارة التوسع الأفقي":6,"اسم العملية":"عمليه حماية البلايزة من أخطار السيول","اسم المقاول":"الاهرام للمقاولات العموميه (محمد مصطفى ثابت )","اسم المنشأ":"سد1 بمنطقة البلايزة","الإدارة المركزية للتوسع":2,"الارتفاع":0,"الزمن التكراري":50,"السعة التخزينية (ألف م3)":17,"المحافظ":4,"الهدف من الإنشاء":"حماية البلايزة من أخطار السيول","الوادي":"الاوديه المؤثره علي منطقه البلايزة","الوظيفة":1,"تاريخ آخر سيل تحديدا":"5/1/2024","حالة الدبش بالأمام":"جيدة","طبيعة العمل":3,"عام اخر سيل تحديدا":2024,"عام الإنشاء":1967,"مواد الإنهشاء":4,"موقف التنفيذ":1,"نوع العمل الصناعي":1,"ObjectID":83}},{"type":"Feature","id":83,"geometry":{"type":"Point","coordinates":[31.243711,27.013489]},"properties":{"Name":"سد2 بمنطقة البلايزة","X":31.2437111105201,"Y":27.0134888891641,"Z":0,"Cood":6091,"Field_1":"سد2 بمنطقة البلايزة","x2":31.243711,"y2":27.013489,"إدارة التوسع الأفقي":6,"اسم العملية":"عمليه حماية البلايزة من أخطار السيول","اسم المقاول":"شركه اشرف ابراهيم و وشركاه المقاولات","اسم المنشأ":"سد2 بمنطقة البلايزة","الإدارة المركزية للتوسع":2,"الزمن التكراري":50,"السعة التخزينية (ألف م3)":220.5,"المحافظ":4,"الهدف من الإنشاء":"حماية البلايزة من أخطار السيول","الوادي":"الاوديه المؤثره علي منطقه البلايزة","الوظيفة":1,"تاريخ آخر سيل تحديدا":"5/1/2024","حالة الدبش بالأمام":"جيدة","طبيعة العمل":3,"عام اخر سيل تحديدا":2024,"عام الإنشاء":1967,"قيمة العقد (ألف جنيه)":2217.284,"مواد الإنهشاء":1,"موقف التنفيذ":2,"نوع العمل الصناعي":1,"ObjectID":84}},{"type":"Feature","id":84,"geometry":{"type":"Point","coordinates":[31.247222,29.223936]},"properties":{"Name":"مخر سيل غياضة الشرقية","X":31.2472215755793,"Y":29.2239355165759,"Z":0,"Cood":5097,"Field_1":"مخر سيل غياضة الشرقية","Total_Value":2217,"x2":31.248111,"y2":29.223778,"إدارة التوسع الأفقي":5,"اسم المقاول":"م/ فاروق ابو بكر","اسم المنشأ":"مخر سيل غياضة الشرقية","الإدارة المركزية للتوسع":2,"الزمن التكراري":50,"المحافظ":10,"الهدف من الإنشاء":"انشاء سد على مخر سيل وادي متين القبلي","الوادي":"متين","الوظيفة":3,"طبيعة العمل":3,"عام الإنشاء":2016,"قيمة العقد (ألف جنيه)":2217,"موقف التنفيذ":1,"نوع العمل الصناعي":1,"ObjectID":85}},{"type":"Feature","id":85,"geometry":{"type":"Point","coordinates":[30.979348,28.868841]},"properties":{"Name":"حاجز","X":30.9793475628797,"Y":28.8688413450678,"Z":0,"Cood":5123,"Field_1":"حاجز","x2":30.979348,"y2":28.868841,"إدارة التوسع الأفقي":5,"اسم المقاول":"شركه الايمان","اسم المنشأ":"حاجز","الإدارة المركزية للتوسع":2,"الحالة الهيدروليكية":"لا يوجد إطماءات","الزمن التكراري":50,"السعة التخزينية (ألف م3)":550,"المحافظ":2,"الهدف من الإنشاء":"مخر سيل وادي فقيرة","الوادي":"وادى فقيرة","الوظيفة":3,"طبيعة العمل":3,"عام الإنشاء":2024,"قيمة العقد (ألف جنيه)":8000,"موقف التنفيذ":2,"نوع العمل الصناعي":1,"ObjectID":86}},{"type":"Feature","id":86,"geometry":{"type":"Point","coordinates":[31.232697,27.340515]},"properties":{"Name":"سد م1","X":30.783758502954,"Y":28.1306240535343,"Z":0,"Cood":6042,"Field_1":"سد م1","x2":30.783333,"y2":28.130833,"إدارة التوسع الأفقي":6,"اسم العملية":"عملية حماية قرية عرب الشيخ محمد من أخطار السيول مركز المنيا - محافظة أسيوط","اسم المقاول":"شركه الصفوه للمقاولات","اسم المنشأ":"سد م1","الإدارة المركزية للتوسع":2,"الارتفاع":3,"الزمن التكراري":100,"السعة التخزينية (ألف م3)":2816.1,"الطول (م)":60,"المحافظ":3,"الميل الأمامي":"1:3","الميل الجانبي":"1:4","الهدف من الإنشاء":"حماية منطقة عرب الشيخ محمد  من اخطار السيول","الوادي":"wمنطقة عرب الشيخ محمد1","الوظيفة":5,"تاريخ آخر سيل تحديدا":"5/1/2024","حالة الدبش بالأمام":"جيدة","طبيعة العمل":3,"عام اخر سيل تحديدا":2024,"عام الإنشاء":1019,"عرض القاع":33,"عرض القمة":5,"قيمة العقد (ألف جنيه)":6952.142857,"مواد الإنهشاء":3,"موقف التنفيذ":1,"نوع العمل الصناعي":1,"ObjectID":16}},{"type":"Feature","id":87,"geometry":{"type":"Point","coordinates":[31.231408,27.337916]},"properties":{"Name":"سد م2","X":30.7844444443557,"Y":28.1252777781008,"Z":0,"Cood":6043,"Field_1":"سد م2","x2":30.784444,"y2":28.125278,"إدارة التوسع الأفقي":6,"اسم العملية":"عملية حماية قرية عرب الشيخ محمد من أخطار السيول مركز المنيا - محافظة أسيوط","اسم المقاول":"شركه الصفوه للمقاولات","اسم المنشأ":"سد م2","الإدارة المركزية للتوسع":2,"الارتفاع":3,"الزمن التكراري":100,"السعة التخزينية (ألف م3)":2.6856,"الطول (م)":95,"المحافظ":3,"الميل الأمامي":"1:3","الميل الجانبي":"1:4","الهدف من الإنشاء":"حماية منطقة عرب الشيخ محمد  من اخطار السيول","الوادي":"wمنطقة عرب الشيخ محمد2","الوظيفة":5,"تاريخ آخر سيل تحديدا":"5/1/2024","حالة الدبش بالأمام":"جيدة","طبيعة العمل":3,"عام اخر سيل تحديدا":2024,"عام الإنشاء":1019,"عرض القاع":33,"عرض القمة":5,"قيمة العقد (ألف جنيه)":6952.142857,"مواد الإنهشاء":3,"موقف التنفيذ":1,"نوع العمل الصناعي":1,"ObjectID":18}},{"type":"Feature","id":88,"geometry":{"type":"Point","coordinates":[31.227349,27.38764]},"properties":{"Name":"سد م5","X":31.3585249998496,"Y":26.7845250001159,"Z":0,"Cood":6083,"Field_1":"سد م5","x2":31.358525,"y2":26.784525,"إدارة التوسع الأفقي":6,"اسم العملية":"عمليه حماية منطقة نزلة عمارة من اخطار السيول","اسم المنشأ":"سد م5","الإدارة المركزية للتوسع":2,"الارتفاع":4,"الزمن التكراري":100,"السعة التخزينية (ألف م3)":80,"المحافظ":5,"الهدف من الإنشاء":"حماية منطقة نزلة عمارة من اخطار السيول","الوادي":"الاوديه المؤثره علي منطقه نزلة عمارة","الوظيفة":1,"تاريخ آخر سيل تحديدا":"5/1/2024","حالة الدبش بالأمام":"جيدة","طبيعة العمل":3,"عام اخر سيل تحديدا":2024,"عام الإنشاء":2016,"مواد الإنهشاء":6,"موقف التنفيذ":1,"نوع العمل الصناعي":1,"ObjectID":77}},{"type":"Feature","id":89,"geometry":{"type":"Point","coordinates":[31.388163,27.127079]},"properties":{"Name":"سد م3","X":30.9672222218197,"Y":27.3883333333375,"Z":0,"Cood":6047,"Field_1":"سد م3","x2":30.967222,"y2":27.388333,"إدارة التوسع الأفقي":6,"اسم العملية":"عملية حماية قرية دير الأمير تادوس من اخطار السيول","اسم المقاول":"شركه الصفوه للمقاولات","اسم المنشأ":"سد م3","الإدارة المركزية للتوسع":2,"الارتفاع":8,"الزمن التكراري":100,"السعة التخزينية (ألف م3)":10.0647,"الطول (م)":145,"المحافظ":4,"الميل الأمامي":"1:3","الميل الجانبي":"1:4","الهدف من الإنشاء":"حماية دير الامير تادرس الشطبي من أخطار السيول","الوادي":"دير الأمير تادرس الشطبي","الوظيفة":1,"تاريخ آخر سيل تحديدا":"5/1/2024","حالة الدبش بالأمام":"جيدة","طبيعة العمل":3,"عام اخر سيل تحديدا":2024,"عام الإنشاء":2023,"عرض القاع":79,"عرض القمة":8,"قيمة العقد (ألف جنيه)":6952.142857,"مواد الإنهشاء":1,"موقف التنفيذ":1,"نوع العمل الصناعي":1,"ObjectID":21}},{"type":"Feature","id":90,"geometry":{"type":"Point","coordinates":[31.000327,27.364266]},"properties":{"Name":"سد","X":32.25169040862,"Y":26.1092374716421,"Z":0,"Cood":7075,"Field_1":"سد","Total_Value":15152.4,"x2":32.25169,"y2":26.109237,"إدارة التوسع الأفقي":7,"اسم العملية":"عملية الحماية من أخطار السيول لمنطقة نجع العرب - الهيشة بمركز نجع حمادي (خطة عاجلة )","اسم المقاول":"الهيئة القومية للإنتاج الحربي","اسم المنشأ":"سد","الإدارة المركزية للتوسع":2,"الارتفاع":8,"التعديات":"جيد","الحالة الهيدروليكية":"لا يوجد إطماءات","الزمن التكراري":100,"السعة التخزينية (ألف م3)":125,"الطول (م)":140,"المحافظ":7,"الميل الأمامي":"3:1","الميل الجانبي":"4:1","الهدف من الإنشاء":"حماية قرية الهيشة بمركز نجع حمادي","الوادي":"نجع العرب بالهيشة","الوظيفة":1,"طبيعة العمل":1,"عام اخر سيل تحديدا":2021,"عام الإنشاء":2020,"عرض القاع":71,"عرض القمة":8,"قيمة العقد (ألف جنيه)":15152.4,"مواد الإنهشاء":3,"موقف التنفيذ":1,"نوع العمل الصناعي":1,"ObjectID":1}},{"type":"Feature","id":91,"geometry":{"type":"Point","coordinates":[32.341304,26.564871]},"properties":{"Name":"سد n5","X":32.3413037367274,"Y":26.5648705819681,"Z":0,"Cood":6102,"Field_1":"سد n5","Total_Value":72382.37,"x2":32.341304,"y2":26.564871,"إدارة التوسع الأفقي":6,"اسم المقاول":"الهيئة القومية للأنتاج الحربي","اسم المنشأ":"سد n5","الإدارة المركزية للتوسع":2,"الارتفاع":0,"الزمن التكراري":50,"المحافظ":5,"الهدف من الإنشاء":"حماية منطقة وادي ابو نافوخ من اخطار السيول","الوادي":"وادي ابو نافوخ","الوظيفة":5,"تاريخ آخر سيل تحديدا":"5/1/2024","طبيعة العمل":3,"عام اخر سيل تحديدا":2024,"عام الإنشاء":2017,"قيمة العقد (ألف جنيه)":74804,"مواد الإنهشاء":7,"موقف التنفيذ":1,"نوع العمل الصناعي":1,"ObjectID":92}},{"type":"Feature","id":92,"geometry":{"type":"Point","coordinates":[32.417635,26.638384]},"properties":{"Name":"سد n6","X":32.4176353680638,"Y":26.6383835492617,"Z":0,"Cood":6103,"Field_1":"سد n6","Total_Value":38975.12,"x2":32.417635,"y2":26.638384,"إدارة التوسع الأفقي":6,"اسم المقاول":"الهيئة القومية للأنتاج الحربي","اسم المنشأ":"سد n6","الإدارة المركزية للتوسع":2,"الارتفاع":0,"الزمن التكراري":50,"المحافظ":5,"الهدف من الإنشاء":"حماية منطقة وادي ابو نافوخ من اخطار السيول","الوادي":"وادي ابو نافوخ","الوظيفة":5,"تاريخ آخر سيل تحديدا":"5/1/2024","طبيعة العمل":3,"عام اخر سيل تحديدا":2024,"عام الإنشاء":2017,"قيمة العقد (ألف جنيه)":40279,"مواد الإنهشاء":7,"موقف التنفيذ":1,"نوع العمل الصناعي":1,"ObjectID":93}},{"type":"Feature","id":93,"geometry":{"type":"Point","coordinates":[31.189755,27.3884]},"properties":{"Name":"سد م3","X":30.9672222218197,"Y":27.3883333333375,"Z":0,"Cood":6047,"Field_1":"سد م3","x2":30.967222,"y2":27.388333,"إدارة التوسع الأفقي":6,"اسم العملية":"عملية حماية قرية دير الأمير تادوس من اخطار السيول","اسم المقاول":"شركه الصفوه للمقاولات","اسم المنشأ":"سد م3","الإدارة المركزية للتوسع":2,"الارتفاع":8,"الزمن التكراري":100,"السعة التخزينية (ألف م3)":10.0647,"الطول (م)":145,"المحافظ":4,"الميل الأمامي":"1:3","الميل الجانبي":"1:4","الهدف من الإنشاء":"حماية دير الامير تادرس الشطبي من أخطار السيول","الوادي":"دير الأمير تادرس الشطبي","الوظيفة":1,"تاريخ آخر سيل تحديدا":"5/1/2024","حالة الدبش بالأمام":"جيدة","طبيعة العمل":3,"عام اخر سيل تحديدا":2024,"عام الإنشاء":2023,"عرض القاع":79,"عرض القمة":8,"قيمة العقد (ألف جنيه)":6952.142857,"مواد الإنهشاء":1,"موقف التنفيذ":1,"نوع العمل الصناعي":1,"ObjectID":21}},{"type":"Feature","id":94,"geometry":{"type":"Point","coordinates":[31.285267,26.919569]},"properties":{"Name":"سد م4","X":30.9842583330219,"Y":27.5159722221517,"Z":0,"Cood":6011,"Field_1":"سد م4","x2":30.984258,"y2":27.515972,"إدارة التوسع الأفقي":6,"اسم العملية":"عملية حماية البنية الاساسية لوادي العمراني (أ) من اخطار السيول","اسم المقاول":"المكتب الهندسي للمقاولات العمومية بأسيوط","اسم المنشأ":"سد م4","الإدارة المركزية للتوسع":2,"الارتفاع":7,"الزمن التكراري":100,"السعة التخزينية (ألف م3)":1100,"الطول (م)":190,"المحافظ":4,"الميل الأمامي":"1:3","الميل الجانبي":"1:3","الهدف من الإنشاء":"حماية منطقة الحوطة الشرقية من اخطار السيول","الوادي":"الوادي العمراني","الوظيفة":5,"تاريخ آخر سيل تحديدا":"8/1/2024","حالة الدبش بالأمام":"جيدة","طبيعة العمل":3,"عام اخر سيل تحديدا":2024,"عام الإنشاء":2021,"عرض القاع":66.9,"عرض القمة":5,"قيمة العقد (ألف جنيه)":8412.536,"موقف التنفيذ":1,"نوع العمل الصناعي":1,"ObjectID":43}},{"type":"Feature","id":95,"geometry":{"type":"Point","coordinates":[31.274478,26.920667]},"properties":{"Name":"سد م3","X":30.9672222218197,"Y":27.3883333333375,"Z":0,"Cood":6047,"Field_1":"سد م3","x2":30.967222,"y2":27.388333,"إدارة التوسع الأفقي":6,"اسم العملية":"عملية حماية قرية دير الأمير تادوس من اخطار السيول","اسم المقاول":"شركه الصفوه للمقاولات","اسم المنشأ":"سد م3","الإدارة المركزية للتوسع":2,"الارتفاع":8,"الزمن التكراري":100,"السعة التخزينية (ألف م3)":10.0647,"الطول (م)":145,"المحافظ":4,"الميل الأمامي":"1:3","الميل الجانبي":"1:4","الهدف من الإنشاء":"حماية دير الامير تادرس الشطبي من أخطار السيول","الوادي":"دير الأمير تادرس الشطبي","الوظيفة":1,"تاريخ آخر سيل تحديدا":"5/1/2024","حالة الدبش بالأمام":"جيدة","طبيعة العمل":3,"عام اخر سيل تحديدا":2024,"عام الإنشاء":2023,"عرض القاع":79,"عرض القمة":8,"قيمة العقد (ألف جنيه)":6952.142857,"مواد الإنهشاء":1,"موقف التنفيذ":1,"نوع العمل الصناعي":1,"ObjectID":21}},{"type":"Feature","id":96,"geometry":{"type":"Point","coordinates":[32.889411,24.167745]},"properties":{"Name":"NULL","X":31.7595430556765,"Y":26.6548845830453,"Z":0,"Cood":6053,"x2":31.759543,"y2":26.654885,"إدارة التوسع الأفقي":6,"اسم العملية":"عملية حماية منطقة الصوامعة شرق من أخطار السيول مركز ساقلته - محافظة سوهاج","اسم المقاول":"مقاوله الجمعيه التعاونيه الانتاجيه للانشاء والتعم*","الإدارة المركزية للتوسع":2,"الارتفاع":7,"الزمن التكراري":100,"السعة التخزينية (ألف م3)":530,"الطول (م)":350,"المحافظ":5,"الميل الأمامي":"1:2","الميل الجانبي":"1:2","الهدف من الإنشاء":"حماية مدينة ساقلته من أخطار السيول الصوامعة شرق","الوادي":"الصوامعة شرق  (2)","الوظيفة":1,"تاريخ آخر سيل تحديدا":"5/1/2024","حالة الدبش بالأمام":"جيدة","طبيعة العمل":3,"عام اخر سيل تحديدا":2024,"عام الإنشاء":2021,"عرض القاع":32,"عرض القمة":4,"قيمة العقد (ألف جنيه)":2994.354,"مواد الإنهشاء":7,"موقف التنفيذ":1,"نوع العمل الصناعي":1,"ObjectID":22}},{"type":"Feature","id":97,"geometry":{"type":"Point","coordinates":[31.793952,26.620822]},"properties":{"Name":"سد  حماية","X":31.7939515673155,"Y":26.6208222722768,"Z":0,"Cood":6127,"Field_1":"سد  حماية","Remarkes_1":"لم يتم معرفة الجهه المنفذه","x2":31.793952,"y2":26.620822,"إدارة التوسع الأفقي":6,"اسم المنشأ":"سد  حماية","الإدارة المركزية للتوسع":2,"الارتفاع":10,"الزمن التكراري":100,"الطول (م)":145,"المحافظ":5,"الميل الأمامي":"1: 1","الميل الجانبي":"3: 2","الهدف من الإنشاء":"حماية منطقة الكوثر والسلاموني","الوادي":"مخر سيل الكوثر (وادي بئر العين)","الوظيفة":5,"عرض القاع":45,"مواد الإنهشاء":3,"موقف التنفيذ":1,"نوع العمل الصناعي":1,"ObjectID":98}},{"type":"Feature","id":98,"geometry":{"type":"Point","coordinates":[32.628098,25.760921]},"properties":{"Name":"سد/ حاجز","X":32.6280979562893,"Y":25.7609206636907,"Z":0,"Cood":7128,"Field_1":"سد/ حاجز","Total_Value":27997.1,"x2":32.628098,"y2":25.760921,"إدارة التوسع الأفقي":7,"اسم العملية":"عملية أعمال الحماية من اخطار السيول الخاصة بمنطقة وادى الزنبقة -مركز دشنا -محافظة قنا","اسم المقاول":"عبد الحميد أحمد السيد","اسم المنشأ":"سد/ حاجز","الإدارة المركزية للتوسع":2,"الارتفاع":4,"الزمن التكراري":200,"السعة التخزينية (ألف م3)":40.1,"الطول (م)":700,"المحافظ":6,"الميل الأمامي":"3: 1","الميل الجانبي":"4: 1","الهدف من الإنشاء":"حمية منطقة القرنة الجديدة- محافظة الاقصر من اخطار السيول","الوادي":"منطقة القرنة الجديدة","الوظيفة":1,"طبيعة العمل":3,"عام الإنشاء":2024,"عرض القاع":67,"عرض القمة":5,"قيمة العقد (ألف جنيه)":27997.1,"موقف التنفيذ":2,"نوع العمل الصناعي":1,"ObjectID":99}},{"type":"Feature","id":99,"geometry":{"type":"Point","coordinates":[32.633846,25.766359]},"properties":{"Name":"سد/ حاجز","X":32.6280979562893,"Y":25.7609206636907,"Z":0,"Cood":7128,"Field_1":"سد/ حاجز","Total_Value":27997.1,"x2":32.628098,"y2":25.760921,"إدارة التوسع الأفقي":7,"اسم العملية":"عملية أعمال الحماية من اخطار السيول الخاصة بمنطقة وادى الزنبقة -مركز دشنا -محافظة قنا","اسم المقاول":"عبد الحميد أحمد السيد","اسم المنشأ":"سد/ حاجز","الإدارة المركزية للتوسع":2,"الارتفاع":4,"الزمن التكراري":200,"السعة التخزينية (ألف م3)":40.1,"الطول (م)":700,"المحافظ":6,"الميل الأمامي":"3: 1","الميل الجانبي":"4: 1","الهدف من الإنشاء":"حمية منطقة القرنة الجديدة- محافظة الاقصر من اخطار السيول","الوادي":"منطقة القرنة الجديدة","الوظيفة":1,"طبيعة العمل":3,"عام الإنشاء":2024,"عرض القاع":67,"عرض القمة":5,"قيمة العقد (ألف جنيه)":27997.1,"موقف التنفيذ":2,"نوع العمل الصناعي":1,"ObjectID":99}},{"type":"Feature","id":100,"geometry":{"type":"Point","coordinates":[32.817986,25.790538]},"properties":{"Name":"حاجز","X":30.9793475628797,"Y":28.8688413450678,"Z":0,"Cood":5123,"Field_1":"حاجز","x2":30.979348,"y2":28.868841,"إدارة التوسع الأفقي":5,"اسم المقاول":"شركه الايمان","اسم المنشأ":"حاجز","الإدارة المركزية للتوسع":2,"الحالة الهيدروليكية":"لا يوجد إطماءات","الزمن التكراري":50,"السعة التخزينية (ألف م3)":550,"المحافظ":2,"الهدف من الإنشاء":"مخر سيل وادي فقيرة","الوادي":"وادى فقيرة","الوظيفة":3,"طبيعة العمل":3,"عام الإنشاء":2024,"قيمة العقد (ألف جنيه)":8000,"موقف التنفيذ":2,"نوع العمل الصناعي":1,"ObjectID":86}},{"type":"Feature","id":101,"geometry":{"type":"Point","coordinates":[32.250267,26.107344]},"properties":{"Name":"حاجز","X":30.9793475628797,"Y":28.8688413450678,"Z":0,"Cood":5123,"Field_1":"حاجز","x2":30.979348,"y2":28.868841,"إدارة التوسع الأفقي":5,"اسم المقاول":"شركه الايمان","اسم المنشأ":"حاجز","الإدارة المركزية للتوسع":2,"الحالة الهيدروليكية":"لا يوجد إطماءات","الزمن التكراري":50,"السعة التخزينية (ألف م3)":550,"المحافظ":2,"الهدف من الإنشاء":"مخر سيل وادي فقيرة","الوادي":"وادى فقيرة","الوظيفة":3,"طبيعة العمل":3,"عام الإنشاء":2024,"قيمة العقد (ألف جنيه)":8000,"موقف التنفيذ":2,"نوع العمل الصناعي":1,"ObjectID":86}},{"type":"Feature","id":102,"geometry":{"type":"Point","coordinates":[31.589608,26.757438]},"properties":{"Name":"حاجز ترابى","X":31.589608332856,"Y":26.7574374999552,"Z":0,"Cood":6057,"Field_1":"حاجز ترابى","x2":31.589608,"y2":26.757437,"إدارة التوسع الأفقي":6,"اسم العملية":"عملية حماية منطقة القرنة من أخطار السيول مركز ساقلتله - محافظة سوهاج","اسم المقاول":"0","اسم المنشأ":"حاجز ترابى","الإدارة المركزية للتوسع":2,"الارتفاع":7,"الزمن التكراري":100,"السعة التخزينية (ألف م3)":53,"الطول (م)":105,"المحافظ":5,"الميل الأمامي":"1:3","الميل الجانبي":"1:4","الهدف من الإنشاء":"حماية مدينة ساقلته من أخطار االسيول منطقة القرنة","الوادي":"منطقة القرنة","الوظيفة":1,"تاريخ آخر سيل تحديدا":"5/1/2024","حالة الدبش بالأمام":"جيدة","طبيعة العمل":3,"عام اخر سيل تحديدا":2024,"عام الإنشاء":2021,"عرض القاع":59,"عرض القمة":5,"مواد الإنهشاء":1,"موقف التنفيذ":1,"نوع العمل الصناعي":2,"ObjectID":103}},{"type":"Feature","id":103,"geometry":{"type":"Point","coordinates":[32.906307,24.143738]},"properties":{"Name":"NULL","X":31.7595430556765,"Y":26.6548845830453,"Z":0,"Cood":6053,"x2":31.759543,"y2":26.654885,"إدارة التوسع الأفقي":6,"اسم العملية":"عملية حماية منطقة الصوامعة شرق من أخطار السيول مركز ساقلته - محافظة سوهاج","اسم المقاول":"مقاوله الجمعيه التعاونيه الانتاجيه للانشاء والتعم*","الإدارة المركزية للتوسع":2,"الارتفاع":7,"الزمن التكراري":100,"السعة التخزينية (ألف م3)":530,"الطول (م)":350,"المحافظ":5,"الميل الأمامي":"1:2","الميل الجانبي":"1:2","الهدف من الإنشاء":"حماية مدينة ساقلته من أخطار السيول الصوامعة شرق","الوادي":"الصوامعة شرق  (2)","الوظيفة":1,"تاريخ آخر سيل تحديدا":"5/1/2024","حالة الدبش بالأمام":"جيدة","طبيعة العمل":3,"عام اخر سيل تحديدا":2024,"عام الإنشاء":2021,"عرض القاع":32,"عرض القمة":4,"قيمة العقد (ألف جنيه)":2994.354,"مواد الإنهشاء":7,"موقف التنفيذ":1,"نوع العمل الصناعي":1,"ObjectID":22}},{"type":"Feature","id":104,"geometry":{"type":"Point","coordinates":[32.817129,25.793374]},"properties":{"Name":"حاجز","X":30.9793475628797,"Y":28.8688413450678,"Z":0,"Cood":5123,"Field_1":"حاجز","x2":30.979348,"y2":28.868841,"إدارة التوسع الأفقي":5,"اسم المقاول":"شركه الايمان","اسم المنشأ":"حاجز","الإدارة المركزية للتوسع":2,"الحالة الهيدروليكية":"لا يوجد إطماءات","الزمن التكراري":50,"السعة التخزينية (ألف م3)":550,"المحافظ":2,"الهدف من الإنشاء":"مخر سيل وادي فقيرة","الوادي":"وادى فقيرة","الوظيفة":3,"طبيعة العمل":3,"عام الإنشاء":2024,"قيمة العقد (ألف جنيه)":8000,"موقف التنفيذ":2,"نوع العمل الصناعي":1,"ObjectID":86}},{"type":"Feature","id":105,"geometry":{"type":"Point","coordinates":[30.78789,28.205717]},"properties":{"Name":"حاجز بالمنشى","X":30.7878895925414,"Y":28.2057165211149,"Z":0,"Cood":5028,"Field_1":"بحيرة صناعية بالمنشى","Report_Dater":"20/08/2024","Total_Value":13705.48,"x2":30.78789,"y2":28.205717,"إدارة التوسع الأفقي":5,"اسم العملية":"عملية تأهيل مخر سيل جبل الطير القبلى و مخر سيل جبل الطيرالبحرى و مخر سيل شارونة بمحافظة المنيا","اسم المقاول":"الهيئة العربية للتصنيع ( مصنع قادر للصناعات المتط*","اسم المنشأ":"بحيرة صناعية بالمنشى","الإدارة المركزية للتوسع":2,"الارتفاع":2,"الزمن التكراري":200,"السعة التخزينية (ألف م3)":50,"الطول (م)":500,"المحافظ":3,"الهدف من الإنشاء":"حماية منطقة الطير القبلى من اخطار السيول","الوادي":"الطير القبلى","الوظيفة":3,"تاريخ آخر صيانة":"المنشأ جديد و لم يتأثر بالسيول","تاريخ كتابة التقرير":"8/20/2024","طبيعة العمل":3,"عام الإنشاء":2024,"عرض القمة":3,"قيمة العقد (ألف جنيه)":15496.28,"موقف التنفيذ":1,"نوع العمل الصناعي":2,"ObjectID":106}},{"type":"Feature","id":106,"geometry":{"type":"Point","coordinates":[31.374437,29.461707]},"properties":{"Name":"سد","X":32.25169040862,"Y":26.1092374716421,"Z":0,"Cood":7075,"Field_1":"سد","Total_Value":15152.4,"x2":32.25169,"y2":26.109237,"إدارة التوسع الأفقي":7,"اسم العملية":"عملية الحماية من أخطار السيول لمنطقة نجع العرب - الهيشة بمركز نجع حمادي (خطة عاجلة )","اسم المقاول":"الهيئة القومية للإنتاج الحربي","اسم المنشأ":"سد","الإدارة المركزية للتوسع":2,"الارتفاع":8,"التعديات":"جيد","الحالة الهيدروليكية":"لا يوجد إطماءات","الزمن التكراري":100,"السعة التخزينية (ألف م3)":125,"الطول (م)":140,"المحافظ":7,"الميل الأمامي":"3:1","الميل الجانبي":"4:1","الهدف من الإنشاء":"حماية قرية الهيشة بمركز نجع حمادي","الوادي":"نجع العرب بالهيشة","الوظيفة":1,"طبيعة العمل":1,"عام اخر سيل تحديدا":2021,"عام الإنشاء":2020,"عرض القاع":71,"عرض القمة":8,"قيمة العقد (ألف جنيه)":15152.4,"مواد الإنهشاء":3,"موقف التنفيذ":1,"نوع العمل الصناعي":1,"ObjectID":1}},{"type":"Feature","id":107,"geometry":{"type":"Point","coordinates":[31.396146,29.436117]},"properties":{"Name":"حاجز ترابي ح4","X":31.3961460252109,"Y":29.4361173123813,"Z":0,"Cood":5020,"Field_1":"حاجز ترابي ح4","Report_Dater":"08/08/2024","Total_Value":12029.61,"x2":31.395128,"y2":29.434781,"إدارة التوسع الأفقي":5,"اسم العملية":"عملية إنشاء عدد (4) بحيرات و عدد (4) حاجز ترابي و عدد (1) حوض تهدئة  مخر سيل الديسمي ) بمدينة الصف محافظة الجيزة","اسم المقاول":"شركة عبد اللاه حسان محمد","اسم المنشأ":"حاجز ترابي ح4","الإدارة المركزية للتوسع":2,"الارتفاع":4,"الزمن التكراري":200,"السعة التخزينية (ألف م3)":300,"الطول (م)":670,"المحافظ":10,"الميل الأمامي":"1:3","الميل الجانبي":"1:3","الهدف من الإنشاء":"حماية منطقة الديسمى من اخطار السيول","الوادي":"وادى الرشراش","الوظيفة":3,"تاريخ آخر صيانة":"المنشأ جديد و لم يتأثر بالسيول","تاريخ كتابة التقرير":"8/8/2024","طبيعة العمل":3,"عام الإنشاء":2024,"عرض القاع":135,"عرض القمة":100,"قيمة العقد (ألف جنيه)":11237.22,"موقف التنفيذ":1,"نوع العمل الصناعي":2,"ObjectID":108}},{"type":"Feature","id":108,"geometry":{"type":"Point","coordinates":[31.450113,29.449465]},"properties":{"Name":"حاجز ترابي ح2","X":31.4501133805358,"Y":29.449464748222,"Z":0,"Cood":5018,"Field_1":"حاجز ترابي ح2","Report_Dater":"08/08/2024","Total_Value":12029.61,"x2":31.451761,"y2":29.447381,"إدارة التوسع الأفقي":5,"اسم العملية":"عملية إنشاء عدد (4) بحيرات و عدد (4) حاجز ترابي و عدد (1) حوض تهدئة  مخر سيل الديسمي ) بمدينة الصف محافظة الجيزة","اسم المقاول":"شركة عبد اللاه حسان محمد","اسم المنشأ":"حاجز ترابي ح2","الإدارة المركزية للتوسع":2,"الارتفاع":5,"الزمن التكراري":200,"السعة التخزينية (ألف م3)":500,"الطول (م)":3,"المحافظ":10,"الهدف من الإنشاء":"حماية منطقة الديسمى من اخطار السيول","الوادي":"وادى الرشراش","الوظيفة":3,"تاريخ آخر صيانة":"المنشأ جديد و لم يتأثر بالسيول","تاريخ كتابة التقرير":"8/8/2024","طبيعة العمل":3,"عام الإنشاء":2024,"عرض القاع":142,"عرض القمة":100,"قيمة العقد (ألف جنيه)":11237.22,"موقف التنفيذ":1,"نوع العمل الصناعي":2,"ObjectID":109}},{"type":"Feature","id":109,"geometry":{"type":"Point","coordinates":[31.409716,29.428952]},"properties":{"Name":"حاجز ترابي ح3","X":31.4097158358095,"Y":29.42895213367,"Z":0,"Cood":5019,"Field_1":"حاجز ترابي ح3","Report_Dater":"08/08/2024","Total_Value":12029.61,"x2":31.409742,"y2":29.430775,"إدارة التوسع الأفقي":5,"اسم العملية":"عملية إنشاء عدد (4) بحيرات و عدد (4) حاجز ترابي و عدد (1) حوض تهدئة  مخر سيل الديسمي ) بمدينة الصف محافظة الجيزة","اسم المقاول":"شركة عبد اللاه حسان محمد","اسم المنشأ":"حاجز ترابي ح3","الإدارة المركزية للتوسع":2,"الارتفاع":4,"الزمن التكراري":200,"السعة التخزينية (ألف م3)":930,"الطول (م)":600,"المحافظ":10,"الميل الأمامي":"1:3","الميل الجانبي":"1:3","الهدف من الإنشاء":"حماية منطقة الديسمى من اخطار السيول","الوادي":"وادى الرشراش","الوظيفة":3,"تاريخ آخر صيانة":"المنشأ جديد و لم يتأثر بالسيول","تاريخ كتابة التقرير":"8/8/2024","طبيعة العمل":3,"عام الإنشاء":2024,"عرض القاع":128,"عرض القمة":100,"قيمة العقد (ألف جنيه)":11237.22,"موقف التنفيذ":1,"نوع العمل الصناعي":2,"ObjectID":110}},{"type":"Feature","id":110,"geometry":{"type":"Point","coordinates":[31.034234,28.67991]},"properties":{"Name":"بحيرة صناعية ب1","X":31.0342342590542,"Y":28.6799104058677,"Z":0,"Cood":5012,"Field_1":"بحيرة صناعية ب1","Report_Dater":"05/08/2024","Total_Value":12029.61,"x2":31.034234,"y2":28.67991,"إدارة التوسع الأفقي":5,"اسم العملية":"حماية قري زاوية الجدامى من اخطار السيول بمركز مغاغة - محافظة المنيا","اسم المقاول":"شركة عبد اللاه حسان محمد","اسم المنشأ":"بحيرة صناعية ب1","الإدارة المركزية للتوسع":2,"الارتفاع":5.5,"الزمن التكراري":200,"السعة التخزينية (ألف م3)":700,"الطول (م)":450,"المحافظ":3,"الميل الأمامي":"1:3","الميل الجانبي":"1:3","الهدف من الإنشاء":"حماية منطقة الجدامى من اخطار السيول","الوادي":"وادى الشيخ","الوظيفة":3,"تاريخ آخر صيانة":"المنشأ جديد و لم يتأثر بالسيول","تاريخ كتابة التقرير":"8/5/2024","حالة الدبش بالأمام":"جيدة","طبيعة العمل":3,"عام اخر سيل تحديدا":2020,"عام الإنشاء":2022,"عرض القاع":44.5,"عرض القمة":20,"قيمة العقد (ألف جنيه)":11237.22,"مواد الإنهشاء":1,"موقف التنفيذ":1,"نوع العمل الصناعي":2,"ObjectID":111}},{"type":"Feature","id":111,"geometry":{"type":"Point","coordinates":[31.344858,29.392279]},"properties":{"Name":"حاجز ترابي ح3","X":31.4097158358095,"Y":29.42895213367,"Z":0,"Cood":5019,"Field_1":"حاجز ترابي ح3","Report_Dater":"08/08/2024","Total_Value":12029.61,"x2":31.409742,"y2":29.430775,"إدارة التوسع الأفقي":5,"اسم العملية":"عملية إنشاء عدد (4) بحيرات و عدد (4) حاجز ترابي و عدد (1) حوض تهدئة  مخر سيل الديسمي ) بمدينة الصف محافظة الجيزة","اسم المقاول":"شركة عبد اللاه حسان محمد","اسم المنشأ":"حاجز ترابي ح3","الإدارة المركزية للتوسع":2,"الارتفاع":4,"الزمن التكراري":200,"السعة التخزينية (ألف م3)":930,"الطول (م)":600,"المحافظ":10,"الميل الأمامي":"1:3","الميل الجانبي":"1:3","الهدف من الإنشاء":"حماية منطقة الديسمى من اخطار السيول","الوادي":"وادى الرشراش","الوظيفة":3,"تاريخ آخر صيانة":"المنشأ جديد و لم يتأثر بالسيول","تاريخ كتابة التقرير":"8/8/2024","طبيعة العمل":3,"عام الإنشاء":2024,"عرض القاع":128,"عرض القمة":100,"قيمة العقد (ألف جنيه)":11237.22,"موقف التنفيذ":1,"نوع العمل الصناعي":2,"ObjectID":110}},{"type":"Feature","id":112,"geometry":{"type":"Point","coordinates":[31.386842,29.375584]},"properties":{"Name":"حاجز ترابي ح2","X":31.4501133805358,"Y":29.449464748222,"Z":0,"Cood":5018,"Field_1":"حاجز ترابي ح2","Report_Dater":"08/08/2024","Total_Value":12029.61,"x2":31.451761,"y2":29.447381,"إدارة التوسع الأفقي":5,"اسم العملية":"عملية إنشاء عدد (4) بحيرات و عدد (4) حاجز ترابي و عدد (1) حوض تهدئة  مخر سيل الديسمي ) بمدينة الصف محافظة الجيزة","اسم المقاول":"شركة عبد اللاه حسان محمد","اسم المنشأ":"حاجز ترابي ح2","الإدارة المركزية للتوسع":2,"الارتفاع":5,"الزمن التكراري":200,"السعة التخزينية (ألف م3)":500,"الطول (م)":3,"المحافظ":10,"الهدف من الإنشاء":"حماية منطقة الديسمى من اخطار السيول","الوادي":"وادى الرشراش","الوظيفة":3,"تاريخ آخر صيانة":"المنشأ جديد و لم يتأثر بالسيول","تاريخ كتابة التقرير":"8/8/2024","طبيعة العمل":3,"عام الإنشاء":2024,"عرض القاع":142,"عرض القمة":100,"قيمة العقد (ألف جنيه)":11237.22,"موقف التنفيذ":1,"نوع العمل الصناعي":2,"ObjectID":109}},{"type":"Feature","id":113,"geometry":{"type":"Point","coordinates":[31.384299,29.367714]},"properties":{"Name":"حاجز ترابي ح1","X":31.3842992013255,"Y":29.3677143457969,"Z":0,"Cood":5005,"Field_1":"حاجز ترابي ح1","Report_Dater":"01/08/2024","Total_Value":9490.446,"x2":31.384299,"y2":29.367714,"إدارة التوسع الأفقي":5,"اسم العملية":"عملية إنشاء عدد (4) بحيرات و عدد (3) حاجز ترابي (مخر سيل اطفيح )   بمدينة اطفيح محافظة الجيزة","اسم المقاول":"شركة عبد اللاه حسان محمد","اسم المنشأ":"حاجز ترابي ح1","الإدارة المركزية للتوسع":2,"الارتفاع":5,"الزمن التكراري":200,"السعة التخزينية (ألف م3)":500,"الطول (م)":500,"المحافظ":10,"الميل الأمامي":"1:3","الميل الجانبي":"4:1 ,1:3","الهدف من الإنشاء":"حماية منطقة اطفيح مركز اطفيح من اخطار السيول","الوادي":"وادى اطفيح","الوظيفة":3,"تاريخ آخر صيانة":"المنشأ جديد و لم يتأثر بالسيول","تاريخ كتابة التقرير":"8/1/2024","حالة الدبش بالأمام":"جيدة","طبيعة العمل":3,"عام الإنشاء":2023,"عرض القاع":135,"عرض القمة":100,"قيمة العقد (ألف جنيه)":9653.714,"موقف التنفيذ":1,"نوع العمل الصناعي":2,"ObjectID":114}},{"type":"Feature","id":114,"geometry":{"type":"Point","coordinates":[31.417513,29.839463]},"properties":{"Name":"حاجز","X":30.9793475628797,"Y":28.8688413450678,"Z":0,"Cood":5123,"Field_1":"حاجز","x2":30.979348,"y2":28.868841,"إدارة التوسع الأفقي":5,"اسم المقاول":"شركه الايمان","اسم المنشأ":"حاجز","الإدارة المركزية للتوسع":2,"الحالة الهيدروليكية":"لا يوجد إطماءات","الزمن التكراري":50,"السعة التخزينية (ألف م3)":550,"المحافظ":2,"الهدف من الإنشاء":"مخر سيل وادي فقيرة","الوادي":"وادى فقيرة","الوظيفة":3,"طبيعة العمل":3,"عام الإنشاء":2024,"قيمة العقد (ألف جنيه)":8000,"موقف التنفيذ":2,"نوع العمل الصناعي":1,"ObjectID":86}},{"type":"Feature","id":115,"geometry":{"type":"Point","coordinates":[31.421661,29.526961]},"properties":{"Name":"حاجز","X":30.9793475628797,"Y":28.8688413450678,"Z":0,"Cood":5123,"Field_1":"حاجز","x2":30.979348,"y2":28.868841,"إدارة التوسع الأفقي":5,"اسم المقاول":"شركه الايمان","اسم المنشأ":"حاجز","الإدارة المركزية للتوسع":2,"الحالة الهيدروليكية":"لا يوجد إطماءات","الزمن التكراري":50,"السعة التخزينية (ألف م3)":550,"المحافظ":2,"الهدف من الإنشاء":"مخر سيل وادي فقيرة","الوادي":"وادى فقيرة","الوظيفة":3,"طبيعة العمل":3,"عام الإنشاء":2024,"قيمة العقد (ألف جنيه)":8000,"موقف التنفيذ":2,"نوع العمل الصناعي":1,"ObjectID":86}},{"type":"Feature","id":116,"geometry":{"type":"Point","coordinates":[31.447611,29.49954]},"properties":{"Name":"حاجز ترابي","X":31.4476110175194,"Y":29.4995402650613,"Z":0,"Cood":5039,"Field_1":"حاجز ترابي","Report_Dater":"15/08/2024","Total_Value":12350,"x2":31.447611,"y2":29.49954,"إدارة التوسع الأفقي":5,"اسم العملية":"إنشاء عدد (3) بحيرات وعدد (2) حاجز ترابي (مخر سيل الودى)   بمنطقة  الودى بمحافظة الجيزة","اسم المقاول":"شركة الكراكات   المصرية","اسم المنشأ":"حاجز ترابي","الإدارة المركزية للتوسع":2,"الارتفاع":5,"الحالة الهيدروليكية":"لا يوجد إطماءات","الزمن التكراري":200,"السعة التخزينية (ألف م3)":1220,"الطول (م)":880,"المحافظ":10,"الميل الأمامي":"2:3","الميل الجانبي":"2:3","الهدف من الإنشاء":"حماية منطقة الودى مركز   الصف من اخطار السيول","الوادي":"النوايا","الوظيفة":3,"تاريخ آخر صيانة":"المنشأ جديد و لم يتأثر بالسيول","تاريخ كتابة التقرير":"8/15/2024","حالة الدبش بالأمام":"جيدة","طبيعة العمل":3,"عام الإنشاء":2024,"عرض القاع":128,"عرض القمة":100,"قيمة العقد (ألف جنيه)":12350,"موقف التنفيذ":1,"نوع العمل الصناعي":2,"ObjectID":117}},{"type":"Feature","id":117,"geometry":{"type":"Point","coordinates":[31.422937,29.598127]},"properties":{"Name":"حاجز","X":30.9793475628797,"Y":28.8688413450678,"Z":0,"Cood":5123,"Field_1":"حاجز","x2":30.979348,"y2":28.868841,"إدارة التوسع الأفقي":5,"اسم المقاول":"شركه الايمان","اسم المنشأ":"حاجز","الإدارة المركزية للتوسع":2,"الحالة الهيدروليكية":"لا يوجد إطماءات","الزمن التكراري":50,"السعة التخزينية (ألف م3)":550,"المحافظ":2,"الهدف من الإنشاء":"مخر سيل وادي فقيرة","الوادي":"وادى فقيرة","الوظيفة":3,"طبيعة العمل":3,"عام الإنشاء":2024,"قيمة العقد (ألف جنيه)":8000,"موقف التنفيذ":2,"نوع العمل الصناعي":1,"ObjectID":86}},{"type":"Feature","id":118,"geometry":{"type":"Point","coordinates":[31.425858,29.621244]},"properties":{"Name":"حاجز","X":30.9793475628797,"Y":28.8688413450678,"Z":0,"Cood":5123,"Field_1":"حاجز","x2":30.979348,"y2":28.868841,"إدارة التوسع الأفقي":5,"اسم المقاول":"شركه الايمان","اسم المنشأ":"حاجز","الإدارة المركزية للتوسع":2,"الحالة الهيدروليكية":"لا يوجد إطماءات","الزمن التكراري":50,"السعة التخزينية (ألف م3)":550,"المحافظ":2,"الهدف من الإنشاء":"مخر سيل وادي فقيرة","الوادي":"وادى فقيرة","الوظيفة":3,"طبيعة العمل":3,"عام الإنشاء":2024,"قيمة العقد (ألف جنيه)":8000,"موقف التنفيذ":2,"نوع العمل الصناعي":1,"ObjectID":86}},{"type":"Feature","id":119,"geometry":{"type":"Point","coordinates":[31.419511,29.644203]},"properties":{"Name":"حاجز ترابي ح5","X":31.4195111109594,"Y":29.6442027780991,"Z":0,"Cood":5033,"Field_1":"حاجز ترابي ح5","Report_Dater":"11/08/2024","Total_Value":13705.48,"x2":31.419511,"y2":29.644203,"إدارة التوسع الأفقي":5,"اسم العملية":"عملية إنشاء عدد (3) بحيرات و عدد (3) حاجز ترابي وعدد (1) حوض تهدئة   (مخر سيل المنشى) بمنطقة المنشى بمحافظة الجيزة","اسم المقاول":"الهيئة العربية للتصنيع ( مصنع قادر للصناعات المتط*","اسم المنشأ":"حاجز ترابي ح5","الإدارة المركزية للتوسع":2,"الارتفاع":9,"الزمن التكراري":200,"السعة التخزينية (ألف م3)":1200,"الطول (م)":865,"المحافظ":10,"الهدف من الإنشاء":"حماية منطقة المنشي من اخطار السيول","الوادي":"وادى الحى","الوظيفة":3,"تاريخ آخر صيانة":"المنشأ جديد و لم يتأثر بالسيول","تاريخ كتابة التقرير":"8/11/2024","حالة الدبش بالأمام":"جيدة","طبيعة العمل":3,"عام اخر سيل تحديدا":2023,"عام الإنشاء":2023,"عرض القاع":164,"عرض القمة":100,"قيمة العقد (ألف جنيه)":15496.28,"موقف التنفيذ":1,"نوع العمل الصناعي":2,"ObjectID":120}},{"type":"Feature","id":120,"geometry":{"type":"Point","coordinates":[31.37971,29.955767]},"properties":{"Name":"حاجز","X":30.9793475628797,"Y":28.8688413450678,"Z":0,"Cood":5123,"Field_1":"حاجز","x2":30.979348,"y2":28.868841,"إدارة التوسع الأفقي":5,"اسم المقاول":"شركه الايمان","اسم المنشأ":"حاجز","الإدارة المركزية للتوسع":2,"الحالة الهيدروليكية":"لا يوجد إطماءات","الزمن التكراري":50,"السعة التخزينية (ألف م3)":550,"المحافظ":2,"الهدف من الإنشاء":"مخر سيل وادي فقيرة","الوادي":"وادى فقيرة","الوظيفة":3,"طبيعة العمل":3,"عام الإنشاء":2024,"قيمة العقد (ألف جنيه)":8000,"موقف التنفيذ":2,"نوع العمل الصناعي":1,"ObjectID":86}},{"type":"Feature","id":121,"geometry":{"type":"Point","coordinates":[31.298937,29.272523]},"properties":{"Name":"سد م2 بوادي دجلة","X":31.2989373007599,"Y":29.272523249729,"Z":0,"Cood":5057,"Field_1":"سد م2 بوادي دجلة","Report_Dater":"22/08/2024","Total_Value":17477,"x2":31.298937,"y2":29.272523,"إدارة التوسع الأفقي":5,"اسم العملية":"عملية إنشاء عدد (4) بحيرات وعدد (4) حاجز ترابي وعدد (1) سد ركامي (مخر سيل الكريمات ) بمنطقة الكريمات محافظة الجيزة","اسم المقاول":"السيد/ شركة الايمان للمقاولات   عادل وهبة عبد الشه*","اسم المنشأ":"سد م2 بوادي دجلة","الإدارة المركزية للتوسع":2,"الارتفاع":3,"الزمن التكراري":200,"السعة التخزينية (ألف م3)":200,"الطول (م)":470,"المحافظ":10,"الميل الأمامي":"1:3","الميل الجانبي":"1:4","الهدف من الإنشاء":"حماية منطقة الكريمات مركز   اطفيح  من اخطار السيول","الوادي":"الرملية","الوظيفة":3,"تاريخ آخر صيانة":"المنشأ جديد و لم يتأثر بالسيول","تاريخ كتابة التقرير":"8/22/2024","حالة الدبش بالأمام":"جيدة","طبيعة العمل":3,"عام اخر سيل تحديدا":2023,"عام الإنشاء":2023,"عرض القاع":71,"عرض القمة":50,"قيمة العقد (ألف جنيه)":14190,"موقف التنفيذ":1,"نوع العمل الصناعي":2,"ObjectID":122}},{"type":"Feature","id":122,"geometry":{"type":"Point","coordinates":[31.371534,29.236764]},"properties":{"Name":"سد ركامي م1","X":31.3715338219687,"Y":29.2367640519781,"Z":0,"Cood":5055,"Field_1":"سد ركامي م1","Report_Dater":"22/08/2024","Total_Value":3492.5,"x2":31.371534,"y2":29.236764,"إدارة التوسع الأفقي":5,"اسم العملية":"عملية إنشاء عدد (4) بحيرات وعدد (4) حاجز ترابي وعدد (1) سد ركامي (مخر سيل الكريمات ) بمنطقة الكريمات محافظة الجيزة","اسم المقاول":"الجمعية التعاونية الانتاجية   للانشاء و التعمير با*","اسم المنشأ":"سد ركامي م1","الإدارة المركزية للتوسع":2,"الارتفاع":3,"الحالة الهيدروليكية":"لا يوجد إطماءات","الزمن التكراري":200,"السعة التخزينية (ألف م3)":75,"الطول (م)":100,"المحافظ":10,"الميل الأمامي":"متدرج","الميل الجانبي":"متدرج","الهدف من الإنشاء":"حماية منطقة الكريمات مركز   اطفيح  من اخطار السيول","الوادي":"الرملية","الوظيفة":3,"تاريخ آخر صيانة":"المنشأ جديد و لم يتأثر بالسيول","تاريخ كتابة التقرير":"8/22/2024","حالة الدبش بالأمام":"جيدة","طبيعة العمل":3,"عام اخر سيل تحديدا":2023,"عام الإنشاء":2023,"عرض القاع":121,"عرض القمة":100,"قيمة العقد (ألف جنيه)":3231.5,"موقف التنفيذ":1,"نوع العمل الصناعي":2,"ObjectID":123}},{"type":"Feature","id":123,"geometry":{"type":"Point","coordinates":[30.774392,28.116056]},"properties":{"Name":"حاجز غمازة الكبرى","X":30.7743916866162,"Y":28.1160562521002,"Z":0,"Cood":5089,"Field_1":"مخر سيل غمازة الكبرى","Total_Value":16000,"x2":30.774392,"y2":28.116056,"إدارة التوسع الأفقي":5,"اسم العملية":"عملية حماية قرية بنى خالد وقرية الشرقا من أخطار السيول بالمنيا","اسم المقاول":"الشركة العامة لاستصلاح الاراضى","اسم المنشأ":"مخر سيل غمازة الكبرى","الإدارة المركزية للتوسع":2,"الارتفاع":3,"الحالة الهيدروليكية":"لا يوجد إطماءات","الزمن التكراري":100,"الطول (م)":90,"المحافظ":3,"الميل الأمامي":"3:1","الميل الجانبي":"3:1","الهدف من الإنشاء":"حماية قرية بنى خالد وقرية الشرقا من أخطار السيول بالمنيا","الوادي":"وادى W3","الوظيفة":2,"طبيعة العمل":3,"عام الإنشاء":2019,"عرض القاع":2.5,"عرض القمة":0.75,"قيمة العقد (ألف جنيه)":16000,"ملاحظات2":"تم عمل دراسة ل 200 سنة تكرارية عن طريق معهد البحوث و جارى اجراءات طرح الاعمال","موقف التنفيذ":1,"نوع العمل الصناعي":2,"ObjectID":124}},{"type":"Feature","id":124,"geometry":{"type":"Point","coordinates":[30.781087,28.108593]},"properties":{"Name":"مخر سيل المعصرة","X":30.7810874101408,"Y":28.1085931659596,"Z":0,"Cood":5090,"Field_1":"مخر سيل المعصرة","Total_Value":10045,"x2":30.781087,"y2":28.108593,"إدارة التوسع الأفقي":5,"اسم العملية":"عملية حماية قرية بنى خالد وقرية الشرقا من أخطار السيول بالمنيا","اسم المقاول":"الشركة العامة لاستصلاح الاراضى","اسم المنشأ":"مخر سيل المعصرة","الإدارة المركزية للتوسع":2,"الارتفاع":3,"الحالة الهيدروليكية":"لا يوجد إطماءات","الزمن التكراري":100,"الطول (م)":85,"المحافظ":3,"الهدف من الإنشاء":"حماية قرية بنى خالد وقرية الشرقا من أخطار السيول بالمنيا","الوادي":"وادى W3","الوظيفة":2,"طبيعة العمل":3,"عام الإنشاء":2019,"عرض القاع":2.5,"عرض القمة":0.75,"قيمة العقد (ألف جنيه)":10045,"ملاحظات2":"حوض التجميع (مدخل المخر) بالمخر مغلق لوجود مدينة 15 مايو الصناعية و قام المعهد بعمل اعمال صناعية و بحيرات فى اعلى الوادى","موقف التنفيذ":1,"نوع العمل الصناعي":2,"ObjectID":125}},{"type":"Feature","id":125,"geometry":{"type":"Point","coordinates":[30.962329,28.49447]},"properties":{"Name":"حاجز ترابي قرية الشرفا","X":30.9623291586354,"Y":28.4944703546554,"Z":0,"Cood":5086,"Field_1":"حاجز ترابي قرية الشرفا","Total_Value":593,"x2":30.962329,"y2":28.49447,"إدارة التوسع الأفقي":5,"اسم العملية":"عملية حماية قرية العصيات من اخطار السيول مركز بني مزار -محافظة المنيا","اسم المقاول":"أحمد محمد أحمد عبد الرحمن","اسم المنشأ":"حاجز ترابي قرية الشرفا","الإدارة المركزية للتوسع":2,"الارتفاع":2.2,"الزمن التكراري":100,"السعة التخزينية (ألف م3)":46.839,"الطول (م)":507,"المحافظ":3,"الميل الأمامي":"3:1","الميل الجانبي":"3:1","الهدف من الإنشاء":"حماية قرية العصيات مركز بني مزار -محافظة المنيا من اخطار السيول","الوادي":"المهشم","الوظيفة":3,"طبيعة العمل":3,"عام الإنشاء":2019,"عرض القاع":20.4,"عرض القمة":5,"قيمة العقد (ألف جنيه)":592,"ملاحظات2":"لم يتم المرور بسبب عدم وجود سيارات دفع رباعى   و عدم وجود اجهزة مساحية للوصول للموقع","مواد الإنهشاء":1,"موقف التنفيذ":1,"نوع العمل الصناعي":2,"ObjectID":126}},{"type":"Feature","id":126,"geometry":{"type":"Point","coordinates":[30.928729,28.621101]},"properties":{"Name":"حاجز ترابي","X":31.4476110175194,"Y":29.4995402650613,"Z":0,"Cood":5039,"Field_1":"حاجز ترابي","Report_Dater":"15/08/2024","Total_Value":12350,"x2":31.447611,"y2":29.49954,"إدارة التوسع الأفقي":5,"اسم العملية":"إنشاء عدد (3) بحيرات وعدد (2) حاجز ترابي (مخر سيل الودى)   بمنطقة  الودى بمحافظة الجيزة","اسم المقاول":"شركة الكراكات   المصرية","اسم المنشأ":"حاجز ترابي","الإدارة المركزية للتوسع":2,"الارتفاع":5,"الحالة الهيدروليكية":"لا يوجد إطماءات","الزمن التكراري":200,"السعة التخزينية (ألف م3)":1220,"الطول (م)":880,"المحافظ":10,"الميل الأمامي":"2:3","الميل الجانبي":"2:3","الهدف من الإنشاء":"حماية منطقة الودى مركز   الصف من اخطار السيول","الوادي":"النوايا","الوظيفة":3,"تاريخ آخر صيانة":"المنشأ جديد و لم يتأثر بالسيول","تاريخ كتابة التقرير":"8/15/2024","حالة الدبش بالأمام":"جيدة","طبيعة العمل":3,"عام الإنشاء":2024,"عرض القاع":128,"عرض القمة":100,"قيمة العقد (ألف جنيه)":12350,"موقف التنفيذ":1,"نوع العمل الصناعي":2,"ObjectID":117}},{"type":"Feature","id":127,"geometry":{"type":"Point","coordinates":[31.167422,28.90086]},"properties":{"Name":"حاجز","X":30.9793475628797,"Y":28.8688413450678,"Z":0,"Cood":5123,"Field_1":"حاجز","x2":30.979348,"y2":28.868841,"إدارة التوسع الأفقي":5,"اسم المقاول":"شركه الايمان","اسم المنشأ":"حاجز","الإدارة المركزية للتوسع":2,"الحالة الهيدروليكية":"لا يوجد إطماءات","الزمن التكراري":50,"السعة التخزينية (ألف م3)":550,"المحافظ":2,"الهدف من الإنشاء":"مخر سيل وادي فقيرة","الوادي":"وادى فقيرة","الوظيفة":3,"طبيعة العمل":3,"عام الإنشاء":2024,"قيمة العقد (ألف جنيه)":8000,"موقف التنفيذ":2,"نوع العمل الصناعي":1,"ObjectID":86}},{"type":"Feature","id":128,"geometry":{"type":"Point","coordinates":[31.192943,28.920154]},"properties":{"Name":"حاجز","X":30.9793475628797,"Y":28.8688413450678,"Z":0,"Cood":5123,"Field_1":"حاجز","x2":30.979348,"y2":28.868841,"إدارة التوسع الأفقي":5,"اسم المقاول":"شركه الايمان","اسم المنشأ":"حاجز","الإدارة المركزية للتوسع":2,"الحالة الهيدروليكية":"لا يوجد إطماءات","الزمن التكراري":50,"السعة التخزينية (ألف م3)":550,"المحافظ":2,"الهدف من الإنشاء":"مخر سيل وادي فقيرة","الوادي":"وادى فقيرة","الوظيفة":3,"طبيعة العمل":3,"عام الإنشاء":2024,"قيمة العقد (ألف جنيه)":8000,"موقف التنفيذ":2,"نوع العمل الصناعي":1,"ObjectID":86}},{"type":"Feature","id":129,"geometry":{"type":"Point","coordinates":[31.16973,28.837385]},"properties":{"Name":"حاجز","X":30.9793475628797,"Y":28.8688413450678,"Z":0,"Cood":5123,"Field_1":"حاجز","x2":30.979348,"y2":28.868841,"إدارة التوسع الأفقي":5,"اسم المقاول":"شركه الايمان","اسم المنشأ":"حاجز","الإدارة المركزية للتوسع":2,"الحالة الهيدروليكية":"لا يوجد إطماءات","الزمن التكراري":50,"السعة التخزينية (ألف م3)":550,"المحافظ":2,"الهدف من الإنشاء":"مخر سيل وادي فقيرة","الوادي":"وادى فقيرة","الوظيفة":3,"طبيعة العمل":3,"عام الإنشاء":2024,"قيمة العقد (ألف جنيه)":8000,"موقف التنفيذ":2,"نوع العمل الصناعي":1,"ObjectID":86}},{"type":"Feature","id":130,"geometry":{"type":"Point","coordinates":[31.243042,28.715043]},"properties":{"Name":"حاجز ترابي ح8","X":31.2430420267856,"Y":28.7150434099107,"Z":0,"Cood":5075,"Field_1":"حاجز ترابي ح8","Report_Dater":"25/08/2024","Total_Value":24171.72,"x2":31.247069,"y2":28.716797,"إدارة التوسع الأفقي":5,"اسم العملية":"عملية إنشاء عدد (8) بحيرة وعدد   (8) حاجز ترابي بمخرج وادي سنور وتدبيش قاع مخر سيل سنور بمحافظة بني سويف","اسم المقاول":"جهاز المخابرات   العامة","اسم المنشأ":"حاجز ترابي ح8","الإدارة المركزية للتوسع":2,"الارتفاع":6,"الحالة الهيدروليكية":"لا يوجد إطماءات","الزمن التكراري":200,"السعة التخزينية (ألف م3)":3667.2,"الطول (م)":1087,"المحافظ":2,"الهدف من الإنشاء":"حماية منطقة سنور مركز   بنى سويف من اخطار السيول","الوادي":"وادى سنور","الوظيفة":3,"تاريخ آخر صيانة":"المنشأ جديد و لم يتأثر بالسيول","تاريخ كتابة التقرير":"8/25/2024","حالة الدبش بالأمام":"جيدة","طبيعة العمل":3,"عام اخر سيل تحديدا":2022,"عام الإنشاء":2023,"عرض القاع":149,"عرض القمة":100,"قيمة العقد (ألف جنيه)":17872.75,"موقف التنفيذ":1,"نوع العمل الصناعي":2,"ObjectID":131}},{"type":"Feature","id":131,"geometry":{"type":"Point","coordinates":[31.629063,28.829458]},"properties":{"Name":"حاجز ترابي ح7","X":31.6290631285713,"Y":28.8294579636593,"Z":0,"Cood":5074,"Field_1":"حاجز ترابي ح7","Report_Dater":"25/08/2024","Total_Value":24171.72,"x2":31.630819,"y2":28.829036,"إدارة التوسع الأفقي":5,"اسم العملية":"عملية إنشاء عدد (8) بحيرة وعدد   (8) حاجز ترابي بمخرج وادي سنور وتدبيش قاع مخر سيل سنور بمحافظة بني سويف","اسم المقاول":"جهاز المخابرات   العامة","اسم المنشأ":"حاجز ترابي ح7","الإدارة المركزية للتوسع":2,"الارتفاع":4,"الحالة الهيدروليكية":"لا يوجد إطماءات","الزمن التكراري":200,"السعة التخزينية (ألف م3)":1323.13,"الطول (م)":370,"المحافظ":2,"الميل الأمامي":"2:3","الميل الجانبي":"2:3","الهدف من الإنشاء":"حماية منطقة سنور مركز   بنى سويف من اخطار السيول","الوادي":"وادى سنور","الوظيفة":3,"تاريخ آخر صيانة":"المنشأ جديد و لم يتأثر بالسيول","تاريخ كتابة التقرير":"8/25/2024","حالة الدبش بالأمام":"جيدة","طبيعة العمل":3,"عام اخر سيل تحديدا":2022,"عام الإنشاء":2023,"عرض القاع":128,"عرض القمة":100,"قيمة العقد (ألف جنيه)":17872.75,"موقف التنفيذ":1,"نوع العمل الصناعي":2,"ObjectID":132}},{"type":"Feature","id":132,"geometry":{"type":"Point","coordinates":[31.611738,28.84474]},"properties":{"Name":"حاجز ترابي ح6","X":31.6117380211517,"Y":28.8447403707094,"Z":0,"Cood":5073,"Field_1":"حاجز ترابي ح6","Report_Dater":"25/08/2024","Total_Value":24171.72,"x2":31.613233,"y2":28.842592,"إدارة التوسع الأفقي":5,"اسم العملية":"عملية إنشاء عدد (8) بحيرة وعدد   (8) حاجز ترابي بمخرج وادي سنور وتدبيش قاع مخر سيل سنور بمحافظة بني سويف","اسم المقاول":"جهاز المخابرات   العامة","اسم المنشأ":"حاجز ترابي ح6","الإدارة المركزية للتوسع":2,"الارتفاع":3,"الزمن التكراري":200,"السعة التخزينية (ألف م3)":1323.13,"الطول (م)":370,"المحافظ":2,"الميل الأمامي":"2:3","الميل الجانبي":"2:3","الهدف من الإنشاء":"حماية منطقة سنور مركز   بنى سويف من اخطار السيول","الوادي":"وادى سنور","الوظيفة":3,"تاريخ آخر صيانة":"المنشأ جديد و لم يتأثر بالسيول","تاريخ كتابة التقرير":"8/25/2024","حالة الدبش بالأمام":"جيدة","طبيعة العمل":3,"عام اخر سيل تحديدا":2022,"عام الإنشاء":2023,"عرض القاع":121,"عرض القمة":100,"قيمة العقد (ألف جنيه)":17872.75,"موقف التنفيذ":1,"نوع العمل الصناعي":2,"ObjectID":133}},{"type":"Feature","id":133,"geometry":{"type":"Point","coordinates":[31.230379,28.759523]},"properties":{"Name":"حاجز ترابي ح5","X":31.4195111109594,"Y":29.6442027780991,"Z":0,"Cood":5033,"Field_1":"حاجز ترابي ح5","Report_Dater":"11/08/2024","Total_Value":13705.48,"x2":31.419511,"y2":29.644203,"إدارة التوسع الأفقي":5,"اسم العملية":"عملية إنشاء عدد (3) بحيرات و عدد (3) حاجز ترابي وعدد (1) حوض تهدئة   (مخر سيل المنشى) بمنطقة المنشى بمحافظة الجيزة","اسم المقاول":"الهيئة العربية للتصنيع ( مصنع قادر للصناعات المتط*","اسم المنشأ":"حاجز ترابي ح5","الإدارة المركزية للتوسع":2,"الارتفاع":9,"الزمن التكراري":200,"السعة التخزينية (ألف م3)":1200,"الطول (م)":865,"المحافظ":10,"الهدف من الإنشاء":"حماية منطقة المنشي من اخطار السيول","الوادي":"وادى الحى","الوظيفة":3,"تاريخ آخر صيانة":"المنشأ جديد و لم يتأثر بالسيول","تاريخ كتابة التقرير":"8/11/2024","حالة الدبش بالأمام":"جيدة","طبيعة العمل":3,"عام اخر سيل تحديدا":2023,"عام الإنشاء":2023,"عرض القاع":164,"عرض القمة":100,"قيمة العقد (ألف جنيه)":15496.28,"موقف التنفيذ":1,"نوع العمل الصناعي":2,"ObjectID":120}},{"type":"Feature","id":134,"geometry":{"type":"Point","coordinates":[31.590812,29.050163]},"properties":{"Name":"حاجز ترابي ح4","X":31.3961460252109,"Y":29.4361173123813,"Z":0,"Cood":5020,"Field_1":"حاجز ترابي ح4","Report_Dater":"08/08/2024","Total_Value":12029.61,"x2":31.395128,"y2":29.434781,"إدارة التوسع الأفقي":5,"اسم العملية":"عملية إنشاء عدد (4) بحيرات و عدد (4) حاجز ترابي و عدد (1) حوض تهدئة  مخر سيل الديسمي ) بمدينة الصف محافظة الجيزة","اسم المقاول":"شركة عبد اللاه حسان محمد","اسم المنشأ":"حاجز ترابي ح4","الإدارة المركزية للتوسع":2,"الارتفاع":4,"الزمن التكراري":200,"السعة التخزينية (ألف م3)":300,"الطول (م)":670,"المحافظ":10,"الميل الأمامي":"1:3","الميل الجانبي":"1:3","الهدف من الإنشاء":"حماية منطقة الديسمى من اخطار السيول","الوادي":"وادى الرشراش","الوظيفة":3,"تاريخ آخر صيانة":"المنشأ جديد و لم يتأثر بالسيول","تاريخ كتابة التقرير":"8/8/2024","طبيعة العمل":3,"عام الإنشاء":2024,"عرض القاع":135,"عرض القمة":100,"قيمة العقد (ألف جنيه)":11237.22,"موقف التنفيذ":1,"نوع العمل الصناعي":2,"ObjectID":108}},{"type":"Feature","id":135,"geometry":{"type":"Point","coordinates":[31.641071,26.898304]},"properties":{"Name":"حاجز حماية","X":31.641070951725,"Y":26.8983039656805,"Z":0,"Cood":6002,"Field_1":"حاجز حماية","x2":31.639885,"y2":26.900414,"إدارة التوسع الأفقي":6,"اسم العملية":"عمليه حمايه منطقه وادي الشيح من اخطار السيول الحل الاجل (المرحله الاولي)","اسم المقاول":"شركه الصفوة للمقاولات","اسم المنشأ":"حاجز حماية","الإدارة المركزية للتوسع":2,"الارتفاع":8,"الزمن التكراري":100,"السعة التخزينية (ألف م3)":11,"الطول (م)":1800,"المحافظ":4,"الميل الأمامي":"3:2","الميل الجانبي":"3:1","الهدف من الإنشاء":"حمايه مزرعه القوات المسلحه بمساحه 10000 فدان و قري (العثمانيه- نواره- عزبه الركا- نقيب النواره- اله*","الوادي":"ابو شيح","الوظيفة":1,"تاريخ آخر سيل تحديدا":"8/1/2024","حالة الدبش بالأمام":"جيدة","طبيعة العمل":3,"عام اخر سيل تحديدا":2024,"عام الإنشاء":2016,"عرض القاع":275,"عرض القمة":200,"قيمة العقد (ألف جنيه)":22599,"مواد الإنهشاء":3,"موقف التنفيذ":1,"نوع العمل الصناعي":2,"ObjectID":136}},{"type":"Feature","id":136,"geometry":{"type":"Point","coordinates":[31.226205,27.326124]},"properties":{"Name":"NULL","X":31.7595430556765,"Y":26.6548845830453,"Z":0,"Cood":6053,"x2":31.759543,"y2":26.654885,"إدارة التوسع الأفقي":6,"اسم العملية":"عملية حماية منطقة الصوامعة شرق من أخطار السيول مركز ساقلته - محافظة سوهاج","اسم المقاول":"مقاوله الجمعيه التعاونيه الانتاجيه للانشاء والتعم*","الإدارة المركزية للتوسع":2,"الارتفاع":7,"الزمن التكراري":100,"السعة التخزينية (ألف م3)":530,"الطول (م)":350,"المحافظ":5,"الميل الأمامي":"1:2","الميل الجانبي":"1:2","الهدف من الإنشاء":"حماية مدينة ساقلته من أخطار السيول الصوامعة شرق","الوادي":"الصوامعة شرق  (2)","الوظيفة":1,"تاريخ آخر سيل تحديدا":"5/1/2024","حالة الدبش بالأمام":"جيدة","طبيعة العمل":3,"عام اخر سيل تحديدا":2024,"عام الإنشاء":2021,"عرض القاع":32,"عرض القمة":4,"قيمة العقد (ألف جنيه)":2994.354,"مواد الإنهشاء":7,"موقف التنفيذ":1,"نوع العمل الصناعي":1,"ObjectID":22}},{"type":"Feature","id":137,"geometry":{"type":"Point","coordinates":[31.22385,27.346294]},"properties":{"Name":"حاجز حماية ج2-1","X":31.2238499998623,"Y":27.3462944442307,"Z":0,"Cood":6027,"Field_1":"حاجز حماية ج2-1","x2":31.22385,"y2":27.346294,"إدارة التوسع الأفقي":6,"اسم العملية":"عمليه حماية منطقة عرب العوامر من اخطار السيول (ب) مركز ابنوب","اسم المقاول":"المؤسسة العربية للمقاولات و الاشغال العامه (م/كام*","اسم المنشأ":"حاجز حماية ج2-1","الإدارة المركزية للتوسع":2,"الارتفاع":3.5,"الزمن التكراري":100,"الطول (م)":151.5,"المحافظ":4,"الهدف من الإنشاء":"حماية قرية عرب العوامر - المنطقة الصناعية بمركز ابنوب","الوادي":"منطقة عرب العوامر","الوظيفة":5,"تاريخ آخر سيل تحديدا":"8/1/2024","حالة الدبش بالأمام":"جيدة","طبيعة العمل":3,"عام اخر سيل تحديدا":2024,"عام الإنشاء":2018,"عرض القاع":40,"عرض القمة":20,"قيمة العقد (ألف جنيه)":5032,"مواد الإنهشاء":1,"موقف التنفيذ":1,"نوع العمل الصناعي":2,"ObjectID":138}},{"type":"Feature","id":138,"geometry":{"type":"Point","coordinates":[31.205294,27.348222]},"properties":{"Name":"حاجز حماية ج2-2","X":31.205294444352,"Y":27.3482222217259,"Z":0,"Cood":6028,"Field_1":"حاجز حماية ج2-2","x2":31.205294,"y2":27.348222,"إدارة التوسع الأفقي":6,"اسم العملية":"عمليه حماية منطقة عرب العوامر من اخطار السيول (ب) مركز ابنوب","اسم المقاول":"المؤسسة العربية للمقاولات و الاشغال العامه (م/كام*","اسم المنشأ":"حاجز حماية ج2-2","الإدارة المركزية للتوسع":2,"الارتفاع":3.5,"الزمن التكراري":100,"الطول (م)":510,"المحافظ":4,"الهدف من الإنشاء":"حماية قرية عرب العوامر - المنطقة الصناعية بمركز ابنوب","الوادي":"منطقة عرب العوامر","الوظيفة":5,"تاريخ آخر سيل تحديدا":"8/1/2024","حالة الدبش بالأمام":"جيدة","طبيعة العمل":3,"عام اخر سيل تحديدا":2024,"عام الإنشاء":2018,"قيمة العقد (ألف جنيه)":5032,"مواد الإنهشاء":1,"موقف التنفيذ":1,"نوع العمل الصناعي":2,"ObjectID":139}},{"type":"Feature","id":139,"geometry":{"type":"Point","coordinates":[31.355298,26.78761]},"properties":{"Name":"حاجز","X":30.9793475628797,"Y":28.8688413450678,"Z":0,"Cood":5123,"Field_1":"حاجز","x2":30.979348,"y2":28.868841,"إدارة التوسع الأفقي":5,"اسم المقاول":"شركه الايمان","اسم المنشأ":"حاجز","الإدارة المركزية للتوسع":2,"الحالة الهيدروليكية":"لا يوجد إطماءات","الزمن التكراري":50,"السعة التخزينية (ألف م3)":550,"المحافظ":2,"الهدف من الإنشاء":"مخر سيل وادي فقيرة","الوادي":"وادى فقيرة","الوظيفة":3,"طبيعة العمل":3,"عام الإنشاء":2024,"قيمة العقد (ألف جنيه)":8000,"موقف التنفيذ":2,"نوع العمل الصناعي":1,"ObjectID":86}},{"type":"Feature","id":140,"geometry":{"type":"Point","coordinates":[31.64945,26.457944]},"properties":{"Name":"حاجز إعاقة","X":31.6494499996071,"Y":26.4579444442643,"Z":0,"Cood":6038,"Field_1":"حاجز إعاقة","x2":31.64945,"y2":26.457944,"إدارة التوسع الأفقي":6,"اسم العملية":"عملية حماية جامعة سوهاج من أخطار السيول","اسم المقاول":"مكتب ابودياب للمقاولات الهندسية","اسم المنشأ":"حاجز إعاقة","الإدارة المركزية للتوسع":2,"الارتفاع":4,"الزمن التكراري":200,"السعة التخزينية (ألف م3)":18,"الطول (م)":75,"المحافظ":5,"الميل الجانبي":"1:3","الهدف من الإنشاء":"حماية جامعة سوهاج الجديدة","الوادي":"منطقة الكوامل","الوظيفة":1,"تاريخ آخر سيل تحديدا":"8/1/2024","حالة الدبش بالأمام":"جيدة","طبيعة العمل":3,"عام اخر سيل تحديدا":2024,"عام الإنشاء":2015,"عرض القاع":49,"عرض القمة":5,"قيمة العقد (ألف جنيه)":979,"موقف التنفيذ":1,"نوع العمل الصناعي":2,"ObjectID":141}},{"type":"Feature","id":141,"geometry":{"type":"Point","coordinates":[30.899811,27.812661]},"properties":{"Name":"حاجز ترابي","X":31.4476110175194,"Y":29.4995402650613,"Z":0,"Cood":5039,"Field_1":"حاجز ترابي","Report_Dater":"15/08/2024","Total_Value":12350,"x2":31.447611,"y2":29.49954,"إدارة التوسع الأفقي":5,"اسم العملية":"إنشاء عدد (3) بحيرات وعدد (2) حاجز ترابي (مخر سيل الودى)   بمنطقة  الودى بمحافظة الجيزة","اسم المقاول":"شركة الكراكات   المصرية","اسم المنشأ":"حاجز ترابي","الإدارة المركزية للتوسع":2,"الارتفاع":5,"الحالة الهيدروليكية":"لا يوجد إطماءات","الزمن التكراري":200,"السعة التخزينية (ألف م3)":1220,"الطول (م)":880,"المحافظ":10,"الميل الأمامي":"2:3","الميل الجانبي":"2:3","الهدف من الإنشاء":"حماية منطقة الودى مركز   الصف من اخطار السيول","الوادي":"النوايا","الوظيفة":3,"تاريخ آخر صيانة":"المنشأ جديد و لم يتأثر بالسيول","تاريخ كتابة التقرير":"8/15/2024","حالة الدبش بالأمام":"جيدة","طبيعة العمل":3,"عام الإنشاء":2024,"عرض القاع":128,"عرض القمة":100,"قيمة العقد (ألف جنيه)":12350,"موقف التنفيذ":1,"نوع العمل الصناعي":2,"ObjectID":117}},{"type":"Feature","id":142,"geometry":{"type":"Point","coordinates":[31.365083,29.223841]},"properties":{"Name":"سد م1 بوادي دجلة","X":31.3650825995373,"Y":29.2238414961677,"Z":0,"Cood":5056,"Field_1":"سد م1 بوادي دجلة","Report_Dater":"22/08/2024","Total_Value":17477,"x2":31.365083,"y2":29.223841,"إدارة التوسع الأفقي":5,"اسم العملية":"عملية إنشاء عدد (4) بحيرات وعدد (4) حاجز ترابي وعدد (1) سد ركامي (مخر سيل الكريمات ) بمنطقة الكريمات محافظة الجيزة","اسم المقاول":"السيد/ شركة الايمان للمقاولات   عادل وهبة عبد الشه*","اسم المنشأ":"سد م1 بوادي دجلة","الإدارة المركزية للتوسع":2,"الارتفاع":5,"الزمن التكراري":200,"السعة التخزينية (ألف م3)":150,"الطول (م)":180,"المحافظ":10,"الميل الأمامي":"3: 1","الميل الجانبي":"3: 1","الهدف من الإنشاء":"حماية منطقة الكريمات مركز   اطفيح  من اخطار السيول","الوادي":"الرملية","الوظيفة":3,"تاريخ آخر صيانة":"المنشأ جديد و لم يتأثر بالسيول","تاريخ كتابة التقرير":"8/22/2024","حالة الدبش بالأمام":"جيدة","طبيعة العمل":3,"عام اخر سيل تحديدا":2023,"عام الإنشاء":2023,"عرض القاع":135,"عرض القمة":100,"قيمة العقد (ألف جنيه)":14190,"مواد الإنهشاء":3,"موقف التنفيذ":1,"نوع العمل الصناعي":2,"ObjectID":143}},{"type":"Feature","id":143,"geometry":{"type":"Point","coordinates":[32.250955,26.108445]},"properties":{"Name":"حاجز","X":30.9793475628797,"Y":28.8688413450678,"Z":0,"Cood":5123,"Field_1":"حاجز","x2":30.979348,"y2":28.868841,"إدارة التوسع الأفقي":5,"اسم المقاول":"شركه الايمان","اسم المنشأ":"حاجز","الإدارة المركزية للتوسع":2,"الحالة الهيدروليكية":"لا يوجد إطماءات","الزمن التكراري":50,"السعة التخزينية (ألف م3)":550,"المحافظ":2,"الهدف من الإنشاء":"مخر سيل وادي فقيرة","الوادي":"وادى فقيرة","الوظيفة":3,"طبيعة العمل":3,"عام الإنشاء":2024,"قيمة العقد (ألف جنيه)":8000,"موقف التنفيذ":2,"نوع العمل الصناعي":1,"ObjectID":86}},{"type":"Feature","id":144,"geometry":{"type":"Point","coordinates":[31.010537,28.854221]},"properties":{"Name":"حاجز","X":30.9793475628797,"Y":28.8688413450678,"Z":0,"Cood":5123,"Field_1":"حاجز","x2":30.979348,"y2":28.868841,"إدارة التوسع الأفقي":5,"اسم المقاول":"شركه الايمان","اسم المنشأ":"حاجز","الإدارة المركزية للتوسع":2,"الحالة الهيدروليكية":"لا يوجد إطماءات","الزمن التكراري":50,"السعة التخزينية (ألف م3)":550,"المحافظ":2,"الهدف من الإنشاء":"مخر سيل وادي فقيرة","الوادي":"وادى فقيرة","الوظيفة":3,"طبيعة العمل":3,"عام الإنشاء":2024,"قيمة العقد (ألف جنيه)":8000,"موقف التنفيذ":2,"نوع العمل الصناعي":1,"ObjectID":86}},{"type":"Feature","id":145,"geometry":{"type":"Point","coordinates":[30.958886,28.871306]},"properties":{"Name":"حاجز","X":30.9793475628797,"Y":28.8688413450678,"Z":0,"Cood":5123,"Field_1":"حاجز","x2":30.979348,"y2":28.868841,"إدارة التوسع الأفقي":5,"اسم المقاول":"شركه الايمان","اسم المنشأ":"حاجز","الإدارة المركزية للتوسع":2,"الحالة الهيدروليكية":"لا يوجد إطماءات","الزمن التكراري":50,"السعة التخزينية (ألف م3)":550,"المحافظ":2,"الهدف من الإنشاء":"مخر سيل وادي فقيرة","الوادي":"وادى فقيرة","الوظيفة":3,"طبيعة العمل":3,"عام الإنشاء":2024,"قيمة العقد (ألف جنيه)":8000,"موقف التنفيذ":2,"نوع العمل الصناعي":1,"ObjectID":86}},{"type":"Feature","id":146,"geometry":{"type":"Point","coordinates":[30.865323,28.398183]},"properties":{"Name":"حاجز","X":30.9793475628797,"Y":28.8688413450678,"Z":0,"Cood":5123,"Field_1":"حاجز","x2":30.979348,"y2":28.868841,"إدارة التوسع الأفقي":5,"اسم المقاول":"شركه الايمان","اسم المنشأ":"حاجز","الإدارة المركزية للتوسع":2,"الحالة الهيدروليكية":"لا يوجد إطماءات","الزمن التكراري":50,"السعة التخزينية (ألف م3)":550,"المحافظ":2,"الهدف من الإنشاء":"مخر سيل وادي فقيرة","الوادي":"وادى فقيرة","الوظيفة":3,"طبيعة العمل":3,"عام الإنشاء":2024,"قيمة العقد (ألف جنيه)":8000,"موقف التنفيذ":2,"نوع العمل الصناعي":1,"ObjectID":86}},{"type":"Feature","id":147,"geometry":{"type":"Point","coordinates":[31.272594,29.244048]},"properties":{"Name":"حاجز","X":30.9793475628797,"Y":28.8688413450678,"Z":0,"Cood":5123,"Field_1":"حاجز","x2":30.979348,"y2":28.868841,"إدارة التوسع الأفقي":5,"اسم المقاول":"شركه الايمان","اسم المنشأ":"حاجز","الإدارة المركزية للتوسع":2,"الحالة الهيدروليكية":"لا يوجد إطماءات","الزمن التكراري":50,"السعة التخزينية (ألف م3)":550,"المحافظ":2,"الهدف من الإنشاء":"مخر سيل وادي فقيرة","الوادي":"وادى فقيرة","الوظيفة":3,"طبيعة العمل":3,"عام الإنشاء":2024,"قيمة العقد (ألف جنيه)":8000,"موقف التنفيذ":2,"نوع العمل الصناعي":1,"ObjectID":86}},{"type":"Feature","id":148,"geometry":{"type":"Point","coordinates":[31.275875,29.210314]},"properties":{"Name":"حاجز","X":30.9793475628797,"Y":28.8688413450678,"Z":0,"Cood":5123,"Field_1":"حاجز","x2":30.979348,"y2":28.868841,"إدارة التوسع الأفقي":5,"اسم المقاول":"شركه الايمان","اسم المنشأ":"حاجز","الإدارة المركزية للتوسع":2,"الحالة الهيدروليكية":"لا يوجد إطماءات","الزمن التكراري":50,"السعة التخزينية (ألف م3)":550,"المحافظ":2,"الهدف من الإنشاء":"مخر سيل وادي فقيرة","الوادي":"وادى فقيرة","الوظيفة":3,"طبيعة العمل":3,"عام الإنشاء":2024,"قيمة العقد (ألف جنيه)":8000,"موقف التنفيذ":2,"نوع العمل الصناعي":1,"ObjectID":86}},{"type":"Feature","id":149,"geometry":{"type":"Point","coordinates":[33.11431,25.088032]},"properties":{"Name":"جسر حماية وادي عبادي","X":33.1143100874168,"Y":25.0880320726553,"Z":0,"Cood":7006,"Field_1":"جسر حماية وادي عبادي","Total_Value":1103.139,"x2":33.11431,"y2":25.088032,"إدارة التوسع الأفقي":7,"اسم العملية":"عملية إنشاء بحيرة ب6 وادى الشغب 3 للحماية من السيول بوادى عبادى بمحافظة أسوان","اسم المقاول":"شركة أبناء بدوي للمقاولات","اسم المنشأ":"جسر حماية وادي عبادي","الإدارة المركزية للتوسع":2,"الارتفاع":7.5,"التعديات":"جيدة","الحالة الهيدروليكية":"لا يوجد إطماءات","الزمن التكراري":50,"السعة التخزينية (ألف م3)":1300,"الطول (م)":650,"المحافظ":8,"الميل الأمامي":"3:1","الميل الجانبي":"4:1","الهدف من الإنشاء":"حماية الطريق الرئيسي (إدفو- مرسي علم )( قرية النزل+قرية معروف+قرية المنشية+قرية الرضوانية+ قرية الك*","الوادي":"وادي الشغب","الوظيفة":3,"حالة الدبش بالأمام":"جيدة","طبيعة العمل":3,"عام اخر سيل تحديدا":2021,"عام الإنشاء":2018,"عرض القاع":102,"عرض القمة":50,"قيمة العقد (ألف جنيه)":1159,"مواد الإنهشاء":2,"موقف التنفيذ":1,"نوع العمل الصناعي":5,"ObjectID":151}},{"type":"Feature","id":150,"geometry":{"type":"Point","coordinates":[33.177289,25.165765]},"properties":{"Name":"سد إعاقة م2_x000D_ سد إعاقة م2_x000D_ _x000D_ سد *"}},{"type":"Feature","id":151,"geometry":{"type":"Point","coordinates":[33.190711,25.16132]},"properties":{"Name":"جسر حماية وادي عبادي_x000D_"}},{"type":"Feature","id":152,"geometry":{"type":"Point","coordinates":[33.252328,25.211068]},"properties":{"Name":"جسر حماية وادي عبادي","X":33.1143100874168,"Y":25.0880320726553,"Z":0,"Cood":7006,"Field_1":"جسر حماية وادي عبادي","Total_Value":1103.139,"x2":33.11431,"y2":25.088032,"إدارة التوسع الأفقي":7,"اسم العملية":"عملية إنشاء بحيرة ب6 وادى الشغب 3 للحماية من السيول بوادى عبادى بمحافظة أسوان","اسم المقاول":"شركة أبناء بدوي للمقاولات","اسم المنشأ":"جسر حماية وادي عبادي","الإدارة المركزية للتوسع":2,"الارتفاع":7.5,"التعديات":"جيدة","الحالة الهيدروليكية":"لا يوجد إطماءات","الزمن التكراري":50,"السعة التخزينية (ألف م3)":1300,"الطول (م)":650,"المحافظ":8,"الميل الأمامي":"3:1","الميل الجانبي":"4:1","الهدف من الإنشاء":"حماية الطريق الرئيسي (إدفو- مرسي علم )( قرية النزل+قرية معروف+قرية المنشية+قرية الرضوانية+ قرية الك*","الوادي":"وادي الشغب","الوظيفة":3,"حالة الدبش بالأمام":"جيدة","طبيعة العمل":3,"عام اخر سيل تحديدا":2021,"عام الإنشاء":2018,"عرض القاع":102,"عرض القمة":50,"قيمة العقد (ألف جنيه)":1159,"مواد الإنهشاء":2,"موقف التنفيذ":1,"نوع العمل الصناعي":5,"ObjectID":151}},{"type":"Feature","id":153,"geometry":{"type":"Point","coordinates":[31.644135,26.741062]},"properties":{"Name":"جسر حماية","X":31.6441345340748,"Y":26.7410615023452,"Z":0,"Cood":6051,"Field_1":"جسر حماية","x2":31.644135,"y2":26.741062,"إدارة التوسع الأفقي":6,"اسم العملية":"عملية حماية قرية الحاجر من أخطار السيول محافظة سوهاج","اسم المقاول":"مقاولة الاهرام للمقاولات العموميه محمد مصطفي ثابت","اسم المنشأ":"جسر حماية","الإدارة المركزية للتوسع":2,"الارتفاع":9,"الزمن التكراري":100,"السعة التخزينية (ألف م3)":1800,"الطول (م)":500,"المحافظ":5,"الميل الأمامي":"1:3","الميل الجانبي":"1:4","الهدف من الإنشاء":"حماية مدينة ساقلته من أخطار السيول قرية الحاجر بالجلاوية","الوادي":"قرية الحاجر بالجلاوية","الوظيفة":1,"تاريخ آخر سيل تحديدا":"5/1/2024","حالة الدبش بالأمام":"جيدة","طبيعة العمل":3,"عام اخر سيل تحديدا":2024,"عام الإنشاء":2019,"عرض القاع":73,"عرض القمة":10,"قيمة العقد (ألف جنيه)":1174.53,"مواد الإنهشاء":1,"موقف التنفيذ":1,"نوع العمل الصناعي":5,"ObjectID":153}},{"type":"Feature","id":154,"geometry":{"type":"Point","coordinates":[31.089444,27.562222]},"properties":{"Name":"جسر الحماية ج1","X":31.089444444039,"Y":27.5622222223815,"Z":0,"Cood":6009,"Field_1":"جسر الحماية ج1","x2":31.089444,"y2":27.562222,"إدارة التوسع الأفقي":6,"اسم العملية":"عملية حماية البنية الاساسية لوادي العمراني البحري من خطر السيول","اسم المقاول":"المؤسسة العربية للمقاولات والاشغال العامة","اسم المنشأ":"جسر الحماية ج1","الإدارة المركزية للتوسع":2,"الارتفاع":7,"الزمن التكراري":100,"السعة التخزينية (ألف م3)":2400,"الطول (م)":485,"المحافظ":4,"الميل الأمامي":"1:3","الميل الجانبي":"1:4","الهدف من الإنشاء":"حماية طريق أسيوطالقاهرة الشرقى من اخطار السيول","الوادي":"الوادي العمراني","الوظيفة":1,"تاريخ آخر سيل تحديدا":"8/1/2024","حالة الدبش بالأمام":"جيدة","طبيعة العمل":3,"عام اخر سيل تحديدا":2024,"عام الإنشاء":2021,"عرض القاع":69,"عرض القمة":20,"قيمة العقد (ألف جنيه)":2513,"مواد الإنهشاء":2,"موقف التنفيذ":1,"نوع العمل الصناعي":5,"ObjectID":154}},{"type":"Feature","id":155,"geometry":{"type":"Point","coordinates":[31.095169,27.5322]},"properties":{"Name":"جسر الحماية ج2","X":31.0951694437481,"Y":27.5321999998913,"Z":0,"Cood":6010,"Field_1":"جسر الحماية ج2","x2":31.095169,"y2":27.5322,"إدارة التوسع الأفقي":6,"اسم العملية":"عملية حماية البنية الاساسية لوادي العمراني القبلي من خطر السيول","اسم المقاول":"المؤسسة العربية للمقاولات والاشغال العامة","اسم المنشأ":"جسر الحماية ج2","الإدارة المركزية للتوسع":2,"الارتفاع":4,"الزمن التكراري":100,"السعة التخزينية (ألف م3)":2400,"الطول (م)":1400,"المحافظ":4,"الميل الأمامي":"1:3","الميل الجانبي":"1:4","الهدف من الإنشاء":"حماية طريق أسيوطالقاهرة الشرقى من اخطار السيول","الوادي":"الوادي العمراني","الوظيفة":1,"تاريخ آخر سيل تحديدا":"9/1/2024","حالة الدبش بالأمام":"جيدة","طبيعة العمل":3,"عام اخر سيل تحديدا":2024,"عام الإنشاء":2021,"عرض القاع":48,"عرض القمة":20,"قيمة العقد (ألف جنيه)":3972.993,"مواد الإنهشاء":2,"موقف التنفيذ":1,"نوع العمل الصناعي":5,"ObjectID":155}},{"type":"Feature","id":156,"geometry":{"type":"Point","coordinates":[30.9725,27.517778]},"properties":{"Name":"جسر الحماية ج3","X":30.9724999998193,"Y":27.517777777554,"Z":0,"Cood":6012,"Field_1":"جسر الحماية ج3","x2":30.9725,"y2":27.517778,"إدارة التوسع الأفقي":6,"اسم العملية":"عملية حماية البنية الاساسية لوادي العمراني (أ) من اخطار السيول","اسم المقاول":"الاهرام للمقاولات العمومية (محمد مصطفي ثابت)","اسم المنشأ":"جسر الحماية ج3","الإدارة المركزية للتوسع":2,"الارتفاع":6,"الزمن التكراري":100,"السعة التخزينية (ألف م3)":1857,"الطول (م)":1095,"المحافظ":4,"الميل الأمامي":"1:3","الميل الجانبي":"1:3","الهدف من الإنشاء":"حماية منطقة الحوطة الشرقية من اخطار السيول","الوادي":"الوادي العمراني","الوظيفة":1,"تاريخ آخر سيل تحديدا":"8/1/2024","حالة الدبش بالأمام":"جيدة","طبيعة العمل":3,"عام اخر سيل تحديدا":2024,"عام الإنشاء":2021,"عرض القاع":56,"عرض القمة":20,"قيمة العقد (ألف جنيه)":4449.4,"مواد الإنهشاء":2,"موقف التنفيذ":1,"نوع العمل الصناعي":5,"ObjectID":156}},{"type":"Feature","id":157,"geometry":{"type":"Point","coordinates":[30.909822,27.588353]},"properties":{"Name":"جسر الحماية ج4","X":30.9098222223051,"Y":27.5883527783194,"Z":0,"Cood":6013,"Field_1":"جسر الحماية ج4","x2":30.909822,"y2":27.588353,"إدارة التوسع الأفقي":6,"اسم العملية":"عملية حماية البنية الاساسية لوادي العمراني (ب) من اخطار السيول","اسم المقاول":"المؤسسة العربية للمقاولات والاشغال العامة","اسم المنشأ":"جسر الحماية ج4","الإدارة المركزية للتوسع":2,"الارتفاع":6,"الزمن التكراري":100,"السعة التخزينية (ألف م3)":1710,"الطول (م)":1050,"المحافظ":4,"الميل الأمامي":"1:3","الميل الجانبي":"1:3","الهدف من الإنشاء":"حماية منطقة الحوطة الشرقية من اخطار السيول","الوادي":"الوادي العمراني","الوظيفة":1,"تاريخ آخر سيل تحديدا":"8/1/2024","حالة الدبش بالأمام":"جيدة","طبيعة العمل":3,"عام اخر سيل تحديدا":2024,"عام الإنشاء":2021,"عرض القاع":56,"عرض القمة":20,"قيمة العقد (ألف جنيه)":2340,"مواد الإنهشاء":2,"موقف التنفيذ":1,"نوع العمل الصناعي":5,"ObjectID":157}},{"type":"Feature","id":158,"geometry":{"type":"Point","coordinates":[30.880278,27.959444]},"properties":{"Name":"جسر حماية","X":31.6441345340748,"Y":26.7410615023452,"Z":0,"Cood":6051,"Field_1":"جسر حماية","x2":31.644135,"y2":26.741062,"إدارة التوسع الأفقي":6,"اسم العملية":"عملية حماية قرية الحاجر من أخطار السيول محافظة سوهاج","اسم المقاول":"مقاولة الاهرام للمقاولات العموميه محمد مصطفي ثابت","اسم المنشأ":"جسر حماية","الإدارة المركزية للتوسع":2,"الارتفاع":9,"الزمن التكراري":100,"السعة التخزينية (ألف م3)":1800,"الطول (م)":500,"المحافظ":5,"الميل الأمامي":"1:3","الميل الجانبي":"1:4","الهدف من الإنشاء":"حماية مدينة ساقلته من أخطار السيول قرية الحاجر بالجلاوية","الوادي":"قرية الحاجر بالجلاوية","الوظيفة":1,"تاريخ آخر سيل تحديدا":"5/1/2024","حالة الدبش بالأمام":"جيدة","طبيعة العمل":3,"عام اخر سيل تحديدا":2024,"عام الإنشاء":2019,"عرض القاع":73,"عرض القمة":10,"قيمة العقد (ألف جنيه)":1174.53,"مواد الإنهشاء":1,"موقف التنفيذ":1,"نوع العمل الصناعي":5,"ObjectID":153}},{"type":"Feature","id":159,"geometry":{"type":"Point","coordinates":[31.343137,27.120474]},"properties":{"Name":"جسر ترابي","X":31.3431365122108,"Y":27.1204742484018,"Z":0,"Cood":6099,"Field_1":"جسر ترابي","Total_Value":54730.75,"x2":31.343137,"y2":27.120474,"إدارة التوسع الأفقي":6,"اسم المقاول":"شركة الكراكات المصرية","اسم المنشأ":"جسر ترابي","الإدارة المركزية للتوسع":2,"الزمن التكراري":100,"المحافظ":4,"الهدف من الإنشاء":"حماية البنيه الاساسيه لبعض الاوديه النشطه بمحافظة أسيوطمن اخطار السيول","الوادي":"وادي ايمو","الوظيفة":5,"تاريخ آخر سيل تحديدا":"8/1/2024","طبيعة العمل":3,"عام اخر سيل تحديدا":2024,"عام الإنشاء":1998,"قيمة العقد (ألف جنيه)":55724.512,"مواد الإنهشاء":1,"موقف التنفيذ":1,"نوع العمل الصناعي":5,"ObjectID":159}},{"type":"Feature","id":160,"geometry":{"type":"Point","coordinates":[32.877154,25.842487]},"properties":{"Name":"حاجز ترابي","X":31.4476110175194,"Y":29.4995402650613,"Z":0,"Cood":5039,"Field_1":"حاجز ترابي","Report_Dater":"15/08/2024","Total_Value":12350,"x2":31.447611,"y2":29.49954,"إدارة التوسع الأفقي":5,"اسم العملية":"إنشاء عدد (3) بحيرات وعدد (2) حاجز ترابي (مخر سيل الودى)   بمنطقة  الودى بمحافظة الجيزة","اسم المقاول":"شركة الكراكات   المصرية","اسم المنشأ":"حاجز ترابي","الإدارة المركزية للتوسع":2,"الارتفاع":5,"الحالة الهيدروليكية":"لا يوجد إطماءات","الزمن التكراري":200,"السعة التخزينية (ألف م3)":1220,"الطول (م)":880,"المحافظ":10,"الميل الأمامي":"2:3","الميل الجانبي":"2:3","الهدف من الإنشاء":"حماية منطقة الودى مركز   الصف من اخطار السيول","الوادي":"النوايا","الوظيفة":3,"تاريخ آخر صيانة":"المنشأ جديد و لم يتأثر بالسيول","تاريخ كتابة التقرير":"8/15/2024","حالة الدبش بالأمام":"جيدة","طبيعة العمل":3,"عام الإنشاء":2024,"عرض القاع":128,"عرض القمة":100,"قيمة العقد (ألف جنيه)":12350,"موقف التنفيذ":1,"نوع العمل الصناعي":2,"ObjectID":117}},{"type":"Feature","id":161,"geometry":{"type":"Point","coordinates":[33.72136,25.193288]},"properties":{"Name":"حاجز ترابي","X":31.4476110175194,"Y":29.4995402650613,"Z":0,"Cood":5039,"Field_1":"حاجز ترابي","Report_Dater":"15/08/2024","Total_Value":12350,"x2":31.447611,"y2":29.49954,"إدارة التوسع الأفقي":5,"اسم العملية":"إنشاء عدد (3) بحيرات وعدد (2) حاجز ترابي (مخر سيل الودى)   بمنطقة  الودى بمحافظة الجيزة","اسم المقاول":"شركة الكراكات   المصرية","اسم المنشأ":"حاجز ترابي","الإدارة المركزية للتوسع":2,"الارتفاع":5,"الحالة الهيدروليكية":"لا يوجد إطماءات","الزمن التكراري":200,"السعة التخزينية (ألف م3)":1220,"الطول (م)":880,"المحافظ":10,"الميل الأمامي":"2:3","الميل الجانبي":"2:3","الهدف من الإنشاء":"حماية منطقة الودى مركز   الصف من اخطار السيول","الوادي":"النوايا","الوظيفة":3,"تاريخ آخر صيانة":"المنشأ جديد و لم يتأثر بالسيول","تاريخ كتابة التقرير":"8/15/2024","حالة الدبش بالأمام":"جيدة","طبيعة العمل":3,"عام الإنشاء":2024,"عرض القاع":128,"عرض القمة":100,"قيمة العقد (ألف جنيه)":12350,"موقف التنفيذ":1,"نوع العمل الصناعي":2,"ObjectID":117}},{"type":"Feature","id":162,"geometry":{"type":"Point","coordinates":[33.606295,25.013711]},"properties":{"Name":"حاجز ترابي 2","X":33.6062952197704,"Y":25.0137112359876,"Z":0,"Cood":7018,"Field_1":"حاجز ترابي 2","Total_Value":5326.008114,"x2":33.606295,"y2":25.013711,"إدارة التوسع الأفقي":7,"اسم العملية":"عملية انشاء عدد (2) بحيرة صناعية +(2) حاجز ترابى ( ب7-W13)&amp;( ب8-W14)&amp; عدد (2) سد إعاقة  م3 (w12)  &amp;م4 (w15)  لحماية وادى عبادى (3أ)  مركز إدفو محافظة أسوان من أخطار السيول","اسم المقاول":"الشركة المصرية للري والصرف  والمنشآت المدنية","اسم المنشأ":"حاجز ترابي 2","الإدارة المركزية للتوسع":2,"الارتفاع":6,"التعديات":"جيدة","الحالة الهيدروليكية":"لا يوجد إطماءات","الزمن التكراري":50,"السعة التخزينية (ألف م3)":378,"الطول (م)":95,"المحافظ":8,"الميل الأمامي":"3:1","الميل الجانبي":"4:1","الهدف من الإنشاء":"الطريق الرئيسي (إدفو- مرسي علم )( قرية النزل+قرية معروف+قرية المنشية+قرية الرضوانية+ قرية الكمب +قر*","الوادي":"وادي البرامية","الوظيفة":3,"حالة الدبش بالأمام":"جيدة","طبيعة العمل":3,"عام اخر سيل تحديدا":2021,"عام الإنشاء":2021,"عرض القاع":50,"عرض القمة":8,"قيمة العقد (ألف جنيه)":5803.9,"مواد الإنهشاء":2,"موقف التنفيذ":1,"نوع العمل الصناعي":6,"ObjectID":162}},{"type":"Feature","id":163,"geometry":{"type":"Point","coordinates":[33.328224,25.009448]},"properties":{"Name":"حاجز ترابي 2","X":33.6062952197704,"Y":25.0137112359876,"Z":0,"Cood":7018,"Field_1":"حاجز ترابي 2","Total_Value":5326.008114,"x2":33.606295,"y2":25.013711,"إدارة التوسع الأفقي":7,"اسم العملية":"عملية انشاء عدد (2) بحيرة صناعية +(2) حاجز ترابى ( ب7-W13)&amp;( ب8-W14)&amp; عدد (2) سد إعاقة  م3 (w12)  &amp;م4 (w15)  لحماية وادى عبادى (3أ)  مركز إدفو محافظة أسوان من أخطار السيول","اسم المقاول":"الشركة المصرية للري والصرف  والمنشآت المدنية","اسم المنشأ":"حاجز ترابي 2","الإدارة المركزية للتوسع":2,"الارتفاع":6,"التعديات":"جيدة","الحالة الهيدروليكية":"لا يوجد إطماءات","الزمن التكراري":50,"السعة التخزينية (ألف م3)":378,"الطول (م)":95,"المحافظ":8,"الميل الأمامي":"3:1","الميل الجانبي":"4:1","الهدف من الإنشاء":"الطريق الرئيسي (إدفو- مرسي علم )( قرية النزل+قرية معروف+قرية المنشية+قرية الرضوانية+ قرية الكمب +قر*","الوادي":"وادي البرامية","الوظيفة":3,"حالة الدبش بالأمام":"جيدة","طبيعة العمل":3,"عام اخر سيل تحديدا":2021,"عام الإنشاء":2021,"عرض القاع":50,"عرض القمة":8,"قيمة العقد (ألف جنيه)":5803.9,"مواد الإنهشاء":2,"موقف التنفيذ":1,"نوع العمل الصناعي":6,"ObjectID":162}},{"type":"Feature","id":164,"geometry":{"type":"Point","coordinates":[33.271233,25.028921]},"properties":{"Name":"حاجز ترابي 2","X":33.6062952197704,"Y":25.0137112359876,"Z":0,"Cood":7018,"Field_1":"حاجز ترابي 2","Total_Value":5326.008114,"x2":33.606295,"y2":25.013711,"إدارة التوسع الأفقي":7,"اسم العملية":"عملية انشاء عدد (2) بحيرة صناعية +(2) حاجز ترابى ( ب7-W13)&amp;( ب8-W14)&amp; عدد (2) سد إعاقة  م3 (w12)  &amp;م4 (w15)  لحماية وادى عبادى (3أ)  مركز إدفو محافظة أسوان من أخطار السيول","اسم المقاول":"الشركة المصرية للري والصرف  والمنشآت المدنية","اسم المنشأ":"حاجز ترابي 2","الإدارة المركزية للتوسع":2,"الارتفاع":6,"التعديات":"جيدة","الحالة الهيدروليكية":"لا يوجد إطماءات","الزمن التكراري":50,"السعة التخزينية (ألف م3)":378,"الطول (م)":95,"المحافظ":8,"الميل الأمامي":"3:1","الميل الجانبي":"4:1","الهدف من الإنشاء":"الطريق الرئيسي (إدفو- مرسي علم )( قرية النزل+قرية معروف+قرية المنشية+قرية الرضوانية+ قرية الكمب +قر*","الوادي":"وادي البرامية","الوظيفة":3,"حالة الدبش بالأمام":"جيدة","طبيعة العمل":3,"عام اخر سيل تحديدا":2021,"عام الإنشاء":2021,"عرض القاع":50,"عرض القمة":8,"قيمة العقد (ألف جنيه)":5803.9,"مواد الإنهشاء":2,"موقف التنفيذ":1,"نوع العمل الصناعي":6,"ObjectID":162}},{"type":"Feature","id":165,"geometry":{"type":"Point","coordinates":[33.240576,25.021484]},"properties":{"Name":"حاجز ترابي 3","X":33.2405760917687,"Y":25.0214843643856,"Z":0,"Cood":7030,"Field_1":"حاجز ترابي 3","Total_Value":538.8550456,"x2":33.240576,"y2":25.021484,"إدارة التوسع الأفقي":7,"اسم العملية":"عملية انشاء عدد 3بحيرة صناعية+3حاجز ترابى (ب9-W17) &amp; (ب11-W20) &amp; (بw21-12) لحماية وادى عبادى (3ج) – مركز ادفو – محافظة أسوان من أخطار السيول","اسم المقاول":"عبد الحميد محمد سليمان","اسم المنشأ":"حاجز ترابي 3","الإدارة المركزية للتوسع":2,"الارتفاع":3,"التعديات":"جيدة","الحالة الهيدروليكية":"لا يوجد إطماءات","الزمن التكراري":100,"السعة التخزينية (ألف م3)":400,"الطول (م)":1940,"المحافظ":8,"الميل الأمامي":"3:1","الميل الجانبي":"4:1","الهدف من الإنشاء":"الطريق الرئيسي (إدفو- مرسي علم )( قرية النزل+قرية معروف+قرية المنشية+قرية الرضوانية+ قرية الكمب +قر*","الوادي":"وادي البرامية","الوظيفة":3,"حالة الدبش بالأمام":"جيدة","طبيعة العمل":3,"عام اخر سيل تحديدا":2021,"عام الإنشاء":2021,"عرض القاع":71,"عرض القمة":50,"قيمة العقد (ألف جنيه)":419.714407,"مواد الإنهشاء":2,"موقف التنفيذ":1,"نوع العمل الصناعي":6,"ObjectID":165}},{"type":"Feature","id":166,"geometry":{"type":"Point","coordinates":[33.07168,25.00288]},"properties":{"Name":"حاجز ترابي رقم 3","X":33.0716802664183,"Y":25.0028803271055,"Z":0,"Cood":7036,"Field_1":"حاجز ترابي رقم 3","Total_Value":34091.1,"x2":33.07168,"y2":25.00288,"إدارة التوسع الأفقي":7,"اسم العملية":"عملية انشاء عدد (4) بحيرة صناعية +(4) حاجز ترابى (ب13-W22)&amp;(ب14-W23)&amp; (ب15-W24)&amp;(ب16- W25) لحماية وادى عبادى (3د) مركز إدفو محافظة أسوان من أخطار السيول","اسم المقاول":"الشركة المصرية للري والصرف والانشاءات المدنية","اسم المنشأ":"حاجز ترابي رقم 3","الإدارة المركزية للتوسع":2,"الارتفاع":2,"التعديات":"جيدة","الحالة الهيدروليكية":"لا يوجد إطماءات","الزمن التكراري":100,"السعة التخزينية (ألف م3)":403,"الطول (م)":2276,"المحافظ":8,"الميل الأمامي":"3:1","الميل الجانبي":"4:1","الهدف من الإنشاء":"الطريق الرئيسي (إدفو- مرسي علم )( قرية النزل+قرية معروف+قرية المنشية+قرية الرضوانية+ قرية الكمب +قر*","الوادي":"وادي البرامية","الوظيفة":3,"حالة الدبش بالأمام":"جيدة","طبيعة العمل":3,"عام اخر سيل تحديدا":2021,"عام الإنشاء":2021,"عرض القاع":46.5,"عرض القمة":80,"قيمة العقد (ألف جنيه)":38627.75,"مواد الإنهشاء":2,"موقف التنفيذ":1,"نوع العمل الصناعي":6,"ObjectID":166}},{"type":"Feature","id":167,"geometry":{"type":"Point","coordinates":[33.023819,24.996883]},"properties":{"Name":"حاجز ترابي رقم 4","X":33.0238187118623,"Y":24.9968825448836,"Z":0,"Cood":7038,"Field_1":"حاجز ترابي رقم 4","Total_Value":21378.8,"x2":33.023819,"y2":24.996883,"إدارة التوسع الأفقي":7,"اسم العملية":"عملية انشاء عدد (4) بحيرة صناعية +(4) حاجز ترابى (ب13-W22)&amp;(ب14-W23)&amp; (ب15-W24)&amp;(ب16- W25) لحماية وادى عبادى (3د) مركز إدفو محافظة أسوان من أخطار السيول","اسم المقاول":"جهاز مشروعات الخدمة الوطنية","اسم المنشأ":"حاجز ترابي رقم 4","الإدارة المركزية للتوسع":2,"الارتفاع":2.5,"التعديات":"جيدة","الحالة الهيدروليكية":"لا يوجد إطماءات","الزمن التكراري":100,"السعة التخزينية (ألف م3)":200,"الطول (م)":1550,"المحافظ":8,"الميل الأمامي":"3:1","الميل الجانبي":"4:1","الهدف من الإنشاء":"الطريق الرئيسي (إدفو- مرسي علم )( قرية النزل+قرية معروف+قرية المنشية+قرية الرضوانية+ قرية الكمب +قر*","الوادي":"وادي البرامية","الوظيفة":3,"حالة الدبش بالأمام":"جيدة","طبيعة العمل":3,"عام اخر سيل تحديدا":2021,"عام الإنشاء":2021,"عرض القاع":29,"عرض القمة":8,"قيمة العقد (ألف جنيه)":23970,"مواد الإنهشاء":2,"موقف التنفيذ":1,"نوع العمل الصناعي":6,"ObjectID":167}},{"type":"Feature","id":168,"geometry":{"type":"Point","coordinates":[33.18873,25.07582]},"properties":{"Name":"حاجز ترابي رقم 2","X":33.1887295227626,"Y":25.0758204411458,"Z":0,"Cood":7034,"Field_1":"حاجز ترابي رقم 2","Total_Value":1500,"x2":33.18873,"y2":25.07582,"إدارة التوسع الأفقي":7,"اسم العملية":"عملية انشاء عدد (4) بحيرة صناعية +(4) حاجز ترابى (ب13-W22)&amp;(ب14-W23)&amp; (ب15-W24)&amp;(ب16- W25) لحماية وادى عبادى (3د) مركز إدفو محافظة أسوان من أخطار السيول","اسم المقاول":"الجمعية التعاونية للإنشاء والتعمير بأسيوط","اسم المنشأ":"حاجز ترابي رقم 2","الإدارة المركزية للتوسع":2,"الارتفاع":3,"التعديات":"جيدة","الحالة الهيدروليكية":"لا يوجد إطماءات","الزمن التكراري":100,"السعة التخزينية (ألف م3)":400,"الطول (م)":1433,"المحافظ":8,"الميل الأمامي":"3:1","الميل الجانبي":"4:1","الهدف من الإنشاء":"الطريق الرئيسي (إدفو- مرسي علم )( قرية النزل+قرية معروف+قرية المنشية+قرية الرضوانية+ قرية الكمب +قر*","الوادي":"وادي البرامية","الوظيفة":3,"حالة الدبش بالأمام":"جيدة","طبيعة العمل":3,"عام اخر سيل تحديدا":2021,"عام الإنشاء":2021,"عرض القاع":71,"عرض القمة":50,"قيمة العقد (ألف جنيه)":992.96,"مواد الإنهشاء":2,"موقف التنفيذ":1,"نوع العمل الصناعي":6,"ObjectID":168}},{"type":"Feature","id":169,"geometry":{"type":"Point","coordinates":[33.666661,25.033202]},"properties":{"Name":"حاجز ترابي 1","X":33.6666612670347,"Y":25.0332024231943,"Z":0,"Cood":7016,"Field_1":"حاجز ترابي 1","Total_Value":37664.42884,"x2":33.666661,"y2":25.033202,"إدارة التوسع الأفقي":7,"اسم العملية":"عملية انشاء عدد (2) بحيرة صناعية +(2) حاجز ترابى ( ب7-W13)&amp;( ب8-W14)&amp; عدد (2) سد إعاقة  م3 (w12)  &amp;م4 (w15)  لحماية وادى عبادى (3أ)  مركز إدفو محافظة أسوان من أخطار السيول","اسم المقاول":"شركة الكراكات المصرية","اسم المنشأ":"حاجز ترابي 1","الإدارة المركزية للتوسع":2,"الارتفاع":3,"التعديات":"جيدة","الحالة الهيدروليكية":"لا يوجد إطماءات","الزمن التكراري":50,"السعة التخزينية (ألف م3)":220,"الطول (م)":295,"المحافظ":8,"الميل الأمامي":"3:1","الميل الجانبي":"4:1","الهدف من الإنشاء":"الطريق الرئيسي (إدفو- مرسي علم )( قرية النزل+قرية معروف+قرية المنشية+قرية الرضوانية+ قرية الكمب +قر*","الوادي":"وادي البرامية","الوظيفة":3,"حالة الدبش بالأمام":"جيدة","طبيعة العمل":3,"عام اخر سيل تحديدا":2021,"عام الإنشاء":2021,"عرض القاع":31,"عرض القمة":10,"قيمة العقد (ألف جنيه)":39516.8,"مواد الإنهشاء":2,"موقف التنفيذ":1,"نوع العمل الصناعي":6,"ObjectID":169}},{"type":"Feature","id":170,"geometry":{"type":"Point","coordinates":[33.322094,24.992469]},"properties":{"Name":"حاجز ترابي 1","X":33.6666612670347,"Y":25.0332024231943,"Z":0,"Cood":7016,"Field_1":"حاجز ترابي 1","Total_Value":37664.42884,"x2":33.666661,"y2":25.033202,"إدارة التوسع الأفقي":7,"اسم العملية":"عملية انشاء عدد (2) بحيرة صناعية +(2) حاجز ترابى ( ب7-W13)&amp;( ب8-W14)&amp; عدد (2) سد إعاقة  م3 (w12)  &amp;م4 (w15)  لحماية وادى عبادى (3أ)  مركز إدفو محافظة أسوان من أخطار السيول","اسم المقاول":"شركة الكراكات المصرية","اسم المنشأ":"حاجز ترابي 1","الإدارة المركزية للتوسع":2,"الارتفاع":3,"التعديات":"جيدة","الحالة الهيدروليكية":"لا يوجد إطماءات","الزمن التكراري":50,"السعة التخزينية (ألف م3)":220,"الطول (م)":295,"المحافظ":8,"الميل الأمامي":"3:1","الميل الجانبي":"4:1","الهدف من الإنشاء":"الطريق الرئيسي (إدفو- مرسي علم )( قرية النزل+قرية معروف+قرية المنشية+قرية الرضوانية+ قرية الكمب +قر*","الوادي":"وادي البرامية","الوظيفة":3,"حالة الدبش بالأمام":"جيدة","طبيعة العمل":3,"عام اخر سيل تحديدا":2021,"عام الإنشاء":2021,"عرض القاع":31,"عرض القمة":10,"قيمة العقد (ألف جنيه)":39516.8,"مواد الإنهشاء":2,"موقف التنفيذ":1,"نوع العمل الصناعي":6,"ObjectID":169}},{"type":"Feature","id":171,"geometry":{"type":"Point","coordinates":[32.84427,25.713104]},"properties":{"Name":"حاجز ترابي ح2 بوادي بنات بري","X":32.8442696073571,"Y":25.7131036243094,"Z":0,"Cood":7049,"Field_1":"حاجز ترابي ح2 بوادي بنات بري","Total_Value":27073,"x2":32.84427,"y2":25.713104,"إدارة التوسع الأفقي":7,"اسم العملية":"عملية إنشاء عدد 2 بحيرة صناعية + 2 حاجز ترابي  لحماية وادى الصعايدة والعمدة 1(وادى بنات برى ) من أخطار السيول – محافظة الأقصر","اسم المقاول":"شركة عبد اللاه حسان وشركاه","اسم المنشأ":"حاجز ترابي ح2 بوادي بنات بري","الإدارة المركزية للتوسع":2,"الارتفاع":5,"التعديات":"جيدة","الحالة الهيدروليكية":"لا يوجد إطماءات","الزمن التكراري":100,"السعة التخزينية (ألف م3)":123,"الطول (م)":385,"المحافظ":6,"الميل الأمامي":"3:1","الميل الجانبي":"4:1","الهدف من الإنشاء":"حماية (مدينة طيبة الجديدة + الطريق الدائري الإقليمي +  طريق )أسوان-القاهرة + نجع العويضات + نجع جاد  *","الوادي":"وادي بنات بري","الوظيفة":3,"حالة الدبش بالأمام":"جيدة","طبيعة العمل":3,"عام اخر سيل تحديدا":2021,"عام الإنشاء":2018,"عرض القاع":45,"عرض القمة":10,"قيمة العقد (ألف جنيه)":27073,"مواد الإنهشاء":2,"موقف التنفيذ":2,"نوع العمل الصناعي":6,"ObjectID":171}},{"type":"Feature","id":172,"geometry":{"type":"Point","coordinates":[32.879465,25.461237]},"properties":{"Name":"حاجز ترابي ح1 بوادي المدامود","X":32.8794645629639,"Y":25.4612367069936,"Z":0,"Cood":7053,"Field_1":"حاجز ترابي ح1 بوادي المدامود","Total_Value":18417,"x2":32.879465,"y2":25.461237,"إدارة التوسع الأفقي":7,"اسم العملية":"عملية إنشاء عدد 3بحيرات صناعية + 3 حواجز ترابية لحماية وادى الصعايدة والعمدة 2 (وادى المدامود ) من أخطار السيول – محافظة الأقصر","اسم المقاول":"شركة عبد اللاه حسان وشركاه","اسم المنشأ":"حاجز ترابي ح1 بوادي المدامود","الإدارة المركزية للتوسع":2,"الارتفاع":5,"التعديات":"جيدة","الحالة الهيدروليكية":"لا يوجد إطماءات","الزمن التكراري":100,"السعة التخزينية (ألف م3)":138,"الطول (م)":285,"المحافظ":6,"الميل الأمامي":"3:1","الميل الجانبي":"4:1","الهدف من الإنشاء":"حماية (مدينة طيبة الجديدة + الطريق الدائري الإقليمي +  طريق )أسوان-القاهرة + نجع العويضات + نجع جاد  *","الوادي":"وادي المدامود","الوظيفة":3,"حالة الدبش بالأمام":"جيدة","طبيعة العمل":3,"عام اخر سيل تحديدا":2021,"عام الإنشاء":2018,"عرض القاع":45,"عرض القمة":10,"قيمة العقد (ألف جنيه)":18417,"مواد الإنهشاء":2,"موقف التنفيذ":2,"نوع العمل الصناعي":6,"ObjectID":172}},{"type":"Feature","id":173,"geometry":{"type":"Point","coordinates":[31.976952,25.901127]},"properties":{"Name":"حاجز ترابي رقم 2","X":33.1887295227626,"Y":25.0758204411458,"Z":0,"Cood":7034,"Field_1":"حاجز ترابي رقم 2","Total_Value":1500,"x2":33.18873,"y2":25.07582,"إدارة التوسع الأفقي":7,"اسم العملية":"عملية انشاء عدد (4) بحيرة صناعية +(4) حاجز ترابى (ب13-W22)&amp;(ب14-W23)&amp; (ب15-W24)&amp;(ب16- W25) لحماية وادى عبادى (3د) مركز إدفو محافظة أسوان من أخطار السيول","اسم المقاول":"الجمعية التعاونية للإنشاء والتعمير بأسيوط","اسم المنشأ":"حاجز ترابي رقم 2","الإدارة المركزية للتوسع":2,"الارتفاع":3,"التعديات":"جيدة","الحالة الهيدروليكية":"لا يوجد إطماءات","الزمن التكراري":100,"السعة التخزينية (ألف م3)":400,"الطول (م)":1433,"المحافظ":8,"الميل الأمامي":"3:1","الميل الجانبي":"4:1","الهدف من الإنشاء":"الطريق الرئيسي (إدفو- مرسي علم )( قرية النزل+قرية معروف+قرية المنشية+قرية الرضوانية+ قرية الكمب +قر*","الوادي":"وادي البرامية","الوظيفة":3,"حالة الدبش بالأمام":"جيدة","طبيعة العمل":3,"عام اخر سيل تحديدا":2021,"عام الإنشاء":2021,"عرض القاع":71,"عرض القمة":50,"قيمة العقد (ألف جنيه)":992.96,"مواد الإنهشاء":2,"موقف التنفيذ":1,"نوع العمل الصناعي":6,"ObjectID":168}},{"type":"Feature","id":174,"geometry":{"type":"Point","coordinates":[31.935541,25.958516]},"properties":{"Name":"حاجز ترابي رقم 1","X":31.9355410517502,"Y":25.958515593994,"Z":0,"Cood":7083,"Field_1":"حاجز ترابي رقم 1","Total_Value":50408.3,"x2":31.935541,"y2":25.958516,"إدارة التوسع الأفقي":7,"اسم العملية":"عملية انشاء عدد (2) ( بحيرة صناعية +حاجز ترابى ) لحماية نجع الكرنك وعدد (2) سد إعاقة لحماية نجع العمرة - محافظة قنا","اسم المقاول":"الهيئة القومية للإنتاج الحربي","اسم المنشأ":"حاجز ترابي رقم 1","الإدارة المركزية للتوسع":2,"الارتفاع":4,"التعديات":"جيدة","الحالة الهيدروليكية":"لا يوجد إطماءات","الزمن التكراري":100,"السعة التخزينية (ألف م3)":600,"الطول (م)":1785,"المحافظ":1,"الميل الأمامي":"3:1","الميل الجانبي":"4:1","الهدف من الإنشاء":"حماية قرية الكرنك","الوادي":"وادي الكرنك","الوظيفة":3,"حالة الدبش بالأمام":"جيدة","عام اخر سيل تحديدا":2021,"عام الإنشاء":2022,"عرض القاع":33,"عرض القمة":5,"قيمة العقد (ألف جنيه)":44107,"مواد الإنهشاء":2,"نوع العمل الصناعي":6,"ObjectID":174}},{"type":"Feature","id":175,"geometry":{"type":"Point","coordinates":[32.278787,25.822165]},"properties":{"Name":"حاجز ترابي 2","X":33.6062952197704,"Y":25.0137112359876,"Z":0,"Cood":7018,"Field_1":"حاجز ترابي 2","Total_Value":5326.008114,"x2":33.606295,"y2":25.013711,"إدارة التوسع الأفقي":7,"اسم العملية":"عملية انشاء عدد (2) بحيرة صناعية +(2) حاجز ترابى ( ب7-W13)&amp;( ب8-W14)&amp; عدد (2) سد إعاقة  م3 (w12)  &amp;م4 (w15)  لحماية وادى عبادى (3أ)  مركز إدفو محافظة أسوان من أخطار السيول","اسم المقاول":"الشركة المصرية للري والصرف  والمنشآت المدنية","اسم المنشأ":"حاجز ترابي 2","الإدارة المركزية للتوسع":2,"الارتفاع":6,"التعديات":"جيدة","الحالة الهيدروليكية":"لا يوجد إطماءات","الزمن التكراري":50,"السعة التخزينية (ألف م3)":378,"الطول (م)":95,"المحافظ":8,"الميل الأمامي":"3:1","الميل الجانبي":"4:1","الهدف من الإنشاء":"الطريق الرئيسي (إدفو- مرسي علم )( قرية النزل+قرية معروف+قرية المنشية+قرية الرضوانية+ قرية الكمب +قر*","الوادي":"وادي البرامية","الوظيفة":3,"حالة الدبش بالأمام":"جيدة","طبيعة العمل":3,"عام اخر سيل تحديدا":2021,"عام الإنشاء":2021,"عرض القاع":50,"عرض القمة":8,"قيمة العقد (ألف جنيه)":5803.9,"مواد الإنهشاء":2,"موقف التنفيذ":1,"نوع العمل الصناعي":6,"ObjectID":162}},{"type":"Feature","id":176,"geometry":{"type":"Point","coordinates":[32.778768,25.628157]},"properties":{"Name":"حاجز ترابي ح3 بوادي المدامود","X":32.7787678355322,"Y":25.6281573167751,"Z":0,"Cood":7057,"Field_1":"حاجز ترابي ح3 بوادي المدامود","x2":32.778768,"y2":25.628157,"إدارة التوسع الأفقي":7,"اسم العملية":"عملية إنشاء عدد 3بحيرات صناعية + 3 حواجز ترابية لحماية وادى الصعايدة والعمدة 2 (وادى المدامود ) من أخطار السيول – محافظة الأقصر","اسم المقاول":"المؤسسة العربية للمقاولات والاشغال العامة","اسم المنشأ":"حاجز ترابي ح3 بوادي المدامود","الإدارة المركزية للتوسع":2,"الارتفاع":3.5,"التعديات":"جيدة","الحالة الهيدروليكية":"لا يوجد إطماءات","الزمن التكراري":100,"السعة التخزينية (ألف م3)":287,"الطول (م)":1990,"المحافظ":6,"الميل الأمامي":"3:1","الميل الجانبي":"4:1","الهدف من الإنشاء":"حماية (مدينة طيبة الجديدة + الطريق الدائري الإقليمي +  طريق )أسوان-القاهرة + نجع العويضات + نجع جاد  *","الوادي":"وادي المدامود","الوظيفة":3,"حالة الدبش بالأمام":"جيدة","طبيعة العمل":2,"عام اخر سيل تحديدا":2021,"عام الإنشاء":2018,"عرض القاع":34.5,"عرض القمة":10,"قيمة العقد (ألف جنيه)":2340,"مواد الإنهشاء":2,"موقف التنفيذ":1,"نوع العمل الصناعي":6,"ObjectID":176}},{"type":"Feature","id":177,"geometry":{"type":"Point","coordinates":[33.509234,24.40558]},"properties":{"Name":"حاجز ترابي وادي خريط الرئيسي 1أ","X":33.5092344709353,"Y":24.4055804809859,"Z":0,"Cood":7043,"Field_1":"حاجز ترابي وادي خريط الرئيسي 1أ","Total_Value":20468.5,"x2":33.509234,"y2":24.40558,"إدارة التوسع الأفقي":7,"اسم العملية":"عملية إنشاء بحيرة صناعية ب1 + حاجز ترابى بوادي نتش &amp; عدد (2) سد إعاقة (م2&amp; ر2) لحماية وادى خريط  الرئيسي   (1 ب ) مركز كوم أمبو ـــ محافظة أسوان من أخطار السيول","اسم المقاول":"شركة عبد اللاه حسان وشركاه","اسم المنشأ":"حاجز ترابي وادي خريط الرئيسي 1أ","الإدارة المركزية للتوسع":2,"الارتفاع":6.5,"التعديات":"جيدة","الحالة الهيدروليكية":"لا يوجد إطماءات","الزمن التكراري":100,"السعة التخزينية (ألف م3)":4700,"الطول (م)":3400,"المحافظ":8,"الميل الأمامي":"3:1","الميل الجانبي":"4:1","الهدف من الإنشاء":"حماية  (قرية وادي النقرة + قرية أبو سمبل +قرية توشكي شرق + قرية وادي خريط ) – محافظة أسوان","الوادي":"وادي خريط","الوظيفة":3,"حالة الدبش بالأمام":"جيدة","طبيعة العمل":3,"عام اخر سيل تحديدا":2021,"عام الإنشاء":2020,"عرض القاع":46,"عرض القمة":25,"قيمة العقد (ألف جنيه)":20468.5,"مواد الإنهشاء":2,"موقف التنفيذ":2,"نوع العمل الصناعي":6,"ObjectID":177}},{"type":"Feature","id":178,"geometry":{"type":"Point","coordinates":[32.877645,25.744897]},"properties":{"Name":"حاجز ترابي ح1 بوادي بنات بري","X":32.8776446196234,"Y":25.7448970390099,"Z":0,"Cood":7051,"Field_1":"حاجز ترابي ح1 بوادي بنات بري","Total_Value":21179.58,"x2":32.877645,"y2":25.744897,"إدارة التوسع الأفقي":7,"اسم العملية":"عملية إنشاء عدد 2 بحيرة صناعية + 2 حاجز ترابي  لحماية وادى الصعايدة والعمدة 1(وادى بنات برى ) من أخطار السيول – محافظة الأقصر","اسم المقاول":"شركة عبد اللاه حسان وشركاه","اسم المنشأ":"حاجز ترابي ح1 بوادي بنات بري","الإدارة المركزية للتوسع":2,"الارتفاع":3.5,"التعديات":"جيدة","الحالة الهيدروليكية":"لا يوجد إطماءات","الزمن التكراري":100,"السعة التخزينية (ألف م3)":90,"الطول (م)":1250,"المحافظ":6,"الميل الأمامي":"3:1","الميل الجانبي":"4:1","الهدف من الإنشاء":"حماية (مدينة طيبة الجديدة + الطريق الدائري الإقليمي +  طريق )أسوان-القاهرة + نجع العويضات + نجع جاد  *","الوادي":"وادي بنات بري","الوظيفة":3,"حالة الدبش بالأمام":"جيدة","طبيعة العمل":3,"عام اخر سيل تحديدا":2021,"عام الإنشاء":2018,"عرض القاع":34.5,"عرض القمة":10,"قيمة العقد (ألف جنيه)":21179.58,"مواد الإنهشاء":2,"موقف التنفيذ":2,"نوع العمل الصناعي":6,"ObjectID":178}},{"type":"Feature","id":179,"geometry":{"type":"Point","coordinates":[32.204904,25.831183]},"properties":{"Name":"حاجز ترابي 1","X":33.6666612670347,"Y":25.0332024231943,"Z":0,"Cood":7016,"Field_1":"حاجز ترابي 1","Total_Value":37664.42884,"x2":33.666661,"y2":25.033202,"إدارة التوسع الأفقي":7,"اسم العملية":"عملية انشاء عدد (2) بحيرة صناعية +(2) حاجز ترابى ( ب7-W13)&amp;( ب8-W14)&amp; عدد (2) سد إعاقة  م3 (w12)  &amp;م4 (w15)  لحماية وادى عبادى (3أ)  مركز إدفو محافظة أسوان من أخطار السيول","اسم المقاول":"شركة الكراكات المصرية","اسم المنشأ":"حاجز ترابي 1","الإدارة المركزية للتوسع":2,"الارتفاع":3,"التعديات":"جيدة","الحالة الهيدروليكية":"لا يوجد إطماءات","الزمن التكراري":50,"السعة التخزينية (ألف م3)":220,"الطول (م)":295,"المحافظ":8,"الميل الأمامي":"3:1","الميل الجانبي":"4:1","الهدف من الإنشاء":"الطريق الرئيسي (إدفو- مرسي علم )( قرية النزل+قرية معروف+قرية المنشية+قرية الرضوانية+ قرية الكمب +قر*","الوادي":"وادي البرامية","الوظيفة":3,"حالة الدبش بالأمام":"جيدة","طبيعة العمل":3,"عام اخر سيل تحديدا":2021,"عام الإنشاء":2021,"عرض القاع":31,"عرض القمة":10,"قيمة العقد (ألف جنيه)":39516.8,"مواد الإنهشاء":2,"موقف التنفيذ":1,"نوع العمل الصناعي":6,"ObjectID":169}},{"type":"Feature","id":180,"geometry":{"type":"Point","coordinates":[33.569994,25.122613]},"properties":{"Name":"حاجز ترابي","X":31.4476110175194,"Y":29.4995402650613,"Z":0,"Cood":5039,"Field_1":"حاجز ترابي","Report_Dater":"15/08/2024","Total_Value":12350,"x2":31.447611,"y2":29.49954,"إدارة التوسع الأفقي":5,"اسم العملية":"إنشاء عدد (3) بحيرات وعدد (2) حاجز ترابي (مخر سيل الودى)   بمنطقة  الودى بمحافظة الجيزة","اسم المقاول":"شركة الكراكات   المصرية","اسم المنشأ":"حاجز ترابي","الإدارة المركزية للتوسع":2,"الارتفاع":5,"الحالة الهيدروليكية":"لا يوجد إطماءات","الزمن التكراري":200,"السعة التخزينية (ألف م3)":1220,"الطول (م)":880,"المحافظ":10,"الميل الأمامي":"2:3","الميل الجانبي":"2:3","الهدف من الإنشاء":"حماية منطقة الودى مركز   الصف من اخطار السيول","الوادي":"النوايا","الوظيفة":3,"تاريخ آخر صيانة":"المنشأ جديد و لم يتأثر بالسيول","تاريخ كتابة التقرير":"8/15/2024","حالة الدبش بالأمام":"جيدة","طبيعة العمل":3,"عام الإنشاء":2024,"عرض القاع":128,"عرض القمة":100,"قيمة العقد (ألف جنيه)":12350,"موقف التنفيذ":1,"نوع العمل الصناعي":2,"ObjectID":117}},{"type":"Feature","id":181,"geometry":{"type":"Point","coordinates":[33.402743,25.00783]},"properties":{"Name":"حاجزترابي","X":33.4027427735366,"Y":25.007829652409,"Z":0,"Cood":7014,"Field_1":"حاجزترابي","Total_Value":4197.44,"x2":33.402743,"y2":25.00783,"إدارة التوسع الأفقي":7,"اسم العملية":"عملية انشاء بحيرة ب3 + حاجز ترابى w6  بوادى المياه - منطقة وادى عبادى (عبادى 2د)  محافظة اسوان","اسم المقاول":"شركة أبناء بدوي للمقاولات","اسم المنشأ":"حاجزترابي","الإدارة المركزية للتوسع":2,"الارتفاع":5,"التعديات":"جيدة","الحالة الهيدروليكية":"لا يوجد إطماءات","الزمن التكراري":50,"السعة التخزينية (ألف م3)":1518,"الطول (م)":606,"المحافظ":8,"الميل الأمامي":"3:1","الميل الجانبي":"4:1","الهدف من الإنشاء":"الطريق الرئيسي (إدفو- مرسي علم )( قرية النزل+قرية معروف+قرية المنشية+قرية الرضوانية+ قرية الكمب +قر*","الوادي":"وادي المياه","الوظيفة":3,"حالة الدبش بالأمام":"جيدة","طبيعة العمل":3,"عام اخر سيل تحديدا":2021,"عام الإنشاء":2019,"عرض القاع":45,"عرض القمة":10,"قيمة العقد (ألف جنيه)":5083,"مواد الإنهشاء":2,"موقف التنفيذ":1,"نوع العمل الصناعي":6,"ObjectID":181}},{"type":"Feature","id":182,"geometry":{"type":"Point","coordinates":[32.942227,25.978684]},"properties":{"Name":"NULL","X":31.7595430556765,"Y":26.6548845830453,"Z":0,"Cood":6053,"x2":31.759543,"y2":26.654885,"إدارة التوسع الأفقي":6,"اسم العملية":"عملية حماية منطقة الصوامعة شرق من أخطار السيول مركز ساقلته - محافظة سوهاج","اسم المقاول":"مقاوله الجمعيه التعاونيه الانتاجيه للانشاء والتعم*","الإدارة المركزية للتوسع":2,"الارتفاع":7,"الزمن التكراري":100,"السعة التخزينية (ألف م3)":530,"الطول (م)":350,"المحافظ":5,"الميل الأمامي":"1:2","الميل الجانبي":"1:2","الهدف من الإنشاء":"حماية مدينة ساقلته من أخطار السيول الصوامعة شرق","الوادي":"الصوامعة شرق  (2)","الوظيفة":1,"تاريخ آخر سيل تحديدا":"5/1/2024","حالة الدبش بالأمام":"جيدة","طبيعة العمل":3,"عام اخر سيل تحديدا":2024,"عام الإنشاء":2021,"عرض القاع":32,"عرض القمة":4,"قيمة العقد (ألف جنيه)":2994.354,"مواد الإنهشاء":7,"موقف التنفيذ":1,"نوع العمل الصناعي":1,"ObjectID":22}},{"type":"Feature","id":183,"geometry":{"type":"Point","coordinates":[33.212704,25.053708]},"properties":{"Name":"حاجز ترابي رقم 1","X":31.9355410517502,"Y":25.958515593994,"Z":0,"Cood":7083,"Field_1":"حاجز ترابي رقم 1","Total_Value":50408.3,"x2":31.935541,"y2":25.958516,"إدارة التوسع الأفقي":7,"اسم العملية":"عملية انشاء عدد (2) ( بحيرة صناعية +حاجز ترابى ) لحماية نجع الكرنك وعدد (2) سد إعاقة لحماية نجع العمرة - محافظة قنا","اسم المقاول":"الهيئة القومية للإنتاج الحربي","اسم المنشأ":"حاجز ترابي رقم 1","الإدارة المركزية للتوسع":2,"الارتفاع":4,"التعديات":"جيدة","الحالة الهيدروليكية":"لا يوجد إطماءات","الزمن التكراري":100,"السعة التخزينية (ألف م3)":600,"الطول (م)":1785,"المحافظ":1,"الميل الأمامي":"3:1","الميل الجانبي":"4:1","الهدف من الإنشاء":"حماية قرية الكرنك","الوادي":"وادي الكرنك","الوظيفة":3,"حالة الدبش بالأمام":"جيدة","عام اخر سيل تحديدا":2021,"عام الإنشاء":2022,"عرض القاع":33,"عرض القمة":5,"قيمة العقد (ألف جنيه)":44107,"مواد الإنهشاء":2,"نوع العمل الصناعي":6,"ObjectID":174}},{"type":"Feature","id":184,"geometry":{"type":"Point","coordinates":[33.721253,24.12943]},"properties":{"Name":"حاجز ترابي","X":31.4476110175194,"Y":29.4995402650613,"Z":0,"Cood":5039,"Field_1":"حاجز ترابي","Report_Dater":"15/08/2024","Total_Value":12350,"x2":31.447611,"y2":29.49954,"إدارة التوسع الأفقي":5,"اسم العملية":"إنشاء عدد (3) بحيرات وعدد (2) حاجز ترابي (مخر سيل الودى)   بمنطقة  الودى بمحافظة الجيزة","اسم المقاول":"شركة الكراكات   المصرية","اسم المنشأ":"حاجز ترابي","الإدارة المركزية للتوسع":2,"الارتفاع":5,"الحالة الهيدروليكية":"لا يوجد إطماءات","الزمن التكراري":200,"السعة التخزينية (ألف م3)":1220,"الطول (م)":880,"المحافظ":10,"الميل الأمامي":"2:3","الميل الجانبي":"2:3","الهدف من الإنشاء":"حماية منطقة الودى مركز   الصف من اخطار السيول","الوادي":"النوايا","الوظيفة":3,"تاريخ آخر صيانة":"المنشأ جديد و لم يتأثر بالسيول","تاريخ كتابة التقرير":"8/15/2024","حالة الدبش بالأمام":"جيدة","طبيعة العمل":3,"عام الإنشاء":2024,"عرض القاع":128,"عرض القمة":100,"قيمة العقد (ألف جنيه)":12350,"موقف التنفيذ":1,"نوع العمل الصناعي":2,"ObjectID":117}},{"type":"Feature","id":185,"geometry":{"type":"Point","coordinates":[32.814684,25.554494]},"properties":{"Name":"حاجز ترابي ح2 بوادي المدامود","X":32.8146837145814,"Y":25.5544944017029,"Z":0,"Cood":7055,"Field_1":"حاجز ترابي ح2 بوادي المدامود","x2":32.814684,"y2":25.554494,"إدارة التوسع الأفقي":7,"اسم العملية":"عملية إنشاء عدد 3بحيرات صناعية + 3 حواجز ترابية لحماية وادى الصعايدة والعمدة 2 (وادى المدامود ) من أخطار السيول – محافظة الأقصر","اسم المقاول":"الهيئة الهندسية للقوات المسلحة (ادارة المياه)","اسم المنشأ":"حاجز ترابي ح2 بوادي المدامود","الإدارة المركزية للتوسع":2,"الارتفاع":5,"التعديات":"جيد","الحالة الهيدروليكية":"لا يوجد إطماءات","الزمن التكراري":100,"السعة التخزينية (ألف م3)":245,"الطول (م)":1060,"المحافظ":6,"الميل الأمامي":"3:1","الميل الجانبي":"4:1","الهدف من الإنشاء":"حماية (مدينة طيبة الجديدة + الطريق الدائري الإقليمي +  طريق )أسوان-القاهرة + نجع العويضات + نجع جاد  *","الوادي":"وادي المدامود","الوظيفة":3,"عام اخر سيل تحديدا":2021,"عام الإنشاء":2018,"عرض القاع":45,"عرض القمة":10,"قيمة العقد (ألف جنيه)":3822,"مواد الإنهشاء":2,"موقف التنفيذ":1,"نوع العمل الصناعي":6,"ObjectID":185}},{"type":"Feature","id":186,"geometry":{"type":"Point","coordinates":[30.883842,27.94489]},"properties":{"Name":"حاجز توجيه بوادى حسحاس","X":30.8838424849602,"Y":27.9448897899305,"Z":0,"Cood":6058,"Field_1":"حاجز توجيه بوادى حسحاس","x2":30.883842,"y2":27.94489,"إدارة التوسع الأفقي":6,"اسم العملية":"عملية تعديل مسار مجرى سيل الديابة وادى حسحاس مركز أبو قرقاص- محافظة المنيا","اسم المقاول":"0","اسم المنشأ":"حاجز توجيه بوادى حسحاس","الإدارة المركزية للتوسع":2,"الارتفاع":4,"الزمن التكراري":200,"الطول (م)":35,"المحافظ":3,"الميل الأمامي":"3:1","الميل الجانبي":"3:1","الهدف من الإنشاء":"تعديل مسار مجري سيل وادي حسحاس مركز ابو قرقاص","الوادي":"وادي حسحاس -مركز ابو قرقاص","الوظيفة":1,"تاريخ آخر سيل تحديدا":"5/1/2024","حالة الجسور":"جيدة","حالة الدبش بالأمام":"جيدة","طبيعة العمل":3,"عام اخر سيل تحديدا":2024,"عام الإنشاء":2016,"عرض القاع":49,"عرض القمة":5,"موقف التنفيذ":1,"نوع العمل الصناعي":7,"ObjectID":186}},{"type":"Feature","id":187,"geometry":{"type":"Point","coordinates":[31.395313,29.825064]},"properties":{"Name":"حاجز توجيه","X":31.395313467686,"Y":29.8250644299204,"Z":0,"Cood":5046,"Field_1":"قناة صناعية","Report_Dater":"19/08/2024","Total_Value":2075,"x2":31.395313,"y2":29.825064,"إدارة التوسع الأفقي":5,"اسم العملية":"عملية انشاء عدد (2) سد وعدد (1) حاجز توجيه وتأهيل وتدعيم البرابخ القائمة (وادي الجبو ) بمدينة 15مايو محافظة القاهرة","اسم المقاول":"الجمعية التعاونية للإنشاء   والتعمير بابو تيج","اسم المنشأ":"قناة صناعية","الإدارة المركزية للتوسع":2,"الارتفاع":2,"الحالة الهيدروليكية":"لا يوجد إطماءات","الزمن التكراري":200,"الطول (م)":300,"المحافظ":9,"الميل الأمامي":"1:3","الميل الجانبي":"1:4","الهدف من الإنشاء":"حماية منطقة 15 مايو  مركز   اطفيح  من اخطار السيول","الوادي":"الجبو","الوظيفة":2,"تاريخ آخر صيانة":"المنشأ جديد و لم يتأثر بالسيول","تاريخ كتابة التقرير":"8/19/2024","حالة الدبش بالأمام":"جيدة","حالة المخرج":"جيدة","حالة المدخل":"جيدة","طبيعة العمل":3,"عام الإنشاء":2024,"عرض القاع":1.5,"عرض القمة":0.75,"قيمة العقد (ألف جنيه)":2987,"موقف التنفيذ":1,"نوع العمل الصناعي":7,"ObjectID":187}},{"type":"Feature","id":188,"geometry":{"type":"Point","coordinates":[30.800398,28.249983]},"properties":{"Name":"مخر سيل","X":30.8003979030524,"Y":28.2499833516169,"Z":0,"Cood":5088,"Field_1":"مخر سيل","Total_Value":3000,"x2":30.800398,"y2":28.249983,"إدارة التوسع الأفقي":5,"اسم العملية":"عملية حماية قرية بنى خالد وقرية الشرقا من أخطار السيول بالمنيا","اسم المنشأ":"مخر سيل","الإدارة المركزية للتوسع":2,"الارتفاع":3,"الحالة الهيدروليكية":"لا يوجد إطماءات","الزمن التكراري":100,"الطول (م)":200,"المحافظ":3,"الميل الأمامي":"3:1","الميل الجانبي":"3:1","الهدف من الإنشاء":"حماية قرية بنى خالد وقرية الشرقا من أخطار السيول بالمنيا","الوادي":"جرف الدير","الوظيفة":2,"طبيعة العمل":3,"عام الإنشاء":2019,"عرض القاع":26,"عرض القمة":5,"قيمة العقد (ألف جنيه)":3000,"ملاحظات2":"تم عمل دراسة ل 200 سنة تكرارية عن طريق معهد البحوث و جارى اجراءات طرح الاعمال","مواد الإنهشاء":1,"موقف التنفيذ":1,"نوع العمل الصناعي":7,"ObjectID":188}},{"type":"Feature","id":189,"geometry":{"type":"Point","coordinates":[30.895594,27.812592]},"properties":{"Name":"حاجز توجيه","X":31.395313467686,"Y":29.8250644299204,"Z":0,"Cood":5046,"Field_1":"قناة صناعية","Report_Dater":"19/08/2024","Total_Value":2075,"x2":31.395313,"y2":29.825064,"إدارة التوسع الأفقي":5,"اسم العملية":"عملية انشاء عدد (2) سد وعدد (1) حاجز توجيه وتأهيل وتدعيم البرابخ القائمة (وادي الجبو ) بمدينة 15مايو محافظة القاهرة","اسم المقاول":"الجمعية التعاونية للإنشاء   والتعمير بابو تيج","اسم المنشأ":"قناة صناعية","الإدارة المركزية للتوسع":2,"الارتفاع":2,"الحالة الهيدروليكية":"لا يوجد إطماءات","الزمن التكراري":200,"الطول (م)":300,"المحافظ":9,"الميل الأمامي":"1:3","الميل الجانبي":"1:4","الهدف من الإنشاء":"حماية منطقة 15 مايو  مركز   اطفيح  من اخطار السيول","الوادي":"الجبو","الوظيفة":2,"تاريخ آخر صيانة":"المنشأ جديد و لم يتأثر بالسيول","تاريخ كتابة التقرير":"8/19/2024","حالة الدبش بالأمام":"جيدة","حالة المخرج":"جيدة","حالة المدخل":"جيدة","طبيعة العمل":3,"عام الإنشاء":2024,"عرض القاع":1.5,"عرض القمة":0.75,"قيمة العقد (ألف جنيه)":2987,"موقف التنفيذ":1,"نوع العمل الصناعي":7,"ObjectID":187}},{"type":"Feature","id":190,"geometry":{"type":"Point","coordinates":[31.802433,26.619342]},"properties":{"Name":"حاجز توجيه","X":31.395313467686,"Y":29.8250644299204,"Z":0,"Cood":5046,"Field_1":"قناة صناعية","Report_Dater":"19/08/2024","Total_Value":2075,"x2":31.395313,"y2":29.825064,"إدارة التوسع الأفقي":5,"اسم العملية":"عملية انشاء عدد (2) سد وعدد (1) حاجز توجيه وتأهيل وتدعيم البرابخ القائمة (وادي الجبو ) بمدينة 15مايو محافظة القاهرة","اسم المقاول":"الجمعية التعاونية للإنشاء   والتعمير بابو تيج","اسم المنشأ":"قناة صناعية","الإدارة المركزية للتوسع":2,"الارتفاع":2,"الحالة الهيدروليكية":"لا يوجد إطماءات","الزمن التكراري":200,"الطول (م)":300,"المحافظ":9,"الميل الأمامي":"1:3","الميل الجانبي":"1:4","الهدف من الإنشاء":"حماية منطقة 15 مايو  مركز   اطفيح  من اخطار السيول","الوادي":"الجبو","الوظيفة":2,"تاريخ آخر صيانة":"المنشأ جديد و لم يتأثر بالسيول","تاريخ كتابة التقرير":"8/19/2024","حالة الدبش بالأمام":"جيدة","حالة المخرج":"جيدة","حالة المدخل":"جيدة","طبيعة العمل":3,"عام الإنشاء":2024,"عرض القاع":1.5,"عرض القمة":0.75,"قيمة العقد (ألف جنيه)":2987,"موقف التنفيذ":1,"نوع العمل الصناعي":7,"ObjectID":187}},{"type":"Feature","id":191,"geometry":{"type":"Point","coordinates":[32.538083,25.466176]},"properties":{"Name":"سد*","X":32.5380827076111,"Y":25.4661755861153,"Z":0,"ObjectID":191}},{"type":"Feature","id":192,"geometry":{"type":"Point","coordinates":[32.532875,25.472116]},"properties":{"Name":"سد*","X":32.5380827076111,"Y":25.4661755861153,"Z":0,"ObjectID":191}},{"type":"Feature","id":193,"geometry":{"type":"Point","coordinates":[32.508853,25.53142]},"properties":{"Name":"سد*","X":32.5380827076111,"Y":25.4661755861153,"Z":0,"ObjectID":191}},{"type":"Feature","id":194,"geometry":{"type":"Point","coordinates":[32.5166,25.538874]},"properties":{"Name":"سد*","X":32.5380827076111,"Y":25.4661755861153,"Z":0,"ObjectID":191}},{"type":"Feature","id":195,"geometry":{"type":"Point","coordinates":[32.5405,25.539553]},"properties":{"Name":"سد*","X":32.5380827076111,"Y":25.4661755861153,"Z":0,"ObjectID":191}},{"type":"Feature","id":196,"geometry":{"type":"Point","coordinates":[32.526487,25.542139]},"properties":{"Name":"سد*","X":32.5380827076111,"Y":25.4661755861153,"Z":0,"ObjectID":191}},{"type":"Feature","id":197,"geometry":{"type":"Point","coordinates":[32.518111,25.542549]},"properties":{"Name":"سد*","X":32.5380827076111,"Y":25.4661755861153,"Z":0,"ObjectID":191}},{"type":"Feature","id":198,"geometry":{"type":"Point","coordinates":[30.847297,28.406637]},"properties":{"Name":"سد*","X":32.5380827076111,"Y":25.4661755861153,"Z":0,"ObjectID":191}},{"type":"Feature","id":199,"geometry":{"type":"Point","coordinates":[31.356784,29.802925]},"properties":{"Name":"سد*","X":32.5380827076111,"Y":25.4661755861153,"Z":0,"ObjectID":191}}]}