{"type":"FeatureCollection","features":[{"type":"Feature","id":1,"geometry":{"type":"Point","coordinates":[32.278634,25.820763]},"properties":{"Name":"بحيرة صناعية ب2","X":32.2786341990635,"Y":25.8207632450052,"Z":0,"Cood":7078,"Field_1":"بحيرة صناعية ب2","Total_Value":62431.4578068948,"x2":32.278634,"y2":25.820763,"إدارة التوسع الأفقي":7,"اسم العملية":"عملية إنشاء عدد (2)بحيرة صناعية +حاجز ترابى ب 1&amp;ب2 لحماية نجع البطحة بمحافظة قنا من أخطار السيول","اسم المقاول":"جهاز المخابرات العامة","اسم المنشأ":"بحيرة صناعية ب2","الإدارة المركزية للتوسع":2,"التعديات":"جيدة","الحالة الهيدروليكية":"لا يوجد إطماءات","الزمن التكراري":100,"السعة التخزينية (ألف م3)":730,"الطول (م)":600,"العرض":340,"العمق":4,"المحافظ":7,"الهدف من الإنشاء":"حماية مدينة البطحة","الوادي":"وادي درب الرزيقات","الوظيفة":3,"حالة الدبش بالأمام":"جيدة","طبيعة العمل":1,"عام اخر سيل تحديدا":2021,"عام الإنشاء":2021,"قيمة العقد (ألف جنيه)":62441.27454,"مواد الإنهشاء":1,"موقف التنفيذ":1,"نوع العمل الصناعي":3,"ObjectID":1}},{"type":"Feature","id":2,"geometry":{"type":"Point","coordinates":[33.271321,25.030082]},"properties":{"Name":"بحيرة صناعية ب 11","X":33.2713213617499,"Y":25.0300820368039,"Z":0,"Cood":7027,"Field_1":"بحيرة صناعية ب 11","Total_Value":882.9270056,"x2":33.271321,"y2":25.030082,"إدارة التوسع الأفقي":7,"اسم العملية":"عملية انشاء عدد 3بحيرة صناعية+3حاجز ترابى (ب9-W17) &amp; (ب11-W20) &amp; (بw21-12) لحماية وادى عبادى (3ج) – مركز ادفو – محافظة أسوان من أخطار السيول","اسم المقاول":"عبد الحميد محمد سليمان","اسم المنشأ":"بحيرة صناعية ب 11","الإدارة المركزية للتوسع":2,"التعديات":"جيد","الحالة الهيدروليكية":"لا يوجد إطماءات","الزمن التكراري":100,"السعة التخزينية (ألف م3)":437,"الطول (م)":150,"العرض":200,"العمق":2,"المحافظ":8,"الهدف من الإنشاء":"الطريق الرئيسي (إدفو- مرسي علم )( قرية النزل+قرية معروف+قرية المنشية+قرية الرضوانية+ قرية الكمب +قر*","الوادي":"وادي البرامية","الوظيفة":3,"طبيعة العمل":3,"عام اخر سيل تحديدا":2021,"عام الإنشاء":2021,"قيمة العقد (ألف جنيه)":1045.368407,"مواد الإنهشاء":1,"موقف التنفيذ":1,"نوع العمل الصناعي":3,"ObjectID":2}},{"type":"Feature","id":3,"geometry":{"type":"Point","coordinates":[32.947194,25.979864]},"properties":{"Name":"NULL","X":32.9471944435553,"Y":25.979863889397,"Z":0,"Cood":7098,"Total_Value":17245.6,"x2":32.947194,"y2":25.979864,"إدارة التوسع الأفقي":7,"اسم العملية":"عملية  إنشاء عدد (4) بحيرة صناعية + حاجز ترابي (ب3-) &amp;  (w8 ب4- ) &amp; (w3ب5- &amp; (w2 (ب6- ( w1 لحماية وادي الكلاحين ( مجموعة ب ) بمحافظة قنا من أخطار السيول","اسم المقاول":"جهاز مشروعات الخدمة الوطنية","الإدارة المركزية للتوسع":2,"التعديات":"جيدة","الحالة الهيدروليكية":"لا يوجد إطماءات","الزمن التكراري":200,"السعة التخزينية (ألف م3)":350,"الطول (م)":285,"العرض":475,"العمق":2,"المحافظ":7,"الهدف من الإنشاء":"حماية طريق( قــفط-القصير) - مدينة قـــفط الجديدة","الوادي":"وادي الكلاحين","الوظيفة":3,"حالة الدبش بالأمام":"جيدة","عام اخر سيل تحديدا":2021,"عام الإنشاء":2024,"قيمة العقد (ألف جنيه)":15617,"مواد الإنهشاء":1,"نوع العمل الصناعي":3,"ObjectID":3}},{"type":"Feature","id":4,"geometry":{"type":"Point","coordinates":[32.881921,25.460023]},"properties":{"Name":"بحيرة صناعية ب1 بوادي المدامود","X":32.8819214857192,"Y":25.460023308693,"Z":0,"Cood":7052,"Field_1":"بحيرة صناعية ب1 بوادي المدامود","Total_Value":14119.72,"x2":32.88027,"y2":25.460758,"إدارة التوسع الأفقي":7,"اسم العملية":"عملية إنشاء عدد 3بحيرات صناعية + 3 حواجز ترابية لحماية وادى الصعايدة والعمدة 2 (وادى المدامود ) من أخطار السيول – محافظة الأقصر","اسم المقاول":"شركة عبد اللاه حسان وشركاه","اسم المنشأ":"بحيرة صناعية ب1 بوادي المدامود","الإدارة المركزية للتوسع":2,"التعديات":"جيد","الحالة الهيدروليكية":"لا يوجد إطماءات","الزمن التكراري":100,"السعة التخزينية (ألف م3)":290,"الطول (م)":200,"العرض":200,"العمق":2,"المحافظ":6,"الهدف من الإنشاء":"حماية (مدينة طيبة الجديدة + الطريق الدائري الإقليمي +  طريق )أسوان-القاهرة + نجع العويضات + نجع جاد  *","الوادي":"وادي المدامود","الوظيفة":3,"طبيعة العمل":3,"عام اخر سيل تحديدا":2021,"عام الإنشاء":2018,"قيمة العقد (ألف جنيه)":14119.72,"مواد الإنهشاء":1,"موقف التنفيذ":2,"نوع العمل الصناعي":3,"ObjectID":4}},{"type":"Feature","id":5,"geometry":{"type":"Point","coordinates":[33.609095,25.011025]},"properties":{"Name":"بحيرة صناعية ب 8","X":33.6090945655916,"Y":25.0110250998674,"Z":0,"Cood":7017,"Field_1":"بحيرة صناعية ب 8","Total_Value":5228.64827,"x2":33.609095,"y2":25.011025,"إدارة التوسع الأفقي":7,"اسم العملية":"عملية انشاء عدد (2) بحيرة صناعية +(2) حاجز ترابى ( ب7-W13)&amp;( ب8-W14)&amp; عدد (2) سد إعاقة  م3 (w12)  &amp;م4 (w15)  لحماية وادى عبادى (3أ)  مركز إدفو محافظة أسوان من أخطار السيول","اسم المقاول":"شركة الكراكات المصرية","اسم المنشأ":"بحيرة صناعية ب 8","الإدارة المركزية للتوسع":2,"التعديات":"جيد","الحالة الهيدروليكية":"لا يوجد إطماءات","الزمن التكراري":50,"السعة التخزينية (ألف م3)":1400,"الطول (م)":670,"العرض":200,"العمق":4,"المحافظ":8,"الهدف من الإنشاء":"الطريق الرئيسي (إدفو- مرسي علم )( قرية النزل+قرية معروف+قرية المنشية+قرية الرضوانية+ قرية الكمب +قر*","الوادي":"وادي البرامية","الوظيفة":3,"طبيعة العمل":3,"عام اخر سيل تحديدا":2021,"عام الإنشاء":2021,"قيمة العقد (ألف جنيه)":5751.375,"مواد الإنهشاء":1,"موقف التنفيذ":1,"نوع العمل الصناعي":3,"ObjectID":5}},{"type":"Feature","id":6,"geometry":{"type":"Point","coordinates":[33.116817,25.08966]},"properties":{"Name":"بحيرة صناعية ب6","X":33.116817421759,"Y":25.0896600062918,"Z":0,"Cood":7005,"Field_1":"بحيرة صناعية ب6","Total_Value":3000,"x2":33.116817,"y2":25.08966,"إدارة التوسع الأفقي":7,"اسم العملية":"عملية إنشاء بحيرة ب6 وادى الشغب 3 للحماية من السيول بوادى عبادى بمحافظة أسوان","اسم المقاول":"شركة أبناء بدوي للمقاولات","اسم المنشأ":"بحيرة صناعية ب6","الإدارة المركزية للتوسع":2,"التعديات":"جيد","الحالة الهيدروليكية":"لا يوجد إطماءات","الزمن التكراري":50,"السعة التخزينية (ألف م3)":2428,"الطول (م)":400,"العرض":350,"العمق":3.5,"المحافظ":8,"الهدف من الإنشاء":"حماية الطريق الرئيسي (إدفو- مرسي علم )( قرية النزل+قرية معروف+قرية المنشية+قرية الرضوانية+ قرية الك*","الوادي":"وادي الشغب","الوظيفة":3,"طبيعة العمل":3,"عام اخر سيل تحديدا":2021,"عام الإنشاء":2018,"قيمة العقد (ألف جنيه)":3211,"مواد الإنهشاء":1,"موقف التنفيذ":1,"نوع العمل الصناعي":3,"ObjectID":6}},{"type":"Feature","id":7,"geometry":{"type":"Point","coordinates":[33.192281,25.163443]},"properties":{"Name":"بحيرة صناعية ب5","X":33.1922808825115,"Y":25.163443108004,"Z":0,"Cood":7003,"Field_1":"بحيرة صناعية ب5","Total_Value":3568.376998,"x2":33.192281,"y2":25.163443,"إدارة التوسع الأفقي":7,"اسم العملية":"عملية إنشاء بحيرة ب5 وادى الشغب 2 للحماية من السيول بوادى عبادى بمحافظة أسوان","اسم المقاول":"شركة عبد اللاه حسان محمد وشركاه","اسم المنشأ":"بحيرة صناعية ب5","الإدارة المركزية للتوسع":2,"التعديات":"جيد","الحالة الهيدروليكية":"لا يوجد إطماءات","الزمن التكراري":50,"السعة التخزينية (ألف م3)":1200,"الطول (م)":600,"العرض":300,"العمق":3,"المحافظ":8,"الهدف من الإنشاء":"حماية الطريق الرئيسي (إدفو- مرسي علم )( قرية النزل+قرية معروف+قرية المنشية+قرية الرضوانية+ قرية الك*","الوادي":"وادي الشغب","الوظيفة":3,"طبيعة العمل":3,"عام اخر سيل تحديدا":2021,"عام الإنشاء":2018,"قيمة العقد (ألف جنيه)":3308.547425,"مواد الإنهشاء":1,"موقف التنفيذ":1,"نوع العمل الصناعي":3,"ObjectID":7}},{"type":"Feature","id":8,"geometry":{"type":"Point","coordinates":[33.258234,25.213484]},"properties":{"Name":"بحيرة صناعية ب4","X":33.2582344418123,"Y":25.2134840657953,"Z":0,"Cood":7001,"Field_1":"بحيرة صناعية ب4","Total_Value":166.5,"x2":33.258234,"y2":25.213484,"إدارة التوسع الأفقي":7,"اسم العملية":"عملية إنشاء بحيرة ب4 وادى الشغب 1 للحماية من السيول بوادى عبادى بمحافظة أسوان","اسم المقاول":"شركة عبد اللاه حسان محمد وشركاه","اسم المنشأ":"بحيرة صناعية ب4","الإدارة المركزية للتوسع":2,"التعديات":"جيد","الحالة الهيدروليكية":"لا يوجد إطماءات","الزمن التكراري":50,"السعة التخزينية (ألف م3)":3000,"الطول (م)":700,"العرض":300,"العمق":4,"المحافظ":8,"الهدف من الإنشاء":"حماية الطريق الرئيسي (إدفو- مرسي علم )( قرية النزل+قرية معروف+قرية المنشية+قرية الرضوانية+ قرية الك*","الوادي":"وادي الشغب","الوظيفة":3,"طبيعة العمل":3,"عام اخر سيل تحديدا":2021,"عام الإنشاء":2018,"قيمة العقد (ألف جنيه)":150.5,"مواد الإنهشاء":1,"موقف التنفيذ":1,"نوع العمل الصناعي":3,"ObjectID":8}},{"type":"Feature","id":9,"geometry":{"type":"Point","coordinates":[33.666324,25.031215]},"properties":{"Name":"بحيرة صناعية ب 7","X":33.6663241542993,"Y":25.0312146390391,"Z":0,"Cood":7015,"Field_1":"بحيرة صناعية ب 7","Total_Value":2815.47,"x2":33.666324,"y2":25.031215,"إدارة التوسع الأفقي":7,"اسم العملية":"عملية انشاء عدد (2) بحيرة صناعية +(2) حاجز ترابى ( ب7-W13)&amp;( ب8-W14)&amp; عدد (2) سد إعاقة  م3 (w12)  &amp;م4 (w15)  لحماية وادى عبادى (3أ)  مركز إدفو محافظة أسوان من أخطار السيول","اسم المقاول":"شركة أبناء بدوي للمقاولات","اسم المنشأ":"بحيرة صناعية ب 7","الإدارة المركزية للتوسع":2,"التعديات":"جيد","الحالة الهيدروليكية":"لا يوجد إطماءات","الزمن التكراري":50,"السعة التخزينية (ألف م3)":444,"الطول (م)":200,"العرض":200,"العمق":2,"المحافظ":8,"الهدف من الإنشاء":"الطريق الرئيسي (إدفو- مرسي علم )( قرية النزل+قرية معروف+قرية المنشية+قرية الرضوانية+ قرية الكمب +قر*","الوادي":"وادي البرامية","الوظيفة":3,"طبيعة العمل":3,"عام اخر سيل تحديدا":2021,"عام الإنشاء":2021,"قيمة العقد (ألف جنيه)":2989,"مواد الإنهشاء":1,"موقف التنفيذ":1,"نوع العمل الصناعي":3,"ObjectID":9}},{"type":"Feature","id":10,"geometry":{"type":"Point","coordinates":[32.818602,25.790212]},"properties":{"Name":"بحيرة صناعية","X":32.8186023031309,"Y":25.7902119493729,"Z":0,"Cood":7070,"Field_1":"بحيرة صناعية","Total_Value":4980,"x2":32.818602,"y2":25.790212,"إدارة التوسع الأفقي":7,"اسم العملية":"عملية حماية قرية العقب الجديدة من أخطار السيول – محافظة قنا","اسم المقاول":"الجمعية التعاونية للإنشاء   والتعمير بابو تيج","اسم المنشأ":"بحيرة صناعية","الإدارة المركزية للتوسع":2,"التصرف التصميمي":"48.07","التعديات":"جيد","الحالة الهيدروليكية":"لا يوجد إطماءات","الزمن التكراري":100,"السعة التخزينية (ألف م3)":750,"الطول (م)":100,"العرض":150,"العمق":2,"المحافظ":7,"الهدف من الإنشاء":"حماية قرية العقب الجديدة","الوادي":"وادي العقب","الوظيفة":3,"طبيعة العمل":1,"عام اخر سيل تحديدا":2021,"عام الإنشاء":2019,"قيمة العقد (ألف جنيه)":3144,"مواد الإنهشاء":1,"موقف التنفيذ":1,"نوع العمل الصناعي":3,"ObjectID":10}},{"type":"Feature","id":11,"geometry":{"type":"Point","coordinates":[31.975626,25.900016]},"properties":{"Name":"بحيرة صناعية رقم 2","X":31.9756259084484,"Y":25.9000160003646,"Z":0,"Cood":7080,"Field_1":"بحيرة صناعية رقم 2","x2":31.975626,"y2":25.900016,"إدارة التوسع الأفقي":7,"اسم العملية":"عملية انشاء عدد (2) ( بحيرة صناعية +حاجز ترابى ) لحماية نجع الكرنك وعدد (2) سد إعاقة لحماية نجع العمرة - محافظة قنا","اسم المقاول":"0","اسم المنشأ":"بحيرة صناعية رقم 2","الإدارة المركزية للتوسع":2,"التعديات":"جيدة","الحالة الهيدروليكية":"لا يوجد إطماءات","الزمن التكراري":100,"السعة التخزينية (ألف م3)":900,"الطول (م)":600,"العرض":300,"العمق":1,"المحافظ":7,"الهدف من الإنشاء":"حماية قرية الكرنك","الوادي":"وادي الكرنك","الوظيفة":3,"حالة الدبش بالأمام":"جيدة","عام اخر سيل تحديدا":2021,"عام الإنشاء":2022,"مواد الإنهشاء":1,"نوع العمل الصناعي":3,"ObjectID":11}},{"type":"Feature","id":12,"geometry":{"type":"Point","coordinates":[33.328203,25.012362]},"properties":{"Name":"بحيرة صناعية ب 3","X":33.3282031187239,"Y":25.0123615862295,"Z":0,"Cood":7021,"Field_1":"بحيرة صناعية ب 3","Total_Value":9875.22,"x2":33.328203,"y2":25.012362,"إدارة التوسع الأفقي":7,"اسم العملية":"عملية انشاء بحيرة صناعية + حاجز ترابى  ( ب10-W19  &amp;عدد (2) سد إعاقة  (م 5-  w16 &amp; م6 –  (w18لحماية وادى عبادى (3ب) مركز إدفو محافظة أسوان من أخطار السيول","اسم المقاول":"شركة الري للأشغال العامة","اسم المنشأ":"بحيرة صناعية ب 3","الإدارة المركزية للتوسع":2,"التعديات":"جيد","الحالة الهيدروليكية":"لا يوجد إطماءات","الزمن التكراري":100,"السعة التخزينية (ألف م3)":363,"الطول (م)":200,"العرض":200,"العمق":1,"المحافظ":8,"الهدف من الإنشاء":"الطريق الرئيسي (إدفو- مرسي علم )( قرية النزل+قرية معروف+قرية المنشية+قرية الرضوانية+ قرية الكمب +قر*","الوادي":"وادي البرامية","الوظيفة":3,"طبيعة العمل":3,"عام اخر سيل تحديدا":2021,"عام الإنشاء":2021,"قيمة العقد (ألف جنيه)":9919.25,"مواد الإنهشاء":1,"موقف التنفيذ":1,"نوع العمل الصناعي":3,"ObjectID":12}},{"type":"Feature","id":13,"geometry":{"type":"Point","coordinates":[33.025262,24.995125]},"properties":{"Name":"بحيرة صناعية ب 16","X":33.0252618660257,"Y":24.9951254081486,"Z":0,"Cood":7037,"Field_1":"بحيرة صناعية ب 16","Total_Value":36341.1,"x2":33.025262,"y2":24.995125,"إدارة التوسع الأفقي":7,"اسم العملية":"عملية انشاء عدد (4) بحيرة صناعية +(4) حاجز ترابى (ب13-W22)&amp;(ب14-W23)&amp; (ب15-W24)&amp;(ب16- W25) لحماية وادى عبادى (3د) مركز إدفو محافظة أسوان من أخطار السيول","اسم المقاول":"الشركة المصرية للري والصرف والانشاءات المدنية","اسم المنشأ":"بحيرة صناعية ب 16","الإدارة المركزية للتوسع":2,"التعديات":"جيد","الحالة الهيدروليكية":"لا يوجد إطماءات","الزمن التكراري":100,"السعة التخزينية (ألف م3)":117,"الطول (م)":300,"العرض":300,"العمق":2,"المحافظ":8,"الهدف من الإنشاء":"الطريق الرئيسي (إدفو- مرسي علم )( قرية النزل+قرية معروف+قرية المنشية+قرية الرضوانية+ قرية الكمب +قر*","الوادي":"وادي البرامية","الوظيفة":3,"طبيعة العمل":3,"عام اخر سيل تحديدا":2021,"عام الإنشاء":2021,"قيمة العقد (ألف جنيه)":41177.18,"مواد الإنهشاء":1,"موقف التنفيذ":1,"نوع العمل الصناعي":3,"ObjectID":13}},{"type":"Feature","id":14,"geometry":{"type":"Point","coordinates":[33.323738,24.989395]},"properties":{"Name":"بحيرة صناعية ب 9","X":33.3237382256511,"Y":24.9893951869708,"Z":0,"Cood":7025,"Field_1":"بحيرة صناعية ب 9","Total_Value":626.5367938,"x2":33.323738,"y2":24.989395,"إدارة التوسع الأفقي":7,"اسم العملية":"عملية انشاء عدد 3بحيرة صناعية+3حاجز ترابى (ب9-W17) &amp; (ب11-W20) &amp; (بw21-12) لحماية وادى عبادى (3ج) – مركز ادفو – محافظة أسوان من أخطار السيول","اسم المقاول":"عبد الحميد محمد سليمان","اسم المنشأ":"بحيرة صناعية ب 9","الإدارة المركزية للتوسع":2,"التعديات":"جيد","الحالة الهيدروليكية":"لا يوجد إطماءات","الزمن التكراري":100,"السعة التخزينية (ألف م3)":1000,"الطول (م)":450,"العرض":450,"العمق":1.5,"المحافظ":8,"الهدف من الإنشاء":"الطريق الرئيسي (إدفو- مرسي علم )( قرية النزل+قرية معروف+قرية المنشية+قرية الرضوانية+ قرية الكمب +قر*","الوادي":"وادي البرامية","الوظيفة":3,"طبيعة العمل":3,"عام اخر سيل تحديدا":2021,"عام الإنشاء":2021,"قيمة العقد (ألف جنيه)":742.449152,"مواد الإنهشاء":1,"موقف التنفيذ":1,"نوع العمل الصناعي":3,"ObjectID":14}},{"type":"Feature","id":15,"geometry":{"type":"Point","coordinates":[33.242882,25.018959]},"properties":{"Name":"بحيرة صناعية","X":32.8186023031309,"Y":25.7902119493729,"Z":0,"Cood":7070,"Field_1":"بحيرة صناعية","Total_Value":4980,"x2":32.818602,"y2":25.790212,"إدارة التوسع الأفقي":7,"اسم العملية":"عملية حماية قرية العقب الجديدة من أخطار السيول – محافظة قنا","اسم المقاول":"الجمعية التعاونية للإنشاء   والتعمير بابو تيج","اسم المنشأ":"بحيرة صناعية","الإدارة المركزية للتوسع":2,"التصرف التصميمي":"48.07","التعديات":"جيد","الحالة الهيدروليكية":"لا يوجد إطماءات","الزمن التكراري":100,"السعة التخزينية (ألف م3)":750,"الطول (م)":100,"العرض":150,"العمق":2,"المحافظ":7,"الهدف من الإنشاء":"حماية قرية العقب الجديدة","الوادي":"وادي العقب","الوظيفة":3,"طبيعة العمل":1,"عام اخر سيل تحديدا":2021,"عام الإنشاء":2019,"قيمة العقد (ألف جنيه)":3144,"مواد الإنهشاء":1,"موقف التنفيذ":1,"نوع العمل الصناعي":3,"ObjectID":10}},{"type":"Feature","id":16,"geometry":{"type":"Point","coordinates":[33.211812,25.051982]},"properties":{"Name":"بحيرة صناعية ب 13","X":33.2118121898723,"Y":25.0519818809015,"Z":0,"Cood":7031,"Field_1":"بحيرة صناعية ب 13","Total_Value":977.9120013,"x2":33.211812,"y2":25.051982,"إدارة التوسع الأفقي":7,"اسم العملية":"عملية انشاء عدد (4) بحيرة صناعية +(4) حاجز ترابى (ب13-W22)&amp;(ب14-W23)&amp; (ب15-W24)&amp;(ب16- W25) لحماية وادى عبادى (3د) مركز إدفو محافظة أسوان من أخطار السيول","اسم المقاول":"عبد الحميد محمد سليمان","اسم المنشأ":"بحيرة صناعية ب 13","الإدارة المركزية للتوسع":2,"التعديات":"جيد","الحالة الهيدروليكية":"لا يوجد إطماءات","الزمن التكراري":100,"السعة التخزينية (ألف م3)":403,"الطول (م)":200,"العرض":400,"العمق":1.5,"المحافظ":8,"الهدف من الإنشاء":"الطريق الرئيسي (إدفو- مرسي علم )( قرية النزل+قرية معروف+قرية المنشية+قرية الرضوانية+ قرية الكمب +قر*","الوادي":"وادي البرامية","الوظيفة":3,"طبيعة العمل":3,"عام اخر سيل تحديدا":2021,"عام الإنشاء":2021,"قيمة العقد (ألف جنيه)":1039.428104,"مواد الإنهشاء":1,"موقف التنفيذ":1,"نوع العمل الصناعي":3,"ObjectID":16}},{"type":"Feature","id":17,"geometry":{"type":"Point","coordinates":[32.845464,25.711502]},"properties":{"Name":"بحيرة صناعية ب2 بوادي بنات بري","X":32.8454637067675,"Y":25.7115015705506,"Z":0,"Cood":7048,"Field_1":"بحيرة صناعية ب2 بوادي بنات بري","Total_Value":72005.2,"x2":32.844087,"y2":25.713473,"إدارة التوسع الأفقي":7,"اسم العملية":"عملية إنشاء عدد 2 بحيرة صناعية + 2 حاجز ترابي  لحماية وادى الصعايدة والعمدة 1(وادى بنات برى ) من أخطار السيول – محافظة الأقصر","اسم المقاول":"شركة عبد اللاه حسان وشركاه","اسم المنشأ":"بحيرة صناعية ب2 بوادي بنات بري","الإدارة المركزية للتوسع":2,"التعديات":"جيد","الحالة الهيدروليكية":"لا يوجد إطماءات","الزمن التكراري":100,"السعة التخزينية (ألف م3)":300,"الطول (م)":300,"العرض":150,"العمق":2,"المحافظ":6,"الهدف من الإنشاء":"حماية (مدينة طيبة الجديدة + الطريق الدائري الإقليمي +  طريق )أسوان-القاهرة + نجع العويضات + نجع جاد  *","الوادي":"وادي بنات بري","الوظيفة":3,"طبيعة العمل":3,"عام اخر سيل تحديدا":2021,"عام الإنشاء":2018,"قيمة العقد (ألف جنيه)":72005.2,"مواد الإنهشاء":1,"موقف التنفيذ":2,"نوع العمل الصناعي":3,"ObjectID":17}},{"type":"Feature","id":18,"geometry":{"type":"Point","coordinates":[32.207723,25.826417]},"properties":{"Name":"بحيرة صناعية ب1","X":32.2077227816767,"Y":25.8264166824304,"Z":0,"Cood":7076,"Field_1":"بحيرة صناعية ب1","Total_Value":1703.78,"x2":32.207723,"y2":25.826417,"إدارة التوسع الأفقي":7,"اسم العملية":"عملية إنشاء عدد (2)بحيرة صناعية +حاجز ترابى ب 1&amp;ب2 لحماية نجع البطحة بمحافظة قنا من أخطار السيول","اسم المقاول":"جهاز المخابرات العامة","اسم المنشأ":"بحيرة صناعية ب1","الإدارة المركزية للتوسع":2,"التعديات":"جيدة","الحالة الهيدروليكية":"لا يوجد إطماءات","الزمن التكراري":100,"السعة التخزينية (ألف م3)":800,"الطول (م)":1500,"العرض":510,"العمق":1,"المحافظ":7,"الهدف من الإنشاء":"حماية مدينة البطحة","الوادي":"وادي درب الرزيقات","الوظيفة":3,"حالة الدبش بالأمام":"جيدة","طبيعة العمل":1,"عام اخر سيل تحديدا":2021,"عام الإنشاء":2021,"قيمة العقد (ألف جنيه)":1846,"مواد الإنهشاء":1,"موقف التنفيذ":1,"نوع العمل الصناعي":3,"ObjectID":18}},{"type":"Feature","id":19,"geometry":{"type":"Point","coordinates":[33.07518,25.003458]},"properties":{"Name":"بحيرة صناعية ب15","X":33.0751795896991,"Y":25.0034576538105,"Z":0,"Cood":7035,"Field_1":"بحيرة صناعية ب15","Total_Value":9410.38,"x2":33.07518,"y2":25.003458,"إدارة التوسع الأفقي":7,"اسم العملية":"عملية انشاء عدد (4) بحيرة صناعية +(4) حاجز ترابى (ب13-W22)&amp;(ب14-W23)&amp; (ب15-W24)&amp;(ب16- W25) لحماية وادى عبادى (3د) مركز إدفو محافظة أسوان من أخطار السيول","اسم المقاول":"المقاول : جاك جوزيف متي ( البطل للمقاولات )","اسم المنشأ":"بحيرة صناعية ب15","الإدارة المركزية للتوسع":2,"التعديات":"جيد","الحالة الهيدروليكية":"لا يوجد إطماءات","الزمن التكراري":100,"السعة التخزينية (ألف م3)":500,"الطول (م)":200,"العرض":350,"العمق":2,"المحافظ":8,"الهدف من الإنشاء":"الطريق الرئيسي (إدفو- مرسي علم )( قرية النزل+قرية معروف+قرية المنشية+قرية الرضوانية+ قرية الكمب +قر*","الوادي":"وادي البرامية","الوظيفة":3,"طبيعة العمل":3,"عام اخر سيل تحديدا":2021,"عام الإنشاء":2021,"قيمة العقد (ألف جنيه)":9975,"مواد الإنهشاء":1,"موقف التنفيذ":1,"نوع العمل الصناعي":3,"ObjectID":19}},{"type":"Feature","id":20,"geometry":{"type":"Point","coordinates":[33.188761,25.076906]},"properties":{"Name":"بحيرة صناعية ب 14","X":33.1887611516425,"Y":25.0769058049618,"Z":0,"Cood":7033,"Field_1":"بحيرة صناعية ب 14","Total_Value":16183.1,"x2":33.188761,"y2":25.076906,"إدارة التوسع الأفقي":7,"اسم العملية":"عملية انشاء عدد (4) بحيرة صناعية +(4) حاجز ترابى (ب13-W22)&amp;(ب14-W23)&amp; (ب15-W24)&amp;(ب16- W25) لحماية وادى عبادى (3د) مركز إدفو محافظة أسوان من أخطار السيول","اسم المقاول":"شركة الكراكات المصرية","اسم المنشأ":"بحيرة صناعية ب 14","الإدارة المركزية للتوسع":2,"التعديات":"جيد","الحالة الهيدروليكية":"لا يوجد إطماءات","الزمن التكراري":100,"السعة التخزينية (ألف م3)":548,"الطول (م)":100,"العرض":400,"العمق":2,"المحافظ":8,"الهدف من الإنشاء":"الطريق الرئيسي (إدفو- مرسي علم )( قرية النزل+قرية معروف+قرية المنشية+قرية الرضوانية+ قرية الكمب +قر*","الوادي":"وادي البرامية","الوظيفة":3,"طبيعة العمل":3,"عام اخر سيل تحديدا":2021,"عام الإنشاء":2021,"قيمة العقد (ألف جنيه)":21590.34,"مواد الإنهشاء":1,"موقف التنفيذ":1,"نوع العمل الصناعي":3,"ObjectID":20}},{"type":"Feature","id":21,"geometry":{"type":"Point","coordinates":[32.877978,25.743958]},"properties":{"Name":"بحيرة صناعية ب1 بوادي بنات بري","X":32.8779783305959,"Y":25.743958296386,"Z":0,"Cood":7050,"Field_1":"بحيرة صناعية ب1 بوادي بنات بري","Total_Value":18049,"x2":32.877978,"y2":25.743958,"إدارة التوسع الأفقي":7,"اسم العملية":"عملية إنشاء عدد 2 بحيرة صناعية + 2 حاجز ترابي  لحماية وادى الصعايدة والعمدة 1(وادى بنات برى ) من أخطار السيول – محافظة الأقصر","اسم المقاول":"شركة عبد اللاه حسان وشركاه","اسم المنشأ":"بحيرة صناعية ب1 بوادي بنات بري","الإدارة المركزية للتوسع":2,"التعديات":"جيد","الحالة الهيدروليكية":"لا يوجد إطماءات","الزمن التكراري":100,"السعة التخزينية (ألف م3)":180,"الطول (م)":200,"العرض":200,"العمق":2,"المحافظ":6,"الهدف من الإنشاء":"حماية (مدينة طيبة الجديدة + الطريق الدائري الإقليمي +  طريق )أسوان-القاهرة + نجع العويضات + نجع جاد  *","الوادي":"وادي بنات بري","الوظيفة":3,"طبيعة العمل":3,"عام اخر سيل تحديدا":2021,"عام الإنشاء":2018,"قيمة العقد (ألف جنيه)":18049,"مواد الإنهشاء":1,"موقف التنفيذ":2,"نوع العمل الصناعي":3,"ObjectID":21}},{"type":"Feature","id":22,"geometry":{"type":"Point","coordinates":[32.816694,25.553272]},"properties":{"Name":"بحيرة صناعية ب2 بوادي المدامود","X":32.8166943948443,"Y":25.5532716882003,"Z":0,"Cood":7054,"Field_1":"بحيرة صناعية ب2 بوادي المدامود","Total_Value":12278,"x2":32.816694,"y2":25.553272,"إدارة التوسع الأفقي":7,"اسم العملية":"عملية إنشاء عدد 3بحيرات صناعية + 3 حواجز ترابية لحماية وادى الصعايدة والعمدة 2 (وادى المدامود ) من أخطار السيول – محافظة الأقصر","اسم المقاول":"شركة عبد اللاه حسان وشركاه","اسم المنشأ":"بحيرة صناعية ب2 بوادي المدامود","الإدارة المركزية للتوسع":2,"التعديات":"جيد","الحالة الهيدروليكية":"لا يوجد إطماءات","الزمن التكراري":100,"السعة التخزينية (ألف م3)":500,"الطول (م)":300,"العرض":200,"العمق":2,"المحافظ":6,"الهدف من الإنشاء":"حماية (مدينة طيبة الجديدة + الطريق الدائري الإقليمي +  طريق )أسوان-القاهرة + نجع العويضات + نجع جاد  *","الوادي":"وادي المدامود","الوظيفة":3,"طبيعة العمل":3,"عام اخر سيل تحديدا":2021,"عام الإنشاء":2018,"قيمة العقد (ألف جنيه)":12278,"مواد الإنهشاء":1,"موقف التنفيذ":2,"نوع العمل الصناعي":3,"ObjectID":22}},{"type":"Feature","id":23,"geometry":{"type":"Point","coordinates":[31.933144,25.958331]},"properties":{"Name":"بحيرة صناعية رقم 1","X":31.9331440779642,"Y":25.9583309776547,"Z":0,"Cood":7082,"Field_1":"بحيرة صناعية رقم 1","Total_Value":1516,"x2":31.934527,"y2":25.958805,"إدارة التوسع الأفقي":7,"اسم العملية":"عملية انشاء عدد (2) ( بحيرة صناعية +حاجز ترابى ) لحماية نجع الكرنك وعدد (2) سد إعاقة لحماية نجع العمرة - محافظة قنا","اسم المنشأ":"بحيرة صناعية رقم 1","الإدارة المركزية للتوسع":2,"التعديات":"جيدة","الحالة الهيدروليكية":"لا يوجد إطماءات","الزمن التكراري":100,"السعة التخزينية (ألف م3)":2200,"الطول (م)":600,"العرض":300,"العمق":2,"المحافظ":7,"الهدف من الإنشاء":"حماية قرية الكرنك","الوادي":"وادي الكرنك","الوظيفة":3,"حالة الدبش بالأمام":"جيدة","عام اخر سيل تحديدا":2021,"عام الإنشاء":2022,"قيمة العقد (ألف جنيه)":1610,"مواد الإنهشاء":1,"نوع العمل الصناعي":3,"ObjectID":23}},{"type":"Feature","id":24,"geometry":{"type":"Point","coordinates":[32.778967,25.62645]},"properties":{"Name":"بحيرة صناعية ب3 بوادي المدامود","X":32.7789665367308,"Y":25.6264501872025,"Z":0,"Cood":7056,"Field_1":"بحيرة صناعية ب3 بوادي المدامود","x2":32.778967,"y2":25.62645,"إدارة التوسع الأفقي":7,"اسم العملية":"عملية إنشاء عدد 3بحيرات صناعية + 3 حواجز ترابية لحماية وادى الصعايدة والعمدة 2 (وادى المدامود ) من أخطار السيول – محافظة الأقصر","اسم المقاول":"شركه الايمان للمقاولات","اسم المنشأ":"بحيرة صناعية ب3 بوادي المدامود","الإدارة المركزية للتوسع":2,"التعديات":"جيد","الحالة الهيدروليكية":"لا يوجد إطماءات","الزمن التكراري":100,"السعة التخزينية (ألف م3)":400,"الطول (م)":300,"العرض":200,"العمق":2,"المحافظ":6,"الهدف من الإنشاء":"حماية (مدينة طيبة الجديدة + الطريق الدائري الإقليمي +  طريق )أسوان-القاهرة + نجع العويضات + نجع جاد  *","الوادي":"وادي المدامود","الوظيفة":3,"عام اخر سيل تحديدا":2021,"عام الإنشاء":2018,"قيمة العقد (ألف جنيه)":648.05,"مواد الإنهشاء":1,"موقف التنفيذ":1,"نوع العمل الصناعي":3,"ObjectID":24}},{"type":"Feature","id":25,"geometry":{"type":"Point","coordinates":[33.420687,24.28115]},"properties":{"Name":"بحيرة صناعية ب 3","X":33.3282031187239,"Y":25.0123615862295,"Z":0,"Cood":7021,"Field_1":"بحيرة صناعية ب 3","Total_Value":9875.22,"x2":33.328203,"y2":25.012362,"إدارة التوسع الأفقي":7,"اسم العملية":"عملية انشاء بحيرة صناعية + حاجز ترابى  ( ب10-W19  &amp;عدد (2) سد إعاقة  (م 5-  w16 &amp; م6 –  (w18لحماية وادى عبادى (3ب) مركز إدفو محافظة أسوان من أخطار السيول","اسم المقاول":"شركة الري للأشغال العامة","اسم المنشأ":"بحيرة صناعية ب 3","الإدارة المركزية للتوسع":2,"التعديات":"جيد","الحالة الهيدروليكية":"لا يوجد إطماءات","الزمن التكراري":100,"السعة التخزينية (ألف م3)":363,"الطول (م)":200,"العرض":200,"العمق":1,"المحافظ":8,"الهدف من الإنشاء":"الطريق الرئيسي (إدفو- مرسي علم )( قرية النزل+قرية معروف+قرية المنشية+قرية الرضوانية+ قرية الكمب +قر*","الوادي":"وادي البرامية","الوظيفة":3,"طبيعة العمل":3,"عام اخر سيل تحديدا":2021,"عام الإنشاء":2021,"قيمة العقد (ألف جنيه)":9919.25,"مواد الإنهشاء":1,"موقف التنفيذ":1,"نوع العمل الصناعي":3,"ObjectID":12}},{"type":"Feature","id":26,"geometry":{"type":"Point","coordinates":[33.512671,24.406054]},"properties":{"Name":"بحيرة صناعية ب1","X":32.2077227816767,"Y":25.8264166824304,"Z":0,"Cood":7076,"Field_1":"بحيرة صناعية ب1","Total_Value":1703.78,"x2":32.207723,"y2":25.826417,"إدارة التوسع الأفقي":7,"اسم العملية":"عملية إنشاء عدد (2)بحيرة صناعية +حاجز ترابى ب 1&amp;ب2 لحماية نجع البطحة بمحافظة قنا من أخطار السيول","اسم المقاول":"جهاز المخابرات العامة","اسم المنشأ":"بحيرة صناعية ب1","الإدارة المركزية للتوسع":2,"التعديات":"جيدة","الحالة الهيدروليكية":"لا يوجد إطماءات","الزمن التكراري":100,"السعة التخزينية (ألف م3)":800,"الطول (م)":1500,"العرض":510,"العمق":1,"المحافظ":7,"الهدف من الإنشاء":"حماية مدينة البطحة","الوادي":"وادي درب الرزيقات","الوظيفة":3,"حالة الدبش بالأمام":"جيدة","طبيعة العمل":1,"عام اخر سيل تحديدا":2021,"عام الإنشاء":2021,"قيمة العقد (ألف جنيه)":1846,"مواد الإنهشاء":1,"موقف التنفيذ":1,"نوع العمل الصناعي":3,"ObjectID":18}},{"type":"Feature","id":27,"geometry":{"type":"Point","coordinates":[33.403316,25.012168]},"properties":{"Name":"بحيرة صناعية ب3","X":33.4033160717936,"Y":25.0121684892396,"Z":0,"Cood":7013,"Field_1":"بحيرة صناعية ب3","Total_Value":2315.4,"x2":33.403316,"y2":25.012168,"إدارة التوسع الأفقي":7,"اسم العملية":"عملية انشاء بحيرة ب3 + حاجز ترابى w6  بوادى المياه - منطقة وادى عبادى (عبادى 2د)  محافظة اسوان","اسم المقاول":"شركة أبناء بدوي للمقاولات","اسم المنشأ":"بحيرة صناعية ب3","الإدارة المركزية للتوسع":2,"التعديات":"جيد","الحالة الهيدروليكية":"لا يوجد إطماءات","الزمن التكراري":50,"السعة التخزينية (ألف م3)":4000,"الطول (م)":500,"العرض":300,"العمق":5,"المحافظ":8,"الهدف من الإنشاء":"الطريق الرئيسي (إدفو- مرسي علم )( قرية النزل+قرية معروف+قرية المنشية+قرية الرضوانية+ قرية الكمب +قر*","الوادي":"وادي المياه","الوظيفة":3,"طبيعة العمل":3,"عام اخر سيل تحديدا":2021,"عام الإنشاء":2019,"قيمة العقد (ألف جنيه)":2175.35,"مواد الإنهشاء":1,"نوع العمل الصناعي":3,"ObjectID":27}},{"type":"Feature","id":28,"geometry":{"type":"Point","coordinates":[33.572734,25.125911]},"properties":{"Name":"بحيرة صناعية ب2","X":32.2786341990635,"Y":25.8207632450052,"Z":0,"Cood":7078,"Field_1":"بحيرة صناعية ب2","Total_Value":62431.4578068948,"x2":32.278634,"y2":25.820763,"إدارة التوسع الأفقي":7,"اسم العملية":"عملية إنشاء عدد (2)بحيرة صناعية +حاجز ترابى ب 1&amp;ب2 لحماية نجع البطحة بمحافظة قنا من أخطار السيول","اسم المقاول":"جهاز المخابرات العامة","اسم المنشأ":"بحيرة صناعية ب2","الإدارة المركزية للتوسع":2,"التعديات":"جيدة","الحالة الهيدروليكية":"لا يوجد إطماءات","الزمن التكراري":100,"السعة التخزينية (ألف م3)":730,"الطول (م)":600,"العرض":340,"العمق":4,"المحافظ":7,"الهدف من الإنشاء":"حماية مدينة البطحة","الوادي":"وادي درب الرزيقات","الوظيفة":3,"حالة الدبش بالأمام":"جيدة","طبيعة العمل":1,"عام اخر سيل تحديدا":2021,"عام الإنشاء":2021,"قيمة العقد (ألف جنيه)":62441.27454,"مواد الإنهشاء":1,"موقف التنفيذ":1,"نوع العمل الصناعي":3,"ObjectID":1}},{"type":"Feature","id":29,"geometry":{"type":"Point","coordinates":[33.723669,25.194738]},"properties":{"Name":"بحيرة صناعية ب1","X":32.2077227816767,"Y":25.8264166824304,"Z":0,"Cood":7076,"Field_1":"بحيرة صناعية ب1","Total_Value":1703.78,"x2":32.207723,"y2":25.826417,"إدارة التوسع الأفقي":7,"اسم العملية":"عملية إنشاء عدد (2)بحيرة صناعية +حاجز ترابى ب 1&amp;ب2 لحماية نجع البطحة بمحافظة قنا من أخطار السيول","اسم المقاول":"جهاز المخابرات العامة","اسم المنشأ":"بحيرة صناعية ب1","الإدارة المركزية للتوسع":2,"التعديات":"جيدة","الحالة الهيدروليكية":"لا يوجد إطماءات","الزمن التكراري":100,"السعة التخزينية (ألف م3)":800,"الطول (م)":1500,"العرض":510,"العمق":1,"المحافظ":7,"الهدف من الإنشاء":"حماية مدينة البطحة","الوادي":"وادي درب الرزيقات","الوظيفة":3,"حالة الدبش بالأمام":"جيدة","طبيعة العمل":1,"عام اخر سيل تحديدا":2021,"عام الإنشاء":2021,"قيمة العقد (ألف جنيه)":1846,"مواد الإنهشاء":1,"موقف التنفيذ":1,"نوع العمل الصناعي":3,"ObjectID":18}},{"type":"Feature","id":30,"geometry":{"type":"Point","coordinates":[32.880273,25.841856]},"properties":{"Name":"بحيرة صناعية","X":32.8186023031309,"Y":25.7902119493729,"Z":0,"Cood":7070,"Field_1":"بحيرة صناعية","Total_Value":4980,"x2":32.818602,"y2":25.790212,"إدارة التوسع الأفقي":7,"اسم العملية":"عملية حماية قرية العقب الجديدة من أخطار السيول – محافظة قنا","اسم المقاول":"الجمعية التعاونية للإنشاء   والتعمير بابو تيج","اسم المنشأ":"بحيرة صناعية","الإدارة المركزية للتوسع":2,"التصرف التصميمي":"48.07","التعديات":"جيد","الحالة الهيدروليكية":"لا يوجد إطماءات","الزمن التكراري":100,"السعة التخزينية (ألف م3)":750,"الطول (م)":100,"العرض":150,"العمق":2,"المحافظ":7,"الهدف من الإنشاء":"حماية قرية العقب الجديدة","الوادي":"وادي العقب","الوظيفة":3,"طبيعة العمل":1,"عام اخر سيل تحديدا":2021,"عام الإنشاء":2019,"قيمة العقد (ألف جنيه)":3144,"مواد الإنهشاء":1,"موقف التنفيذ":1,"نوع العمل الصناعي":3,"ObjectID":10}},{"type":"Feature","id":31,"geometry":{"type":"Point","coordinates":[32.538361,25.4662]},"properties":{"Name":"بحيرة صناعية","X":32.8186023031309,"Y":25.7902119493729,"Z":0,"Cood":7070,"Field_1":"بحيرة صناعية","Total_Value":4980,"x2":32.818602,"y2":25.790212,"إدارة التوسع الأفقي":7,"اسم العملية":"عملية حماية قرية العقب الجديدة من أخطار السيول – محافظة قنا","اسم المقاول":"الجمعية التعاونية للإنشاء   والتعمير بابو تيج","اسم المنشأ":"بحيرة صناعية","الإدارة المركزية للتوسع":2,"التصرف التصميمي":"48.07","التعديات":"جيد","الحالة الهيدروليكية":"لا يوجد إطماءات","الزمن التكراري":100,"السعة التخزينية (ألف م3)":750,"الطول (م)":100,"العرض":150,"العمق":2,"المحافظ":7,"الهدف من الإنشاء":"حماية قرية العقب الجديدة","الوادي":"وادي العقب","الوظيفة":3,"طبيعة العمل":1,"عام اخر سيل تحديدا":2021,"عام الإنشاء":2019,"قيمة العقد (ألف جنيه)":3144,"مواد الإنهشاء":1,"موقف التنفيذ":1,"نوع العمل الصناعي":3,"ObjectID":10}},{"type":"Feature","id":32,"geometry":{"type":"Point","coordinates":[32.533381,25.472573]},"properties":{"Name":"بحيرة صناعية","X":32.8186023031309,"Y":25.7902119493729,"Z":0,"Cood":7070,"Field_1":"بحيرة صناعية","Total_Value":4980,"x2":32.818602,"y2":25.790212,"إدارة التوسع الأفقي":7,"اسم العملية":"عملية حماية قرية العقب الجديدة من أخطار السيول – محافظة قنا","اسم المقاول":"الجمعية التعاونية للإنشاء   والتعمير بابو تيج","اسم المنشأ":"بحيرة صناعية","الإدارة المركزية للتوسع":2,"التصرف التصميمي":"48.07","التعديات":"جيد","الحالة الهيدروليكية":"لا يوجد إطماءات","الزمن التكراري":100,"السعة التخزينية (ألف م3)":750,"الطول (م)":100,"العرض":150,"العمق":2,"المحافظ":7,"الهدف من الإنشاء":"حماية قرية العقب الجديدة","الوادي":"وادي العقب","الوظيفة":3,"طبيعة العمل":1,"عام اخر سيل تحديدا":2021,"عام الإنشاء":2019,"قيمة العقد (ألف جنيه)":3144,"مواد الإنهشاء":1,"موقف التنفيذ":1,"نوع العمل الصناعي":3,"ObjectID":10}},{"type":"Feature","id":33,"geometry":{"type":"Point","coordinates":[32.515263,25.496249]},"properties":{"Name":"بحيرة صناعية","X":32.8186023031309,"Y":25.7902119493729,"Z":0,"Cood":7070,"Field_1":"بحيرة صناعية","Total_Value":4980,"x2":32.818602,"y2":25.790212,"إدارة التوسع الأفقي":7,"اسم العملية":"عملية حماية قرية العقب الجديدة من أخطار السيول – محافظة قنا","اسم المقاول":"الجمعية التعاونية للإنشاء   والتعمير بابو تيج","اسم المنشأ":"بحيرة صناعية","الإدارة المركزية للتوسع":2,"التصرف التصميمي":"48.07","التعديات":"جيد","الحالة الهيدروليكية":"لا يوجد إطماءات","الزمن التكراري":100,"السعة التخزينية (ألف م3)":750,"الطول (م)":100,"العرض":150,"العمق":2,"المحافظ":7,"الهدف من الإنشاء":"حماية قرية العقب الجديدة","الوادي":"وادي العقب","الوظيفة":3,"طبيعة العمل":1,"عام اخر سيل تحديدا":2021,"عام الإنشاء":2019,"قيمة العقد (ألف جنيه)":3144,"مواد الإنهشاء":1,"موقف التنفيذ":1,"نوع العمل الصناعي":3,"ObjectID":10}},{"type":"Feature","id":34,"geometry":{"type":"Point","coordinates":[32.509665,25.532178]},"properties":{"Name":"بحيرة صناعية","X":32.8186023031309,"Y":25.7902119493729,"Z":0,"Cood":7070,"Field_1":"بحيرة صناعية","Total_Value":4980,"x2":32.818602,"y2":25.790212,"إدارة التوسع الأفقي":7,"اسم العملية":"عملية حماية قرية العقب الجديدة من أخطار السيول – محافظة قنا","اسم المقاول":"الجمعية التعاونية للإنشاء   والتعمير بابو تيج","اسم المنشأ":"بحيرة صناعية","الإدارة المركزية للتوسع":2,"التصرف التصميمي":"48.07","التعديات":"جيد","الحالة الهيدروليكية":"لا يوجد إطماءات","الزمن التكراري":100,"السعة التخزينية (ألف م3)":750,"الطول (م)":100,"العرض":150,"العمق":2,"المحافظ":7,"الهدف من الإنشاء":"حماية قرية العقب الجديدة","الوادي":"وادي العقب","الوظيفة":3,"طبيعة العمل":1,"عام اخر سيل تحديدا":2021,"عام الإنشاء":2019,"قيمة العقد (ألف جنيه)":3144,"مواد الإنهشاء":1,"موقف التنفيذ":1,"نوع العمل الصناعي":3,"ObjectID":10}},{"type":"Feature","id":35,"geometry":{"type":"Point","coordinates":[32.51727,25.538474]},"properties":{"Name":"بحيرة صناعية","X":32.8186023031309,"Y":25.7902119493729,"Z":0,"Cood":7070,"Field_1":"بحيرة صناعية","Total_Value":4980,"x2":32.818602,"y2":25.790212,"إدارة التوسع الأفقي":7,"اسم العملية":"عملية حماية قرية العقب الجديدة من أخطار السيول – محافظة قنا","اسم المقاول":"الجمعية التعاونية للإنشاء   والتعمير بابو تيج","اسم المنشأ":"بحيرة صناعية","الإدارة المركزية للتوسع":2,"التصرف التصميمي":"48.07","التعديات":"جيد","الحالة الهيدروليكية":"لا يوجد إطماءات","الزمن التكراري":100,"السعة التخزينية (ألف م3)":750,"الطول (م)":100,"العرض":150,"العمق":2,"المحافظ":7,"الهدف من الإنشاء":"حماية قرية العقب الجديدة","الوادي":"وادي العقب","الوظيفة":3,"طبيعة العمل":1,"عام اخر سيل تحديدا":2021,"عام الإنشاء":2019,"قيمة العقد (ألف جنيه)":3144,"مواد الإنهشاء":1,"موقف التنفيذ":1,"نوع العمل الصناعي":3,"ObjectID":10}},{"type":"Feature","id":36,"geometry":{"type":"Point","coordinates":[31.647166,26.741557]},"properties":{"Name":"L2 بحيرة صناعية","X":31.6471656224763,"Y":26.7415572254316,"Z":0,"Cood":6050,"Field_1":"L2 بحيرة صناعية","x2":31.648471,"y2":26.740403,"إدارة التوسع الأفقي":6,"اسم العملية":"عملية حماية قرية الحاجر من أخطار السيول محافظة سوهاج","اسم المقاول":"0","اسم المنشأ":"L2 بحيرة صناعية","الإدارة المركزية للتوسع":2,"الحالة الهيدروليكية":"جيدة","الزمن التكراري":100,"السعة التخزينية (ألف م3)":177,"العرض":150,"العمق":4,"المحافظ":5,"الهدف من الإنشاء":"حماية مدينة ساقلته من أخطار السيول قرية الحاجر بالجلاوية","الوادي":"قرية الحاجر بالجلاوية","الوظيفة":3,"تاريخ آخر سيل تحديدا":"5/1/2024","جسم البربخ":"جيدة","طبيعة العمل":3,"عام اخر سيل تحديدا":2024,"عام الإنشاء":2019,"مواد الإنهشاء":2,"موقف التنفيذ":1,"نوع العمل الصناعي":3,"ObjectID":36}},{"type":"Feature","id":37,"geometry":{"type":"Point","coordinates":[31.589449,26.758176]},"properties":{"Name":"بحيرة صناعية القرنة","X":31.5894494155522,"Y":26.7581758659766,"Z":0,"Cood":6056,"Field_1":"بحيرة صناعية القرنة","x2":31.588986,"y2":26.758293,"إدارة التوسع الأفقي":6,"اسم العملية":"عملية حماية منطقة القرنة من أخطار السيول مركز ساقلتله - محافظة سوهاج","اسم المقاول":"0","اسم المنشأ":"بحيرة صناعية القرنة","الإدارة المركزية للتوسع":2,"الحالة الهيدروليكية":"جيدة","الزمن التكراري":100,"السعة التخزينية (ألف م3)":14,"الطول (م)":75,"العرض":50,"العمق":4,"المحافظ":5,"الهدف من الإنشاء":"حماية مدينة ساقلته من أخطار االسيول منطقة القرنة","الوادي":"منطقة القرنة","الوظيفة":3,"تاريخ آخر سيل تحديدا":"5/1/2024","طبيعة العمل":3,"عام اخر سيل تحديدا":2024,"عام الإنشاء":2021,"مواد الإنهشاء":2,"موقف التنفيذ":1,"نوع العمل الصناعي":3,"ObjectID":37}},{"type":"Feature","id":38,"geometry":{"type":"Point","coordinates":[30.881343,27.95927]},"properties":{"Name":"بحيرة صناعية","X":32.8186023031309,"Y":25.7902119493729,"Z":0,"Cood":7070,"Field_1":"بحيرة صناعية","Total_Value":4980,"x2":32.818602,"y2":25.790212,"إدارة التوسع الأفقي":7,"اسم العملية":"عملية حماية قرية العقب الجديدة من أخطار السيول – محافظة قنا","اسم المقاول":"الجمعية التعاونية للإنشاء   والتعمير بابو تيج","اسم المنشأ":"بحيرة صناعية","الإدارة المركزية للتوسع":2,"التصرف التصميمي":"48.07","التعديات":"جيد","الحالة الهيدروليكية":"لا يوجد إطماءات","الزمن التكراري":100,"السعة التخزينية (ألف م3)":750,"الطول (م)":100,"العرض":150,"العمق":2,"المحافظ":7,"الهدف من الإنشاء":"حماية قرية العقب الجديدة","الوادي":"وادي العقب","الوظيفة":3,"طبيعة العمل":1,"عام اخر سيل تحديدا":2021,"عام الإنشاء":2019,"قيمة العقد (ألف جنيه)":3144,"مواد الإنهشاء":1,"موقف التنفيذ":1,"نوع العمل الصناعي":3,"ObjectID":10}},{"type":"Feature","id":39,"geometry":{"type":"Point","coordinates":[32.539224,25.540801]},"properties":{"Name":"بحيرة صناعية","X":32.8186023031309,"Y":25.7902119493729,"Z":0,"Cood":7070,"Field_1":"بحيرة صناعية","Total_Value":4980,"x2":32.818602,"y2":25.790212,"إدارة التوسع الأفقي":7,"اسم العملية":"عملية حماية قرية العقب الجديدة من أخطار السيول – محافظة قنا","اسم المقاول":"الجمعية التعاونية للإنشاء   والتعمير بابو تيج","اسم المنشأ":"بحيرة صناعية","الإدارة المركزية للتوسع":2,"التصرف التصميمي":"48.07","التعديات":"جيد","الحالة الهيدروليكية":"لا يوجد إطماءات","الزمن التكراري":100,"السعة التخزينية (ألف م3)":750,"الطول (م)":100,"العرض":150,"العمق":2,"المحافظ":7,"الهدف من الإنشاء":"حماية قرية العقب الجديدة","الوادي":"وادي العقب","الوظيفة":3,"طبيعة العمل":1,"عام اخر سيل تحديدا":2021,"عام الإنشاء":2019,"قيمة العقد (ألف جنيه)":3144,"مواد الإنهشاء":1,"موقف التنفيذ":1,"نوع العمل الصناعي":3,"ObjectID":10}},{"type":"Feature","id":40,"geometry":{"type":"Point","coordinates":[32.915094,24.262639]},"properties":{"Name":"بحيرة صناعية ب","X":32.9150937181779,"Y":24.2626390096912,"Z":0,"Cood":7046,"Field_1":"بحيرة صناعية ب","Total_Value":80234.3,"x2":32.913836,"y2":24.261669,"إدارة التوسع الأفقي":7,"اسم العملية":"إنشاء بحيرة صناعية بوادى أبو صبيرةلحماية وادى أبو صبيرة للحماية من اخطار  السيول بمحافظة أسوان","اسم المقاول":"شركة عبد اللاه حسان وشركاه","اسم المنشأ":"بحيرة صناعية ب","الإدارة المركزية للتوسع":2,"الارتفاع":"5","التعديات":"جيد","الحالة الهيدروليكية":"لا يوجد إطماءات","الزمن التكراري":100,"السعة التخزينية (ألف م3)":750,"الطول (م)":650,"العرض":500,"العمق":4,"المحافظ":8,"الهدف من الإنشاء":"حماية قرية أبو صبيرة","الوادي":"وادى أبو صبيرة","الوظيفة":3,"تاريخ آخر سيل تحديدا":"3/16/2024","حالة الدبش بالأمام":"جيدة","طبيعة العمل":3,"عام اخر سيل تحديدا":2021,"عام الإنشاء":2018,"عرض القمة":"5","قيمة العقد (ألف جنيه)":80234.3,"مواد الإنهشاء":1,"موقف التنفيذ":2,"نوع العمل الصناعي":3,"ObjectID":40}},{"type":"Feature","id":41,"geometry":{"type":"Point","coordinates":[31.423965,29.645113]},"properties":{"Name":"بحيرة صناعية ب5","X":33.1922808825115,"Y":25.163443108004,"Z":0,"Cood":7003,"Field_1":"بحيرة صناعية ب5","Total_Value":3568.376998,"x2":33.192281,"y2":25.163443,"إدارة التوسع الأفقي":7,"اسم العملية":"عملية إنشاء بحيرة ب5 وادى الشغب 2 للحماية من السيول بوادى عبادى بمحافظة أسوان","اسم المقاول":"شركة عبد اللاه حسان محمد وشركاه","اسم المنشأ":"بحيرة صناعية ب5","الإدارة المركزية للتوسع":2,"التعديات":"جيد","الحالة الهيدروليكية":"لا يوجد إطماءات","الزمن التكراري":50,"السعة التخزينية (ألف م3)":1200,"الطول (م)":600,"العرض":300,"العمق":3,"المحافظ":8,"الهدف من الإنشاء":"حماية الطريق الرئيسي (إدفو- مرسي علم )( قرية النزل+قرية معروف+قرية المنشية+قرية الرضوانية+ قرية الك*","الوادي":"وادي الشغب","الوظيفة":3,"طبيعة العمل":3,"عام اخر سيل تحديدا":2021,"عام الإنشاء":2018,"قيمة العقد (ألف جنيه)":3308.547425,"مواد الإنهشاء":1,"موقف التنفيذ":1,"نوع العمل الصناعي":3,"ObjectID":7}},{"type":"Feature","id":42,"geometry":{"type":"Point","coordinates":[30.787127,28.206448]},"properties":{"Name":"حوض تهدئة","X":30.7871274723588,"Y":28.2064476106939,"Z":0,"Cood":5027,"Field_1":"حوض تهدئة","Report_Dater":"20/08/2024","Total_Value":13705.48,"x2":30.787127,"y2":28.206448,"إدارة التوسع الأفقي":5,"اسم العملية":"عملية تأهيل مخر سيل جبل الطير القبلى و مخر سيل جبل الطيرالبحرى و مخر سيل شارونة بمحافظة المنيا","اسم المقاول":"الهيئة العربية للتصنيع ( مصنع قادر للصناعات المتط*","اسم المنشأ":"حوض تهدئة","الإدارة المركزية للتوسع":2,"التعديات":"جيد","الزمن التكراري":200,"السعة التخزينية (ألف م3)":8.5,"الطول (م)":127.6,"العرض":34.1,"العمق":2,"المحافظ":3,"الهدف من الإنشاء":"حماية منطقة الطير القبلى من اخطار السيول","الوادي":"الطير القبلى","الوظيفة":3,"تاريخ آخر صيانة":"المنشأ جديد و لم يتأثر بالسيول","تاريخ كتابة التقرير":"8/20/2024","طبيعة العمل":3,"عام الإنشاء":2024,"قيمة العقد (ألف جنيه)":15496.28,"مواد الإنهشاء":1,"موقف التنفيذ":1,"نوع العمل الصناعي":3,"ObjectID":42}},{"type":"Feature","id":43,"geometry":{"type":"Point","coordinates":[30.789773,28.205689]},"properties":{"Name":"حاجز","X":30.7897734548424,"Y":28.2056890362789,"Z":0,"Cood":5026,"Field_1":"حاجز","Report_Dater":"20/08/2024","Total_Value":0,"x2":30.789773,"y2":28.205689,"إدارة التوسع الأفقي":5,"اسم العملية":"عملية تأهيل مخر سيل جبل الطير القبلى و مخر سيل جبل الطيرالبحرى و مخر سيل شارونة بمحافظة المنيا","اسم المقاول":"عماد الدين عبد   الحميد يوسف","اسم المنشأ":"حاجز","الإدارة المركزية للتوسع":2,"التعديات":"جيد","الزمن التكراري":200,"السعة التخزينية (ألف م3)":16,"الطول (م)":184.8,"العرض":44.3,"العمق":2,"المحافظ":3,"الميل الجانبي":"1:3","الهدف من الإنشاء":"حماية منطقة الطير القبلى من اخطار السيول","الوادي":"الطير القبلى","الوظيفة":3,"تاريخ آخر صيانة":"المنشأ جديد و لم يتأثر بالسيول","تاريخ كتابة التقرير":"8/20/2024","طبيعة العمل":3,"عام الإنشاء":2024,"قيمة العقد (ألف جنيه)":1598.14,"مواد الإنهشاء":1,"موقف التنفيذ":2,"نوع العمل الصناعي":3,"ObjectID":43}},{"type":"Feature","id":44,"geometry":{"type":"Point","coordinates":[30.788692,28.205137]},"properties":{"Name":"بحيرة صناعية","X":32.8186023031309,"Y":25.7902119493729,"Z":0,"Cood":7070,"Field_1":"بحيرة صناعية","Total_Value":4980,"x2":32.818602,"y2":25.790212,"إدارة التوسع الأفقي":7,"اسم العملية":"عملية حماية قرية العقب الجديدة من أخطار السيول – محافظة قنا","اسم المقاول":"الجمعية التعاونية للإنشاء   والتعمير بابو تيج","اسم المنشأ":"بحيرة صناعية","الإدارة المركزية للتوسع":2,"التصرف التصميمي":"48.07","التعديات":"جيد","الحالة الهيدروليكية":"لا يوجد إطماءات","الزمن التكراري":100,"السعة التخزينية (ألف م3)":750,"الطول (م)":100,"العرض":150,"العمق":2,"المحافظ":7,"الهدف من الإنشاء":"حماية قرية العقب الجديدة","الوادي":"وادي العقب","الوظيفة":3,"طبيعة العمل":1,"عام اخر سيل تحديدا":2021,"عام الإنشاء":2019,"قيمة العقد (ألف جنيه)":3144,"مواد الإنهشاء":1,"موقف التنفيذ":1,"نوع العمل الصناعي":3,"ObjectID":10}},{"type":"Feature","id":45,"geometry":{"type":"Point","coordinates":[30.786627,28.205198]},"properties":{"Name":"بحيرة صناعية","X":32.8186023031309,"Y":25.7902119493729,"Z":0,"Cood":7070,"Field_1":"بحيرة صناعية","Total_Value":4980,"x2":32.818602,"y2":25.790212,"إدارة التوسع الأفقي":7,"اسم العملية":"عملية حماية قرية العقب الجديدة من أخطار السيول – محافظة قنا","اسم المقاول":"الجمعية التعاونية للإنشاء   والتعمير بابو تيج","اسم المنشأ":"بحيرة صناعية","الإدارة المركزية للتوسع":2,"التصرف التصميمي":"48.07","التعديات":"جيد","الحالة الهيدروليكية":"لا يوجد إطماءات","الزمن التكراري":100,"السعة التخزينية (ألف م3)":750,"الطول (م)":100,"العرض":150,"العمق":2,"المحافظ":7,"الهدف من الإنشاء":"حماية قرية العقب الجديدة","الوادي":"وادي العقب","الوظيفة":3,"طبيعة العمل":1,"عام اخر سيل تحديدا":2021,"عام الإنشاء":2019,"قيمة العقد (ألف جنيه)":3144,"مواد الإنهشاء":1,"موقف التنفيذ":1,"نوع العمل الصناعي":3,"ObjectID":10}},{"type":"Feature","id":46,"geometry":{"type":"Point","coordinates":[31.378432,29.458615]},"properties":{"Name":"حوض تهدئة","X":30.7871274723588,"Y":28.2064476106939,"Z":0,"Cood":5027,"Field_1":"حوض تهدئة","Report_Dater":"20/08/2024","Total_Value":13705.48,"x2":30.787127,"y2":28.206448,"إدارة التوسع الأفقي":5,"اسم العملية":"عملية تأهيل مخر سيل جبل الطير القبلى و مخر سيل جبل الطيرالبحرى و مخر سيل شارونة بمحافظة المنيا","اسم المقاول":"الهيئة العربية للتصنيع ( مصنع قادر للصناعات المتط*","اسم المنشأ":"حوض تهدئة","الإدارة المركزية للتوسع":2,"التعديات":"جيد","الزمن التكراري":200,"السعة التخزينية (ألف م3)":8.5,"الطول (م)":127.6,"العرض":34.1,"العمق":2,"المحافظ":3,"الهدف من الإنشاء":"حماية منطقة الطير القبلى من اخطار السيول","الوادي":"الطير القبلى","الوظيفة":3,"تاريخ آخر صيانة":"المنشأ جديد و لم يتأثر بالسيول","تاريخ كتابة التقرير":"8/20/2024","طبيعة العمل":3,"عام الإنشاء":2024,"قيمة العقد (ألف جنيه)":15496.28,"مواد الإنهشاء":1,"موقف التنفيذ":1,"نوع العمل الصناعي":3,"ObjectID":42}},{"type":"Feature","id":47,"geometry":{"type":"Point","coordinates":[31.39909,29.433119]},"properties":{"Name":"بحيرة صناعية ب4","X":33.2582344418123,"Y":25.2134840657953,"Z":0,"Cood":7001,"Field_1":"بحيرة صناعية ب4","Total_Value":166.5,"x2":33.258234,"y2":25.213484,"إدارة التوسع الأفقي":7,"اسم العملية":"عملية إنشاء بحيرة ب4 وادى الشغب 1 للحماية من السيول بوادى عبادى بمحافظة أسوان","اسم المقاول":"شركة عبد اللاه حسان محمد وشركاه","اسم المنشأ":"بحيرة صناعية ب4","الإدارة المركزية للتوسع":2,"التعديات":"جيد","الحالة الهيدروليكية":"لا يوجد إطماءات","الزمن التكراري":50,"السعة التخزينية (ألف م3)":3000,"الطول (م)":700,"العرض":300,"العمق":4,"المحافظ":8,"الهدف من الإنشاء":"حماية الطريق الرئيسي (إدفو- مرسي علم )( قرية النزل+قرية معروف+قرية المنشية+قرية الرضوانية+ قرية الك*","الوادي":"وادي الشغب","الوظيفة":3,"طبيعة العمل":3,"عام اخر سيل تحديدا":2021,"عام الإنشاء":2018,"قيمة العقد (ألف جنيه)":150.5,"مواد الإنهشاء":1,"موقف التنفيذ":1,"نوع العمل الصناعي":3,"ObjectID":8}},{"type":"Feature","id":48,"geometry":{"type":"Point","coordinates":[31.413986,29.42779]},"properties":{"Name":"بحيرة صناعية ب3","X":33.4033160717936,"Y":25.0121684892396,"Z":0,"Cood":7013,"Field_1":"بحيرة صناعية ب3","Total_Value":2315.4,"x2":33.403316,"y2":25.012168,"إدارة التوسع الأفقي":7,"اسم العملية":"عملية انشاء بحيرة ب3 + حاجز ترابى w6  بوادى المياه - منطقة وادى عبادى (عبادى 2د)  محافظة اسوان","اسم المقاول":"شركة أبناء بدوي للمقاولات","اسم المنشأ":"بحيرة صناعية ب3","الإدارة المركزية للتوسع":2,"التعديات":"جيد","الحالة الهيدروليكية":"لا يوجد إطماءات","الزمن التكراري":50,"السعة التخزينية (ألف م3)":4000,"الطول (م)":500,"العرض":300,"العمق":5,"المحافظ":8,"الهدف من الإنشاء":"الطريق الرئيسي (إدفو- مرسي علم )( قرية النزل+قرية معروف+قرية المنشية+قرية الرضوانية+ قرية الكمب +قر*","الوادي":"وادي المياه","الوظيفة":3,"طبيعة العمل":3,"عام اخر سيل تحديدا":2021,"عام الإنشاء":2019,"قيمة العقد (ألف جنيه)":2175.35,"مواد الإنهشاء":1,"نوع العمل الصناعي":3,"ObjectID":27}},{"type":"Feature","id":49,"geometry":{"type":"Point","coordinates":[31.454001,29.450895]},"properties":{"Name":"بحيرة صناعية ب2","X":32.2786341990635,"Y":25.8207632450052,"Z":0,"Cood":7078,"Field_1":"بحيرة صناعية ب2","Total_Value":62431.4578068948,"x2":32.278634,"y2":25.820763,"إدارة التوسع الأفقي":7,"اسم العملية":"عملية إنشاء عدد (2)بحيرة صناعية +حاجز ترابى ب 1&amp;ب2 لحماية نجع البطحة بمحافظة قنا من أخطار السيول","اسم المقاول":"جهاز المخابرات العامة","اسم المنشأ":"بحيرة صناعية ب2","الإدارة المركزية للتوسع":2,"التعديات":"جيدة","الحالة الهيدروليكية":"لا يوجد إطماءات","الزمن التكراري":100,"السعة التخزينية (ألف م3)":730,"الطول (م)":600,"العرض":340,"العمق":4,"المحافظ":7,"الهدف من الإنشاء":"حماية مدينة البطحة","الوادي":"وادي درب الرزيقات","الوظيفة":3,"حالة الدبش بالأمام":"جيدة","طبيعة العمل":1,"عام اخر سيل تحديدا":2021,"عام الإنشاء":2021,"قيمة العقد (ألف جنيه)":62441.27454,"مواد الإنهشاء":1,"موقف التنفيذ":1,"نوع العمل الصناعي":3,"ObjectID":1}},{"type":"Feature","id":50,"geometry":{"type":"Point","coordinates":[31.036087,28.677168]},"properties":{"Name":"حوض تهدئة زاوية الجدامي","X":31.0360870886361,"Y":28.6771677032956,"Z":0,"Cood":5010,"Field_1":"حوض تهدئة زاوية الجدامي","Report_Dater":"05/08/2024","Total_Value":16310.76,"x2":31.033719,"y2":28.677559,"إدارة التوسع الأفقي":5,"اسم العملية":"حماية قري زاوية الجدامى من اخطار السيول بمركز مغاغة - محافظة المنيا","اسم المقاول":"شركة الرى للاشغال العامة","اسم المنشأ":"حوض تهدئة زاوية الجدامي","الإدارة المركزية للتوسع":2,"الزمن التكراري":200,"السعة التخزينية (ألف م3)":270,"الطول (م)":416,"العرض":200,"العمق":3.5,"المحافظ":3,"الميل الجانبي":"1:4","الهدف من الإنشاء":"حماية منطقة الجدامى من اخطار السيول","الوادي":"وادى الشيخ","الوظيفة":3,"تاريخ آخر صيانة":"المنشأ جديد و لم يتأثر بالسيول","تاريخ كتابة التقرير":"8/5/2024","طبيعة العمل":3,"عام اخر سيل تحديدا":2020,"عام الإنشاء":2022,"قيمة العقد (ألف جنيه)":10748.25,"مواد الإنهشاء":1,"موقف التنفيذ":1,"نوع العمل الصناعي":3,"ObjectID":50}},{"type":"Feature","id":51,"geometry":{"type":"Point","coordinates":[31.313483,29.402481]},"properties":{"Name":"بحيرة صناعية ب4","X":33.2582344418123,"Y":25.2134840657953,"Z":0,"Cood":7001,"Field_1":"بحيرة صناعية ب4","Total_Value":166.5,"x2":33.258234,"y2":25.213484,"إدارة التوسع الأفقي":7,"اسم العملية":"عملية إنشاء بحيرة ب4 وادى الشغب 1 للحماية من السيول بوادى عبادى بمحافظة أسوان","اسم المقاول":"شركة عبد اللاه حسان محمد وشركاه","اسم المنشأ":"بحيرة صناعية ب4","الإدارة المركزية للتوسع":2,"التعديات":"جيد","الحالة الهيدروليكية":"لا يوجد إطماءات","الزمن التكراري":50,"السعة التخزينية (ألف م3)":3000,"الطول (م)":700,"العرض":300,"العمق":4,"المحافظ":8,"الهدف من الإنشاء":"حماية الطريق الرئيسي (إدفو- مرسي علم )( قرية النزل+قرية معروف+قرية المنشية+قرية الرضوانية+ قرية الك*","الوادي":"وادي الشغب","الوظيفة":3,"طبيعة العمل":3,"عام اخر سيل تحديدا":2021,"عام الإنشاء":2018,"قيمة العقد (ألف جنيه)":150.5,"مواد الإنهشاء":1,"موقف التنفيذ":1,"نوع العمل الصناعي":3,"ObjectID":8}},{"type":"Feature","id":52,"geometry":{"type":"Point","coordinates":[31.347889,29.390467]},"properties":{"Name":"بحيرة صناعية ب3","X":33.4033160717936,"Y":25.0121684892396,"Z":0,"Cood":7013,"Field_1":"بحيرة صناعية ب3","Total_Value":2315.4,"x2":33.403316,"y2":25.012168,"إدارة التوسع الأفقي":7,"اسم العملية":"عملية انشاء بحيرة ب3 + حاجز ترابى w6  بوادى المياه - منطقة وادى عبادى (عبادى 2د)  محافظة اسوان","اسم المقاول":"شركة أبناء بدوي للمقاولات","اسم المنشأ":"بحيرة صناعية ب3","الإدارة المركزية للتوسع":2,"التعديات":"جيد","الحالة الهيدروليكية":"لا يوجد إطماءات","الزمن التكراري":50,"السعة التخزينية (ألف م3)":4000,"الطول (م)":500,"العرض":300,"العمق":5,"المحافظ":8,"الهدف من الإنشاء":"الطريق الرئيسي (إدفو- مرسي علم )( قرية النزل+قرية معروف+قرية المنشية+قرية الرضوانية+ قرية الكمب +قر*","الوادي":"وادي المياه","الوظيفة":3,"طبيعة العمل":3,"عام اخر سيل تحديدا":2021,"عام الإنشاء":2019,"قيمة العقد (ألف جنيه)":2175.35,"مواد الإنهشاء":1,"نوع العمل الصناعي":3,"ObjectID":27}},{"type":"Feature","id":53,"geometry":{"type":"Point","coordinates":[31.391403,29.376938]},"properties":{"Name":"بحيرة صناعية ب2","X":32.2786341990635,"Y":25.8207632450052,"Z":0,"Cood":7078,"Field_1":"بحيرة صناعية ب2","Total_Value":62431.4578068948,"x2":32.278634,"y2":25.820763,"إدارة التوسع الأفقي":7,"اسم العملية":"عملية إنشاء عدد (2)بحيرة صناعية +حاجز ترابى ب 1&amp;ب2 لحماية نجع البطحة بمحافظة قنا من أخطار السيول","اسم المقاول":"جهاز المخابرات العامة","اسم المنشأ":"بحيرة صناعية ب2","الإدارة المركزية للتوسع":2,"التعديات":"جيدة","الحالة الهيدروليكية":"لا يوجد إطماءات","الزمن التكراري":100,"السعة التخزينية (ألف م3)":730,"الطول (م)":600,"العرض":340,"العمق":4,"المحافظ":7,"الهدف من الإنشاء":"حماية مدينة البطحة","الوادي":"وادي درب الرزيقات","الوظيفة":3,"حالة الدبش بالأمام":"جيدة","طبيعة العمل":1,"عام اخر سيل تحديدا":2021,"عام الإنشاء":2021,"قيمة العقد (ألف جنيه)":62441.27454,"مواد الإنهشاء":1,"موقف التنفيذ":1,"نوع العمل الصناعي":3,"ObjectID":1}},{"type":"Feature","id":54,"geometry":{"type":"Point","coordinates":[31.379491,29.801267]},"properties":{"Name":"بحيرة صناعية ب5","X":33.1922808825115,"Y":25.163443108004,"Z":0,"Cood":7003,"Field_1":"بحيرة صناعية ب5","Total_Value":3568.376998,"x2":33.192281,"y2":25.163443,"إدارة التوسع الأفقي":7,"اسم العملية":"عملية إنشاء بحيرة ب5 وادى الشغب 2 للحماية من السيول بوادى عبادى بمحافظة أسوان","اسم المقاول":"شركة عبد اللاه حسان محمد وشركاه","اسم المنشأ":"بحيرة صناعية ب5","الإدارة المركزية للتوسع":2,"التعديات":"جيد","الحالة الهيدروليكية":"لا يوجد إطماءات","الزمن التكراري":50,"السعة التخزينية (ألف م3)":1200,"الطول (م)":600,"العرض":300,"العمق":3,"المحافظ":8,"الهدف من الإنشاء":"حماية الطريق الرئيسي (إدفو- مرسي علم )( قرية النزل+قرية معروف+قرية المنشية+قرية الرضوانية+ قرية الك*","الوادي":"وادي الشغب","الوظيفة":3,"طبيعة العمل":3,"عام اخر سيل تحديدا":2021,"عام الإنشاء":2018,"قيمة العقد (ألف جنيه)":3308.547425,"مواد الإنهشاء":1,"موقف التنفيذ":1,"نوع العمل الصناعي":3,"ObjectID":7}},{"type":"Feature","id":55,"geometry":{"type":"Point","coordinates":[31.345089,29.522225]},"properties":{"Name":"حاجز ترابي ح2","X":31.3450888888926,"Y":29.5222249997012,"Z":0,"Cood":5038,"Field_1":"حاجز ترابي ح2","Report_Dater":"15/08/2024","x2":31.345089,"y2":29.522225,"إدارة التوسع الأفقي":5,"اسم العملية":"إنشاء عدد (3) بحيرات وعدد (2) حاجز ترابي (مخر سيل الودى)   بمنطقة  الودى بمحافظة الجيزة","اسم المقاول":"المجموعة المصرية للانشاءات   ( م / احمد حسانين و ش*","اسم المنشأ":"حاجز ترابي ح2","الإدارة المركزية للتوسع":2,"التعديات":"جيد","الزمن التكراري":200,"السعة التخزينية (ألف م3)":580,"الطول (م)":725,"العرض":220,"العمق":5.8,"المحافظ":10,"الميل الجانبي":"1:3","الهدف من الإنشاء":"حماية منطقة الودى مركز   الصف من اخطار السيول","الوادي":"النوايا","الوظيفة":3,"تاريخ آخر صيانة":"المنشأ جديد و لم يتأثر بالسيول","تاريخ كتابة التقرير":"8/15/2024","طبيعة العمل":3,"عام الإنشاء":2024,"قيمة العقد (ألف جنيه)":23.665,"مواد الإنهشاء":1,"موقف التنفيذ":2,"نوع العمل الصناعي":3,"ObjectID":55}},{"type":"Feature","id":56,"geometry":{"type":"Point","coordinates":[31.430021,29.522412]},"properties":{"Name":"حاجز ترابي ح1","X":31.4300210252151,"Y":29.5224124149437,"Z":0,"Cood":5037,"Field_1":"حاجز ترابي ح1","Report_Dater":"15/08/2024","x2":31.424692,"y2":29.523625,"إدارة التوسع الأفقي":5,"اسم العملية":"إنشاء عدد (3) بحيرات وعدد (2) حاجز ترابي (مخر سيل الودى)   بمنطقة  الودى بمحافظة الجيزة","اسم المقاول":"المجموعة المصرية للانشاءات   ( م / احمد حسانين و ش*","اسم المنشأ":"حاجز ترابي ح1","الإدارة المركزية للتوسع":2,"التعديات":"جيد","الزمن التكراري":200,"السعة التخزينية (ألف م3)":580,"الطول (م)":830,"العرض":200,"العمق":6.5,"المحافظ":10,"الهدف من الإنشاء":"حماية منطقة الودى مركز   الصف من اخطار السيول","الوادي":"النوايا","الوظيفة":3,"تاريخ آخر صيانة":"المنشأ جديد و لم يتأثر بالسيول","تاريخ كتابة التقرير":"8/15/2024","طبيعة العمل":3,"عام الإنشاء":2024,"قيمة العقد (ألف جنيه)":23.665,"مواد الإنهشاء":1,"موقف التنفيذ":2,"نوع العمل الصناعي":3,"ObjectID":56}},{"type":"Feature","id":57,"geometry":{"type":"Point","coordinates":[31.440618,29.504569]},"properties":{"Name":"بحيرة صناعية ب3","X":33.4033160717936,"Y":25.0121684892396,"Z":0,"Cood":7013,"Field_1":"بحيرة صناعية ب3","Total_Value":2315.4,"x2":33.403316,"y2":25.012168,"إدارة التوسع الأفقي":7,"اسم العملية":"عملية انشاء بحيرة ب3 + حاجز ترابى w6  بوادى المياه - منطقة وادى عبادى (عبادى 2د)  محافظة اسوان","اسم المقاول":"شركة أبناء بدوي للمقاولات","اسم المنشأ":"بحيرة صناعية ب3","الإدارة المركزية للتوسع":2,"التعديات":"جيد","الحالة الهيدروليكية":"لا يوجد إطماءات","الزمن التكراري":50,"السعة التخزينية (ألف م3)":4000,"الطول (م)":500,"العرض":300,"العمق":5,"المحافظ":8,"الهدف من الإنشاء":"الطريق الرئيسي (إدفو- مرسي علم )( قرية النزل+قرية معروف+قرية المنشية+قرية الرضوانية+ قرية الكمب +قر*","الوادي":"وادي المياه","الوظيفة":3,"طبيعة العمل":3,"عام اخر سيل تحديدا":2021,"عام الإنشاء":2019,"قيمة العقد (ألف جنيه)":2175.35,"مواد الإنهشاء":1,"نوع العمل الصناعي":3,"ObjectID":27}},{"type":"Feature","id":58,"geometry":{"type":"Point","coordinates":[31.424386,29.597872]},"properties":{"Name":"حاجز ترابي ح3","X":31.424386111232,"Y":29.5978722221783,"Z":0,"Cood":5032,"Field_1":"حاجز ترابي ح3","Report_Dater":"11/08/2024","Total_Value":13705.48,"x2":31.424386,"y2":29.597872,"إدارة التوسع الأفقي":5,"اسم العملية":"عملية إنشاء عدد (3) بحيرات و عدد (3) حاجز ترابي وعدد (1) حوض تهدئة   (مخر سيل المنشى) بمنطقة المنشى بمحافظة الجيزة","اسم المقاول":"الهيئة العربية للتصنيع ( مصنع قادر للصناعات المتط*","اسم المنشأ":"حاجز ترابي ح3","الإدارة المركزية للتوسع":2,"التعديات":"جيد","الزمن التكراري":200,"السعة التخزينية (ألف م3)":45,"الطول (م)":150,"العرض":100,"العمق":4,"المحافظ":10,"الميل الجانبي":"1:3","الهدف من الإنشاء":"حماية منطقة المنشي من اخطار السيول","الوادي":"وادى الحى","الوظيفة":3,"تاريخ آخر صيانة":"المنشأ جديد و لم يتأثر بالسيول","تاريخ كتابة التقرير":"8/11/2024","طبيعة العمل":3,"عام اخر سيل تحديدا":2023,"عام الإنشاء":2023,"قيمة العقد (ألف جنيه)":15496.28,"مواد الإنهشاء":1,"موقف التنفيذ":1,"نوع العمل الصناعي":3,"ObjectID":58}},{"type":"Feature","id":59,"geometry":{"type":"Point","coordinates":[31.427183,29.620425]},"properties":{"Name":"حاجز ترابي ح2","X":31.3450888888926,"Y":29.5222249997012,"Z":0,"Cood":5038,"Field_1":"حاجز ترابي ح2","Report_Dater":"15/08/2024","x2":31.345089,"y2":29.522225,"إدارة التوسع الأفقي":5,"اسم العملية":"إنشاء عدد (3) بحيرات وعدد (2) حاجز ترابي (مخر سيل الودى)   بمنطقة  الودى بمحافظة الجيزة","اسم المقاول":"المجموعة المصرية للانشاءات   ( م / احمد حسانين و ش*","اسم المنشأ":"حاجز ترابي ح2","الإدارة المركزية للتوسع":2,"التعديات":"جيد","الزمن التكراري":200,"السعة التخزينية (ألف م3)":580,"الطول (م)":725,"العرض":220,"العمق":5.8,"المحافظ":10,"الميل الجانبي":"1:3","الهدف من الإنشاء":"حماية منطقة الودى مركز   الصف من اخطار السيول","الوادي":"النوايا","الوظيفة":3,"تاريخ آخر صيانة":"المنشأ جديد و لم يتأثر بالسيول","تاريخ كتابة التقرير":"8/15/2024","طبيعة العمل":3,"عام الإنشاء":2024,"قيمة العقد (ألف جنيه)":23.665,"مواد الإنهشاء":1,"موقف التنفيذ":2,"نوع العمل الصناعي":3,"ObjectID":55}},{"type":"Feature","id":60,"geometry":{"type":"Point","coordinates":[31.168814,28.897744]},"properties":{"Name":"حاجز ترابي ح3","X":31.424386111232,"Y":29.5978722221783,"Z":0,"Cood":5032,"Field_1":"حاجز ترابي ح3","Report_Dater":"11/08/2024","Total_Value":13705.48,"x2":31.424386,"y2":29.597872,"إدارة التوسع الأفقي":5,"اسم العملية":"عملية إنشاء عدد (3) بحيرات و عدد (3) حاجز ترابي وعدد (1) حوض تهدئة   (مخر سيل المنشى) بمنطقة المنشى بمحافظة الجيزة","اسم المقاول":"الهيئة العربية للتصنيع ( مصنع قادر للصناعات المتط*","اسم المنشأ":"حاجز ترابي ح3","الإدارة المركزية للتوسع":2,"التعديات":"جيد","الزمن التكراري":200,"السعة التخزينية (ألف م3)":45,"الطول (م)":150,"العرض":100,"العمق":4,"المحافظ":10,"الميل الجانبي":"1:3","الهدف من الإنشاء":"حماية منطقة المنشي من اخطار السيول","الوادي":"وادى الحى","الوظيفة":3,"تاريخ آخر صيانة":"المنشأ جديد و لم يتأثر بالسيول","تاريخ كتابة التقرير":"8/11/2024","طبيعة العمل":3,"عام اخر سيل تحديدا":2023,"عام الإنشاء":2023,"قيمة العقد (ألف جنيه)":15496.28,"مواد الإنهشاء":1,"موقف التنفيذ":1,"نوع العمل الصناعي":3,"ObjectID":58}},{"type":"Feature","id":61,"geometry":{"type":"Point","coordinates":[31.199188,28.920721]},"properties":{"Name":"حاجز ترابي ح2","X":31.3450888888926,"Y":29.5222249997012,"Z":0,"Cood":5038,"Field_1":"حاجز ترابي ح2","Report_Dater":"15/08/2024","x2":31.345089,"y2":29.522225,"إدارة التوسع الأفقي":5,"اسم العملية":"إنشاء عدد (3) بحيرات وعدد (2) حاجز ترابي (مخر سيل الودى)   بمنطقة  الودى بمحافظة الجيزة","اسم المقاول":"المجموعة المصرية للانشاءات   ( م / احمد حسانين و ش*","اسم المنشأ":"حاجز ترابي ح2","الإدارة المركزية للتوسع":2,"التعديات":"جيد","الزمن التكراري":200,"السعة التخزينية (ألف م3)":580,"الطول (م)":725,"العرض":220,"العمق":5.8,"المحافظ":10,"الميل الجانبي":"1:3","الهدف من الإنشاء":"حماية منطقة الودى مركز   الصف من اخطار السيول","الوادي":"النوايا","الوظيفة":3,"تاريخ آخر صيانة":"المنشأ جديد و لم يتأثر بالسيول","تاريخ كتابة التقرير":"8/15/2024","طبيعة العمل":3,"عام الإنشاء":2024,"قيمة العقد (ألف جنيه)":23.665,"مواد الإنهشاء":1,"موقف التنفيذ":2,"نوع العمل الصناعي":3,"ObjectID":55}},{"type":"Feature","id":62,"geometry":{"type":"Point","coordinates":[31.17056,28.834382]},"properties":{"Name":"حاجز ترابي ح1","X":31.4300210252151,"Y":29.5224124149437,"Z":0,"Cood":5037,"Field_1":"حاجز ترابي ح1","Report_Dater":"15/08/2024","x2":31.424692,"y2":29.523625,"إدارة التوسع الأفقي":5,"اسم العملية":"إنشاء عدد (3) بحيرات وعدد (2) حاجز ترابي (مخر سيل الودى)   بمنطقة  الودى بمحافظة الجيزة","اسم المقاول":"المجموعة المصرية للانشاءات   ( م / احمد حسانين و ش*","اسم المنشأ":"حاجز ترابي ح1","الإدارة المركزية للتوسع":2,"التعديات":"جيد","الزمن التكراري":200,"السعة التخزينية (ألف م3)":580,"الطول (م)":830,"العرض":200,"العمق":6.5,"المحافظ":10,"الهدف من الإنشاء":"حماية منطقة الودى مركز   الصف من اخطار السيول","الوادي":"النوايا","الوظيفة":3,"تاريخ آخر صيانة":"المنشأ جديد و لم يتأثر بالسيول","تاريخ كتابة التقرير":"8/15/2024","طبيعة العمل":3,"عام الإنشاء":2024,"قيمة العقد (ألف جنيه)":23.665,"مواد الإنهشاء":1,"موقف التنفيذ":2,"نوع العمل الصناعي":3,"ObjectID":56}},{"type":"Feature","id":63,"geometry":{"type":"Point","coordinates":[31.247326,28.708266]},"properties":{"Name":"بحيرة صناعية ب8","X":31.247326131595,"Y":28.7082658609622,"Z":0,"Cood":5067,"Field_1":"بحيرة صناعية ب8","Report_Dater":"25/08/2024","Total_Value":24171.72,"x2":31.252558,"y2":28.710142,"إدارة التوسع الأفقي":5,"اسم العملية":"عملية إنشاء عدد (8) بحيرة وعدد   (8) حاجز ترابي بمخرج وادي سنور وتدبيش قاع مخر سيل سنور بمحافظة بني سويف","اسم المقاول":"جهاز المخابرات   العامة","اسم المنشأ":"بحيرة صناعية ب8","الإدارة المركزية للتوسع":2,"التعديات":"جيد","الحالة الهيدروليكية":"لا يوجد إطماءات","الزمن التكراري":200,"السعة التخزينية (ألف م3)":3082.8,"العرض":845,"العمق":3.75,"المحافظ":2,"الميل الجانبي":"1:3","الهدف من الإنشاء":"حماية منطقة سنور مركز   بنى سويف من اخطار السيول","الوادي":"وادى سنور","الوظيفة":3,"تاريخ آخر صيانة":"المنشأ جديد و لم يتأثر بالسيول","تاريخ كتابة التقرير":"8/25/2024","طبيعة العمل":3,"عام اخر سيل تحديدا":2022,"عام الإنشاء":2023,"قيمة العقد (ألف جنيه)":17872.75,"مواد الإنهشاء":1,"موقف التنفيذ":1,"نوع العمل الصناعي":3,"ObjectID":63}},{"type":"Feature","id":64,"geometry":{"type":"Point","coordinates":[31.630573,28.833977]},"properties":{"Name":"بحيرة صناعية ب7","X":31.6305732839297,"Y":28.8339765138109,"Z":0,"Cood":5066,"Field_1":"بحيرة صناعية ب7","Report_Dater":"25/08/2024","Total_Value":24171.72,"x2":31.633583,"y2":28.831242,"إدارة التوسع الأفقي":5,"اسم العملية":"عملية إنشاء عدد (8) بحيرة وعدد   (8) حاجز ترابي بمخرج وادي سنور وتدبيش قاع مخر سيل سنور بمحافظة بني سويف","اسم المقاول":"جهاز المخابرات   العامة","اسم المنشأ":"بحيرة صناعية ب7","الإدارة المركزية للتوسع":2,"التعديات":"جيد","الزمن التكراري":200,"السعة التخزينية (ألف م3)":966.88,"الطول (م)":700,"العرض":425,"العمق":3.25,"المحافظ":2,"الميل الجانبي":"1:3","الهدف من الإنشاء":"حماية منطقة سنور مركز   بنى سويف من اخطار السيول","الوادي":"وادى سنور","الوظيفة":3,"تاريخ آخر صيانة":"المنشأ جديد و لم يتأثر بالسيول","تاريخ كتابة التقرير":"8/25/2024","طبيعة العمل":3,"عام اخر سيل تحديدا":2022,"عام الإنشاء":2023,"قيمة العقد (ألف جنيه)":17872.75,"مواد الإنهشاء":1,"موقف التنفيذ":1,"نوع العمل الصناعي":3,"ObjectID":64}},{"type":"Feature","id":65,"geometry":{"type":"Point","coordinates":[31.617616,28.846381]},"properties":{"Name":"بحيرة صناعية ب6","X":33.116817421759,"Y":25.0896600062918,"Z":0,"Cood":7005,"Field_1":"بحيرة صناعية ب6","Total_Value":3000,"x2":33.116817,"y2":25.08966,"إدارة التوسع الأفقي":7,"اسم العملية":"عملية إنشاء بحيرة ب6 وادى الشغب 3 للحماية من السيول بوادى عبادى بمحافظة أسوان","اسم المقاول":"شركة أبناء بدوي للمقاولات","اسم المنشأ":"بحيرة صناعية ب6","الإدارة المركزية للتوسع":2,"التعديات":"جيد","الحالة الهيدروليكية":"لا يوجد إطماءات","الزمن التكراري":50,"السعة التخزينية (ألف م3)":2428,"الطول (م)":400,"العرض":350,"العمق":3.5,"المحافظ":8,"الهدف من الإنشاء":"حماية الطريق الرئيسي (إدفو- مرسي علم )( قرية النزل+قرية معروف+قرية المنشية+قرية الرضوانية+ قرية الك*","الوادي":"وادي الشغب","الوظيفة":3,"طبيعة العمل":3,"عام اخر سيل تحديدا":2021,"عام الإنشاء":2018,"قيمة العقد (ألف جنيه)":3211,"مواد الإنهشاء":1,"موقف التنفيذ":1,"نوع العمل الصناعي":3,"ObjectID":6}},{"type":"Feature","id":66,"geometry":{"type":"Point","coordinates":[31.23338,28.755282]},"properties":{"Name":"بحيرة صناعية ب5","X":33.1922808825115,"Y":25.163443108004,"Z":0,"Cood":7003,"Field_1":"بحيرة صناعية ب5","Total_Value":3568.376998,"x2":33.192281,"y2":25.163443,"إدارة التوسع الأفقي":7,"اسم العملية":"عملية إنشاء بحيرة ب5 وادى الشغب 2 للحماية من السيول بوادى عبادى بمحافظة أسوان","اسم المقاول":"شركة عبد اللاه حسان محمد وشركاه","اسم المنشأ":"بحيرة صناعية ب5","الإدارة المركزية للتوسع":2,"التعديات":"جيد","الحالة الهيدروليكية":"لا يوجد إطماءات","الزمن التكراري":50,"السعة التخزينية (ألف م3)":1200,"الطول (م)":600,"العرض":300,"العمق":3,"المحافظ":8,"الهدف من الإنشاء":"حماية الطريق الرئيسي (إدفو- مرسي علم )( قرية النزل+قرية معروف+قرية المنشية+قرية الرضوانية+ قرية الك*","الوادي":"وادي الشغب","الوظيفة":3,"طبيعة العمل":3,"عام اخر سيل تحديدا":2021,"عام الإنشاء":2018,"قيمة العقد (ألف جنيه)":3308.547425,"مواد الإنهشاء":1,"موقف التنفيذ":1,"نوع العمل الصناعي":3,"ObjectID":7}},{"type":"Feature","id":67,"geometry":{"type":"Point","coordinates":[31.593762,29.049508]},"properties":{"Name":"بحيرة صناعية ب4","X":33.2582344418123,"Y":25.2134840657953,"Z":0,"Cood":7001,"Field_1":"بحيرة صناعية ب4","Total_Value":166.5,"x2":33.258234,"y2":25.213484,"إدارة التوسع الأفقي":7,"اسم العملية":"عملية إنشاء بحيرة ب4 وادى الشغب 1 للحماية من السيول بوادى عبادى بمحافظة أسوان","اسم المقاول":"شركة عبد اللاه حسان محمد وشركاه","اسم المنشأ":"بحيرة صناعية ب4","الإدارة المركزية للتوسع":2,"التعديات":"جيد","الحالة الهيدروليكية":"لا يوجد إطماءات","الزمن التكراري":50,"السعة التخزينية (ألف م3)":3000,"الطول (م)":700,"العرض":300,"العمق":4,"المحافظ":8,"الهدف من الإنشاء":"حماية الطريق الرئيسي (إدفو- مرسي علم )( قرية النزل+قرية معروف+قرية المنشية+قرية الرضوانية+ قرية الك*","الوادي":"وادي الشغب","الوظيفة":3,"طبيعة العمل":3,"عام اخر سيل تحديدا":2021,"عام الإنشاء":2018,"قيمة العقد (ألف جنيه)":150.5,"مواد الإنهشاء":1,"موقف التنفيذ":1,"نوع العمل الصناعي":3,"ObjectID":8}},{"type":"Feature","id":68,"geometry":{"type":"Point","coordinates":[31.236893,29.29348]},"properties":{"Name":"حاجز ترابي ح5","X":31.2368925963587,"Y":29.2934800787761,"Z":0,"Cood":5054,"Field_1":"حاجز ترابي ح5","Report_Dater":"22/08/2024","Total_Value":3492.5,"x2":31.232703,"y2":29.292064,"إدارة التوسع الأفقي":5,"اسم العملية":"عملية إنشاء عدد (4) بحيرات وعدد (4) حاجز ترابي وعدد (1) سد ركامي (مخر سيل الكريمات ) بمنطقة الكريمات محافظة الجيزة","اسم المقاول":"الجمعية التعاونية الانتاجية   للانشاء و التعمير با*","اسم المنشأ":"حاجز ترابي ح5","الإدارة المركزية للتوسع":2,"التعديات":"جيد","الحالة الهيدروليكية":"لا يوجد إطماءات","الزمن التكراري":200,"السعة التخزينية (ألف م3)":60,"الطول (م)":300,"العرض":100,"العمق":3,"المحافظ":10,"الميل الجانبي":"1:2","الهدف من الإنشاء":"حماية منطقة الكريمات مركز   اطفيح  من اخطار السيول","الوادي":"الرملية","الوظيفة":3,"تاريخ آخر صيانة":"المنشأ جديد و لم يتأثر بالسيول","تاريخ كتابة التقرير":"8/22/2024","طبيعة العمل":3,"عام اخر سيل تحديدا":2023,"عام الإنشاء":2023,"قيمة العقد (ألف جنيه)":3231.5,"مواد الإنهشاء":1,"موقف التنفيذ":1,"نوع العمل الصناعي":3,"ObjectID":68}},{"type":"Feature","id":69,"geometry":{"type":"Point","coordinates":[31.30286,29.271702]},"properties":{"Name":"حاجز","X":30.7897734548424,"Y":28.2056890362789,"Z":0,"Cood":5026,"Field_1":"حاجز","Report_Dater":"20/08/2024","Total_Value":0,"x2":30.789773,"y2":28.205689,"إدارة التوسع الأفقي":5,"اسم العملية":"عملية تأهيل مخر سيل جبل الطير القبلى و مخر سيل جبل الطيرالبحرى و مخر سيل شارونة بمحافظة المنيا","اسم المقاول":"عماد الدين عبد   الحميد يوسف","اسم المنشأ":"حاجز","الإدارة المركزية للتوسع":2,"التعديات":"جيد","الزمن التكراري":200,"السعة التخزينية (ألف م3)":16,"الطول (م)":184.8,"العرض":44.3,"العمق":2,"المحافظ":3,"الميل الجانبي":"1:3","الهدف من الإنشاء":"حماية منطقة الطير القبلى من اخطار السيول","الوادي":"الطير القبلى","الوظيفة":3,"تاريخ آخر صيانة":"المنشأ جديد و لم يتأثر بالسيول","تاريخ كتابة التقرير":"8/20/2024","طبيعة العمل":3,"عام الإنشاء":2024,"قيمة العقد (ألف جنيه)":1598.14,"مواد الإنهشاء":1,"موقف التنفيذ":2,"نوع العمل الصناعي":3,"ObjectID":43}},{"type":"Feature","id":70,"geometry":{"type":"Point","coordinates":[31.366948,29.22115]},"properties":{"Name":"حاجز ترابي ح2","X":31.3450888888926,"Y":29.5222249997012,"Z":0,"Cood":5038,"Field_1":"حاجز ترابي ح2","Report_Dater":"15/08/2024","x2":31.345089,"y2":29.522225,"إدارة التوسع الأفقي":5,"اسم العملية":"إنشاء عدد (3) بحيرات وعدد (2) حاجز ترابي (مخر سيل الودى)   بمنطقة  الودى بمحافظة الجيزة","اسم المقاول":"المجموعة المصرية للانشاءات   ( م / احمد حسانين و ش*","اسم المنشأ":"حاجز ترابي ح2","الإدارة المركزية للتوسع":2,"التعديات":"جيد","الزمن التكراري":200,"السعة التخزينية (ألف م3)":580,"الطول (م)":725,"العرض":220,"العمق":5.8,"المحافظ":10,"الميل الجانبي":"1:3","الهدف من الإنشاء":"حماية منطقة الودى مركز   الصف من اخطار السيول","الوادي":"النوايا","الوظيفة":3,"تاريخ آخر صيانة":"المنشأ جديد و لم يتأثر بالسيول","تاريخ كتابة التقرير":"8/15/2024","طبيعة العمل":3,"عام الإنشاء":2024,"قيمة العقد (ألف جنيه)":23.665,"مواد الإنهشاء":1,"موقف التنفيذ":2,"نوع العمل الصناعي":3,"ObjectID":55}},{"type":"Feature","id":71,"geometry":{"type":"Point","coordinates":[31.372055,29.236208]},"properties":{"Name":"بحيرة صناعية ب7","X":31.6305732839297,"Y":28.8339765138109,"Z":0,"Cood":5066,"Field_1":"بحيرة صناعية ب7","Report_Dater":"25/08/2024","Total_Value":24171.72,"x2":31.633583,"y2":28.831242,"إدارة التوسع الأفقي":5,"اسم العملية":"عملية إنشاء عدد (8) بحيرة وعدد   (8) حاجز ترابي بمخرج وادي سنور وتدبيش قاع مخر سيل سنور بمحافظة بني سويف","اسم المقاول":"جهاز المخابرات   العامة","اسم المنشأ":"بحيرة صناعية ب7","الإدارة المركزية للتوسع":2,"التعديات":"جيد","الزمن التكراري":200,"السعة التخزينية (ألف م3)":966.88,"الطول (م)":700,"العرض":425,"العمق":3.25,"المحافظ":2,"الميل الجانبي":"1:3","الهدف من الإنشاء":"حماية منطقة سنور مركز   بنى سويف من اخطار السيول","الوادي":"وادى سنور","الوظيفة":3,"تاريخ آخر صيانة":"المنشأ جديد و لم يتأثر بالسيول","تاريخ كتابة التقرير":"8/25/2024","طبيعة العمل":3,"عام اخر سيل تحديدا":2022,"عام الإنشاء":2023,"قيمة العقد (ألف جنيه)":17872.75,"مواد الإنهشاء":1,"موقف التنفيذ":1,"نوع العمل الصناعي":3,"ObjectID":64}},{"type":"Feature","id":72,"geometry":{"type":"Point","coordinates":[30.879021,28.467758]},"properties":{"Name":"حاجز ترابي قرية الشرفا","X":30.8790210357015,"Y":28.4677582938355,"Z":0,"Cood":5085,"Field_1":"حاجز ترابي قرية الشرفا","Total_Value":593,"x2":30.879252,"y2":28.467463,"إدارة التوسع الأفقي":5,"اسم العملية":"عملية حماية قرية العصيات من اخطار السيول مركز بني مزار -محافظة المنيا","اسم المقاول":"أحمد محمد أحمد عبد الرحمن","اسم المنشأ":"حاجز ترابي قرية الشرفا","الإدارة المركزية للتوسع":2,"الزمن التكراري":100,"السعة التخزينية (ألف م3)":8.856,"العمق":2.1,"المحافظ":3,"الميل الجانبي":"3:1","الهدف من الإنشاء":"حماية قرية العصيات مركز بني مزار -محافظة المنيا من اخطار السيول","الوادي":"الحرافيش","الوظيفة":3,"طبيعة العمل":3,"عام الإنشاء":2019,"قيمة العقد (ألف جنيه)":592,"ملاحظات2":"لم يتم المرور بسبب عدم وجود سيارات دفع رباعى   و عدم وجود اجهزة مساحية للوصول للموقع","مواد الإنهشاء":1,"موقف التنفيذ":1,"نوع العمل الصناعي":3,"ObjectID":72}},{"type":"Feature","id":73,"geometry":{"type":"Point","coordinates":[30.964089,28.493316]},"properties":{"Name":"حاجز توجيه قرية بني خالد","X":30.9640892416531,"Y":28.4933163154414,"Z":0,"Cood":5084,"Field_1":"حاجز توجيه قرية بني خالد","Total_Value":593,"x2":30.964443,"y2":28.491842,"إدارة التوسع الأفقي":5,"اسم العملية":"عملية حماية قرية العصيات من اخطار السيول مركز بني مزار -محافظة المنيا","اسم المقاول":"أحمد محمد أحمد عبد الرحمن","اسم المنشأ":"حاجز توجيه قرية بني خالد","الإدارة المركزية للتوسع":2,"الزمن التكراري":100,"السعة التخزينية (ألف م3)":94.695,"العمق":2.6,"المحافظ":3,"الميل الجانبي":"3:1","الهدف من الإنشاء":"حماية قرية العصيات مركز بني مزار -محافظة المنيا من اخطار السيول","الوادي":"المهشم","الوظيفة":3,"تاريخ آخر صيانة":"تم الانتهاء من تنفيذ العمل من عام 2019 وتم ارسال *","طبيعة العمل":3,"عام الإنشاء":2019,"قيمة العقد (ألف جنيه)":592,"ملاحظات2":"لم يتم المرور بسبب عدم وجود سيارات دفع رباعى   و عدم وجود اجهزة مساحية للوصول للموقع","مواد الإنهشاء":1,"موقف التنفيذ":1,"نوع العمل الصناعي":3,"ObjectID":73}},{"type":"Feature","id":74,"geometry":{"type":"Point","coordinates":[30.92907,28.620023]},"properties":{"Name":"حاجز ترابي","X":30.9290698803849,"Y":28.6200234884362,"Z":0,"Cood":5082,"Field_1":"حاجز ترابي","Report_Dater":"20/08/2024","Total_Value":2534,"x2":30.92907,"y2":28.620023,"إدارة التوسع الأفقي":5,"اسم العملية":"عملية تأهيل مخر سيل جبل الطير القبلى و مخر سيل جبل الطيرالبحرى ومخر سيل شارونة بمحافظة المنيا","اسم المقاول":"شركة الصفوة للمقاولات","اسم المنشأ":"حاجز ترابي","الإدارة المركزية للتوسع":2,"التعديات":"جيد","الزمن التكراري":200,"السعة التخزينية (ألف م3)":80,"الطول (م)":200,"العرض":100,"العمق":2,"المحافظ":3,"الهدف من الإنشاء":"حماية منطقة شارونة   من اخطار السيول","الوادي":"شارونة","الوظيفة":3,"تاريخ آخر صيانة":"المنشأ جديد و لم يتأثر بالسيول","تاريخ كتابة التقرير":"8/20/2024","طبيعة العمل":3,"عام الإنشاء":2024,"قيمة العقد (ألف جنيه)":2745,"ملاحظات2":"لم يتم المرور بسبب عدم وجود سيارات دفع رباعى   و عدم وجود اجهزة مساحية للوصول للموقع","مواد الإنهشاء":1,"موقف التنفيذ":1,"نوع العمل الصناعي":3,"ObjectID":74}},{"type":"Feature","id":75,"geometry":{"type":"Point","coordinates":[31.645833,26.901667]},"properties":{"Name":"بحيرة صناعية","X":32.8186023031309,"Y":25.7902119493729,"Z":0,"Cood":7070,"Field_1":"بحيرة صناعية","Total_Value":4980,"x2":32.818602,"y2":25.790212,"إدارة التوسع الأفقي":7,"اسم العملية":"عملية حماية قرية العقب الجديدة من أخطار السيول – محافظة قنا","اسم المقاول":"الجمعية التعاونية للإنشاء   والتعمير بابو تيج","اسم المنشأ":"بحيرة صناعية","الإدارة المركزية للتوسع":2,"التصرف التصميمي":"48.07","التعديات":"جيد","الحالة الهيدروليكية":"لا يوجد إطماءات","الزمن التكراري":100,"السعة التخزينية (ألف م3)":750,"الطول (م)":100,"العرض":150,"العمق":2,"المحافظ":7,"الهدف من الإنشاء":"حماية قرية العقب الجديدة","الوادي":"وادي العقب","الوظيفة":3,"طبيعة العمل":1,"عام اخر سيل تحديدا":2021,"عام الإنشاء":2019,"قيمة العقد (ألف جنيه)":3144,"مواد الإنهشاء":1,"موقف التنفيذ":1,"نوع العمل الصناعي":3,"ObjectID":10}},{"type":"Feature","id":76,"geometry":{"type":"Point","coordinates":[31.226784,27.326237]},"properties":{"Name":"NULL","X":32.9471944435553,"Y":25.979863889397,"Z":0,"Cood":7098,"Total_Value":17245.6,"x2":32.947194,"y2":25.979864,"إدارة التوسع الأفقي":7,"اسم العملية":"عملية  إنشاء عدد (4) بحيرة صناعية + حاجز ترابي (ب3-) &amp;  (w8 ب4- ) &amp; (w3ب5- &amp; (w2 (ب6- ( w1 لحماية وادي الكلاحين ( مجموعة ب ) بمحافظة قنا من أخطار السيول","اسم المقاول":"جهاز مشروعات الخدمة الوطنية","الإدارة المركزية للتوسع":2,"التعديات":"جيدة","الحالة الهيدروليكية":"لا يوجد إطماءات","الزمن التكراري":200,"السعة التخزينية (ألف م3)":350,"الطول (م)":285,"العرض":475,"العمق":2,"المحافظ":7,"الهدف من الإنشاء":"حماية طريق( قــفط-القصير) - مدينة قـــفط الجديدة","الوادي":"وادي الكلاحين","الوظيفة":3,"حالة الدبش بالأمام":"جيدة","عام اخر سيل تحديدا":2021,"عام الإنشاء":2024,"قيمة العقد (ألف جنيه)":15617,"مواد الإنهشاء":1,"نوع العمل الصناعي":3,"ObjectID":3}},{"type":"Feature","id":77,"geometry":{"type":"Point","coordinates":[31.356604,26.786502]},"properties":{"Name":"بحيرة صناعية","X":32.8186023031309,"Y":25.7902119493729,"Z":0,"Cood":7070,"Field_1":"بحيرة صناعية","Total_Value":4980,"x2":32.818602,"y2":25.790212,"إدارة التوسع الأفقي":7,"اسم العملية":"عملية حماية قرية العقب الجديدة من أخطار السيول – محافظة قنا","اسم المقاول":"الجمعية التعاونية للإنشاء   والتعمير بابو تيج","اسم المنشأ":"بحيرة صناعية","الإدارة المركزية للتوسع":2,"التصرف التصميمي":"48.07","التعديات":"جيد","الحالة الهيدروليكية":"لا يوجد إطماءات","الزمن التكراري":100,"السعة التخزينية (ألف م3)":750,"الطول (م)":100,"العرض":150,"العمق":2,"المحافظ":7,"الهدف من الإنشاء":"حماية قرية العقب الجديدة","الوادي":"وادي العقب","الوظيفة":3,"طبيعة العمل":1,"عام اخر سيل تحديدا":2021,"عام الإنشاء":2019,"قيمة العقد (ألف جنيه)":3144,"مواد الإنهشاء":1,"موقف التنفيذ":1,"نوع العمل الصناعي":3,"ObjectID":10}},{"type":"Feature","id":78,"geometry":{"type":"Point","coordinates":[32.518748,25.541312]},"properties":{"Name":"بحيرة صناعية","X":32.8186023031309,"Y":25.7902119493729,"Z":0,"Cood":7070,"Field_1":"بحيرة صناعية","Total_Value":4980,"x2":32.818602,"y2":25.790212,"إدارة التوسع الأفقي":7,"اسم العملية":"عملية حماية قرية العقب الجديدة من أخطار السيول – محافظة قنا","اسم المقاول":"الجمعية التعاونية للإنشاء   والتعمير بابو تيج","اسم المنشأ":"بحيرة صناعية","الإدارة المركزية للتوسع":2,"التصرف التصميمي":"48.07","التعديات":"جيد","الحالة الهيدروليكية":"لا يوجد إطماءات","الزمن التكراري":100,"السعة التخزينية (ألف م3)":750,"الطول (م)":100,"العرض":150,"العمق":2,"المحافظ":7,"الهدف من الإنشاء":"حماية قرية العقب الجديدة","الوادي":"وادي العقب","الوظيفة":3,"طبيعة العمل":1,"عام اخر سيل تحديدا":2021,"عام الإنشاء":2019,"قيمة العقد (ألف جنيه)":3144,"مواد الإنهشاء":1,"موقف التنفيذ":1,"نوع العمل الصناعي":3,"ObjectID":10}},{"type":"Feature","id":79,"geometry":{"type":"Point","coordinates":[31.393021,29.365607]},"properties":{"Name":"بحيرة صناعية ب1","X":32.2077227816767,"Y":25.8264166824304,"Z":0,"Cood":7076,"Field_1":"بحيرة صناعية ب1","Total_Value":1703.78,"x2":32.207723,"y2":25.826417,"إدارة التوسع الأفقي":7,"اسم العملية":"عملية إنشاء عدد (2)بحيرة صناعية +حاجز ترابى ب 1&amp;ب2 لحماية نجع البطحة بمحافظة قنا من أخطار السيول","اسم المقاول":"جهاز المخابرات العامة","اسم المنشأ":"بحيرة صناعية ب1","الإدارة المركزية للتوسع":2,"التعديات":"جيدة","الحالة الهيدروليكية":"لا يوجد إطماءات","الزمن التكراري":100,"السعة التخزينية (ألف م3)":800,"الطول (م)":1500,"العرض":510,"العمق":1,"المحافظ":7,"الهدف من الإنشاء":"حماية مدينة البطحة","الوادي":"وادي درب الرزيقات","الوظيفة":3,"حالة الدبش بالأمام":"جيدة","طبيعة العمل":1,"عام اخر سيل تحديدا":2021,"عام الإنشاء":2021,"قيمة العقد (ألف جنيه)":1846,"مواد الإنهشاء":1,"موقف التنفيذ":1,"نوع العمل الصناعي":3,"ObjectID":18}},{"type":"Feature","id":80,"geometry":{"type":"Point","coordinates":[31.178652,27.378658]},"properties":{"Name":"بحيره","X":31.1786515276089,"Y":27.3786584487363,"Z":0,"Cood":6107,"Field_1":"بحيره","Total_Value":453,"x2":31.175892,"y2":27.37994,"إدارة التوسع الأفقي":6,"اسم المقاول":"شركة الصفوة للمقاولات","اسم المنشأ":"بحيره","الإدارة المركزية للتوسع":2,"الزمن التكراري":200,"العرض":400,"العمق":5,"المحافظ":4,"الهدف من الإنشاء":"حماية الطريق الصحراوى الشرقى واعمدة كهرباء الضغط العالى ومحطة معالجة مياه الصرف الصحى لمدينة أسيوطا*","الوادي":"الوادي الابراهيمي","الوظيفة":3,"تاريخ آخر سيل تحديدا":"5/1/2024","طبيعة العمل":3,"عام اخر سيل تحديدا":2024,"عام الإنشاء":2023,"قيمة العقد (ألف جنيه)":462,"موقف التنفيذ":1,"نوع العمل الصناعي":3,"ObjectID":80}},{"type":"Feature","id":81,"geometry":{"type":"Point","coordinates":[30.875608,27.944219]},"properties":{"Name":"بحيره صناعيه","X":30.8756083885586,"Y":27.9442192780756,"Z":0,"Cood":6109,"Field_1":"بحيره صناعيه","Total_Value":2631,"x2":30.875608,"y2":27.944219,"إدارة التوسع الأفقي":6,"اسم المقاول":"شركة الصفوة للمقاولات","اسم المنشأ":"بحيره صناعيه","الإدارة المركزية للتوسع":2,"الزمن التكراري":200,"المحافظ":3,"الهدف من الإنشاء":"تعديل مسار مجري سيل وادي حسحاس مركز ابو قرقاص","الوادي":"حسحاس","الوظيفة":3,"تاريخ آخر سيل تحديدا":"5/1/2024","طبيعة العمل":3,"عام اخر سيل تحديدا":2024,"عام الإنشاء":2016,"قيمة العقد (ألف جنيه)":2567,"مواد الإنهشاء":7,"موقف التنفيذ":1,"نوع العمل الصناعي":3,"ObjectID":81}},{"type":"Feature","id":82,"geometry":{"type":"Point","coordinates":[32.527295,26.225437]},"properties":{"Name":"بحيرة صناعية","X":32.8186023031309,"Y":25.7902119493729,"Z":0,"Cood":7070,"Field_1":"بحيرة صناعية","Total_Value":4980,"x2":32.818602,"y2":25.790212,"إدارة التوسع الأفقي":7,"اسم العملية":"عملية حماية قرية العقب الجديدة من أخطار السيول – محافظة قنا","اسم المقاول":"الجمعية التعاونية للإنشاء   والتعمير بابو تيج","اسم المنشأ":"بحيرة صناعية","الإدارة المركزية للتوسع":2,"التصرف التصميمي":"48.07","التعديات":"جيد","الحالة الهيدروليكية":"لا يوجد إطماءات","الزمن التكراري":100,"السعة التخزينية (ألف م3)":750,"الطول (م)":100,"العرض":150,"العمق":2,"المحافظ":7,"الهدف من الإنشاء":"حماية قرية العقب الجديدة","الوادي":"وادي العقب","الوظيفة":3,"طبيعة العمل":1,"عام اخر سيل تحديدا":2021,"عام الإنشاء":2019,"قيمة العقد (ألف جنيه)":3144,"مواد الإنهشاء":1,"موقف التنفيذ":1,"نوع العمل الصناعي":3,"ObjectID":10}},{"type":"Feature","id":83,"geometry":{"type":"Point","coordinates":[31.226727,29.006727]},"properties":{"Name":"بحيرة صناعية","X":32.8186023031309,"Y":25.7902119493729,"Z":0,"Cood":7070,"Field_1":"بحيرة صناعية","Total_Value":4980,"x2":32.818602,"y2":25.790212,"إدارة التوسع الأفقي":7,"اسم العملية":"عملية حماية قرية العقب الجديدة من أخطار السيول – محافظة قنا","اسم المقاول":"الجمعية التعاونية للإنشاء   والتعمير بابو تيج","اسم المنشأ":"بحيرة صناعية","الإدارة المركزية للتوسع":2,"التصرف التصميمي":"48.07","التعديات":"جيد","الحالة الهيدروليكية":"لا يوجد إطماءات","الزمن التكراري":100,"السعة التخزينية (ألف م3)":750,"الطول (م)":100,"العرض":150,"العمق":2,"المحافظ":7,"الهدف من الإنشاء":"حماية قرية العقب الجديدة","الوادي":"وادي العقب","الوظيفة":3,"طبيعة العمل":1,"عام اخر سيل تحديدا":2021,"عام الإنشاء":2019,"قيمة العقد (ألف جنيه)":3144,"مواد الإنهشاء":1,"موقف التنفيذ":1,"نوع العمل الصناعي":3,"ObjectID":10}},{"type":"Feature","id":84,"geometry":{"type":"Point","coordinates":[31.012801,28.852271]},"properties":{"Name":"بحيرة صناعية","X":32.8186023031309,"Y":25.7902119493729,"Z":0,"Cood":7070,"Field_1":"بحيرة صناعية","Total_Value":4980,"x2":32.818602,"y2":25.790212,"إدارة التوسع الأفقي":7,"اسم العملية":"عملية حماية قرية العقب الجديدة من أخطار السيول – محافظة قنا","اسم المقاول":"الجمعية التعاونية للإنشاء   والتعمير بابو تيج","اسم المنشأ":"بحيرة صناعية","الإدارة المركزية للتوسع":2,"التصرف التصميمي":"48.07","التعديات":"جيد","الحالة الهيدروليكية":"لا يوجد إطماءات","الزمن التكراري":100,"السعة التخزينية (ألف م3)":750,"الطول (م)":100,"العرض":150,"العمق":2,"المحافظ":7,"الهدف من الإنشاء":"حماية قرية العقب الجديدة","الوادي":"وادي العقب","الوظيفة":3,"طبيعة العمل":1,"عام اخر سيل تحديدا":2021,"عام الإنشاء":2019,"قيمة العقد (ألف جنيه)":3144,"مواد الإنهشاء":1,"موقف التنفيذ":1,"نوع العمل الصناعي":3,"ObjectID":10}},{"type":"Feature","id":85,"geometry":{"type":"Point","coordinates":[30.961579,28.870549]},"properties":{"Name":"بحيرة صناعية","X":32.8186023031309,"Y":25.7902119493729,"Z":0,"Cood":7070,"Field_1":"بحيرة صناعية","Total_Value":4980,"x2":32.818602,"y2":25.790212,"إدارة التوسع الأفقي":7,"اسم العملية":"عملية حماية قرية العقب الجديدة من أخطار السيول – محافظة قنا","اسم المقاول":"الجمعية التعاونية للإنشاء   والتعمير بابو تيج","اسم المنشأ":"بحيرة صناعية","الإدارة المركزية للتوسع":2,"التصرف التصميمي":"48.07","التعديات":"جيد","الحالة الهيدروليكية":"لا يوجد إطماءات","الزمن التكراري":100,"السعة التخزينية (ألف م3)":750,"الطول (م)":100,"العرض":150,"العمق":2,"المحافظ":7,"الهدف من الإنشاء":"حماية قرية العقب الجديدة","الوادي":"وادي العقب","الوظيفة":3,"طبيعة العمل":1,"عام اخر سيل تحديدا":2021,"عام الإنشاء":2019,"قيمة العقد (ألف جنيه)":3144,"مواد الإنهشاء":1,"موقف التنفيذ":1,"نوع العمل الصناعي":3,"ObjectID":10}},{"type":"Feature","id":86,"geometry":{"type":"Point","coordinates":[30.848497,28.405911]},"properties":{"Name":"بحيرة صناعية","X":32.8186023031309,"Y":25.7902119493729,"Z":0,"Cood":7070,"Field_1":"بحيرة صناعية","Total_Value":4980,"x2":32.818602,"y2":25.790212,"إدارة التوسع الأفقي":7,"اسم العملية":"عملية حماية قرية العقب الجديدة من أخطار السيول – محافظة قنا","اسم المقاول":"الجمعية التعاونية للإنشاء   والتعمير بابو تيج","اسم المنشأ":"بحيرة صناعية","الإدارة المركزية للتوسع":2,"التصرف التصميمي":"48.07","التعديات":"جيد","الحالة الهيدروليكية":"لا يوجد إطماءات","الزمن التكراري":100,"السعة التخزينية (ألف م3)":750,"الطول (م)":100,"العرض":150,"العمق":2,"المحافظ":7,"الهدف من الإنشاء":"حماية قرية العقب الجديدة","الوادي":"وادي العقب","الوظيفة":3,"طبيعة العمل":1,"عام اخر سيل تحديدا":2021,"عام الإنشاء":2019,"قيمة العقد (ألف جنيه)":3144,"مواد الإنهشاء":1,"موقف التنفيذ":1,"نوع العمل الصناعي":3,"ObjectID":10}},{"type":"Feature","id":87,"geometry":{"type":"Point","coordinates":[30.861489,28.400554]},"properties":{"Name":"بحيرة صناعية","X":32.8186023031309,"Y":25.7902119493729,"Z":0,"Cood":7070,"Field_1":"بحيرة صناعية","Total_Value":4980,"x2":32.818602,"y2":25.790212,"إدارة التوسع الأفقي":7,"اسم العملية":"عملية حماية قرية العقب الجديدة من أخطار السيول – محافظة قنا","اسم المقاول":"الجمعية التعاونية للإنشاء   والتعمير بابو تيج","اسم المنشأ":"بحيرة صناعية","الإدارة المركزية للتوسع":2,"التصرف التصميمي":"48.07","التعديات":"جيد","الحالة الهيدروليكية":"لا يوجد إطماءات","الزمن التكراري":100,"السعة التخزينية (ألف م3)":750,"الطول (م)":100,"العرض":150,"العمق":2,"المحافظ":7,"الهدف من الإنشاء":"حماية قرية العقب الجديدة","الوادي":"وادي العقب","الوظيفة":3,"طبيعة العمل":1,"عام اخر سيل تحديدا":2021,"عام الإنشاء":2019,"قيمة العقد (ألف جنيه)":3144,"مواد الإنهشاء":1,"موقف التنفيذ":1,"نوع العمل الصناعي":3,"ObjectID":10}},{"type":"Feature","id":88,"geometry":{"type":"Point","coordinates":[30.870963,28.392801]},"properties":{"Name":"بحيرة صناعية","X":32.8186023031309,"Y":25.7902119493729,"Z":0,"Cood":7070,"Field_1":"بحيرة صناعية","Total_Value":4980,"x2":32.818602,"y2":25.790212,"إدارة التوسع الأفقي":7,"اسم العملية":"عملية حماية قرية العقب الجديدة من أخطار السيول – محافظة قنا","اسم المقاول":"الجمعية التعاونية للإنشاء   والتعمير بابو تيج","اسم المنشأ":"بحيرة صناعية","الإدارة المركزية للتوسع":2,"التصرف التصميمي":"48.07","التعديات":"جيد","الحالة الهيدروليكية":"لا يوجد إطماءات","الزمن التكراري":100,"السعة التخزينية (ألف م3)":750,"الطول (م)":100,"العرض":150,"العمق":2,"المحافظ":7,"الهدف من الإنشاء":"حماية قرية العقب الجديدة","الوادي":"وادي العقب","الوظيفة":3,"طبيعة العمل":1,"عام اخر سيل تحديدا":2021,"عام الإنشاء":2019,"قيمة العقد (ألف جنيه)":3144,"مواد الإنهشاء":1,"موقف التنفيذ":1,"نوع العمل الصناعي":3,"ObjectID":10}},{"type":"Feature","id":89,"geometry":{"type":"Point","coordinates":[31.249868,29.224034]},"properties":{"Name":"بحيرة صناعية","X":32.8186023031309,"Y":25.7902119493729,"Z":0,"Cood":7070,"Field_1":"بحيرة صناعية","Total_Value":4980,"x2":32.818602,"y2":25.790212,"إدارة التوسع الأفقي":7,"اسم العملية":"عملية حماية قرية العقب الجديدة من أخطار السيول – محافظة قنا","اسم المقاول":"الجمعية التعاونية للإنشاء   والتعمير بابو تيج","اسم المنشأ":"بحيرة صناعية","الإدارة المركزية للتوسع":2,"التصرف التصميمي":"48.07","التعديات":"جيد","الحالة الهيدروليكية":"لا يوجد إطماءات","الزمن التكراري":100,"السعة التخزينية (ألف م3)":750,"الطول (م)":100,"العرض":150,"العمق":2,"المحافظ":7,"الهدف من الإنشاء":"حماية قرية العقب الجديدة","الوادي":"وادي العقب","الوظيفة":3,"طبيعة العمل":1,"عام اخر سيل تحديدا":2021,"عام الإنشاء":2019,"قيمة العقد (ألف جنيه)":3144,"مواد الإنهشاء":1,"موقف التنفيذ":1,"نوع العمل الصناعي":3,"ObjectID":10}},{"type":"Feature","id":90,"geometry":{"type":"Point","coordinates":[31.274803,29.242338]},"properties":{"Name":"بحيرة صناعية","X":32.8186023031309,"Y":25.7902119493729,"Z":0,"Cood":7070,"Field_1":"بحيرة صناعية","Total_Value":4980,"x2":32.818602,"y2":25.790212,"إدارة التوسع الأفقي":7,"اسم العملية":"عملية حماية قرية العقب الجديدة من أخطار السيول – محافظة قنا","اسم المقاول":"الجمعية التعاونية للإنشاء   والتعمير بابو تيج","اسم المنشأ":"بحيرة صناعية","الإدارة المركزية للتوسع":2,"التصرف التصميمي":"48.07","التعديات":"جيد","الحالة الهيدروليكية":"لا يوجد إطماءات","الزمن التكراري":100,"السعة التخزينية (ألف م3)":750,"الطول (م)":100,"العرض":150,"العمق":2,"المحافظ":7,"الهدف من الإنشاء":"حماية قرية العقب الجديدة","الوادي":"وادي العقب","الوظيفة":3,"طبيعة العمل":1,"عام اخر سيل تحديدا":2021,"عام الإنشاء":2019,"قيمة العقد (ألف جنيه)":3144,"مواد الإنهشاء":1,"موقف التنفيذ":1,"نوع العمل الصناعي":3,"ObjectID":10}},{"type":"Feature","id":91,"geometry":{"type":"Point","coordinates":[32.632787,25.767038]},"properties":{"Name":"بحيرة صناعية","X":32.8186023031309,"Y":25.7902119493729,"Z":0,"Cood":7070,"Field_1":"بحيرة صناعية","Total_Value":4980,"x2":32.818602,"y2":25.790212,"إدارة التوسع الأفقي":7,"اسم العملية":"عملية حماية قرية العقب الجديدة من أخطار السيول – محافظة قنا","اسم المقاول":"الجمعية التعاونية للإنشاء   والتعمير بابو تيج","اسم المنشأ":"بحيرة صناعية","الإدارة المركزية للتوسع":2,"التصرف التصميمي":"48.07","التعديات":"جيد","الحالة الهيدروليكية":"لا يوجد إطماءات","الزمن التكراري":100,"السعة التخزينية (ألف م3)":750,"الطول (م)":100,"العرض":150,"العمق":2,"المحافظ":7,"الهدف من الإنشاء":"حماية قرية العقب الجديدة","الوادي":"وادي العقب","الوظيفة":3,"طبيعة العمل":1,"عام اخر سيل تحديدا":2021,"عام الإنشاء":2019,"قيمة العقد (ألف جنيه)":3144,"مواد الإنهشاء":1,"موقف التنفيذ":1,"نوع العمل الصناعي":3,"ObjectID":10}},{"type":"Feature","id":92,"geometry":{"type":"Point","coordinates":[30.835878,29.116158]},"properties":{"Name":"بحيرة صناعية","X":32.8186023031309,"Y":25.7902119493729,"Z":0,"Cood":7070,"Field_1":"بحيرة صناعية","Total_Value":4980,"x2":32.818602,"y2":25.790212,"إدارة التوسع الأفقي":7,"اسم العملية":"عملية حماية قرية العقب الجديدة من أخطار السيول – محافظة قنا","اسم المقاول":"الجمعية التعاونية للإنشاء   والتعمير بابو تيج","اسم المنشأ":"بحيرة صناعية","الإدارة المركزية للتوسع":2,"التصرف التصميمي":"48.07","التعديات":"جيد","الحالة الهيدروليكية":"لا يوجد إطماءات","الزمن التكراري":100,"السعة التخزينية (ألف م3)":750,"الطول (م)":100,"العرض":150,"العمق":2,"المحافظ":7,"الهدف من الإنشاء":"حماية قرية العقب الجديدة","الوادي":"وادي العقب","الوظيفة":3,"طبيعة العمل":1,"عام اخر سيل تحديدا":2021,"عام الإنشاء":2019,"قيمة العقد (ألف جنيه)":3144,"مواد الإنهشاء":1,"موقف التنفيذ":1,"نوع العمل الصناعي":3,"ObjectID":10}},{"type":"Feature","id":93,"geometry":{"type":"Point","coordinates":[30.895953,29.244286]},"properties":{"Name":"بحيرة صناعية","X":32.8186023031309,"Y":25.7902119493729,"Z":0,"Cood":7070,"Field_1":"بحيرة صناعية","Total_Value":4980,"x2":32.818602,"y2":25.790212,"إدارة التوسع الأفقي":7,"اسم العملية":"عملية حماية قرية العقب الجديدة من أخطار السيول – محافظة قنا","اسم المقاول":"الجمعية التعاونية للإنشاء   والتعمير بابو تيج","اسم المنشأ":"بحيرة صناعية","الإدارة المركزية للتوسع":2,"التصرف التصميمي":"48.07","التعديات":"جيد","الحالة الهيدروليكية":"لا يوجد إطماءات","الزمن التكراري":100,"السعة التخزينية (ألف م3)":750,"الطول (م)":100,"العرض":150,"العمق":2,"المحافظ":7,"الهدف من الإنشاء":"حماية قرية العقب الجديدة","الوادي":"وادي العقب","الوظيفة":3,"طبيعة العمل":1,"عام اخر سيل تحديدا":2021,"عام الإنشاء":2019,"قيمة العقد (ألف جنيه)":3144,"مواد الإنهشاء":1,"موقف التنفيذ":1,"نوع العمل الصناعي":3,"ObjectID":10}},{"type":"Feature","id":94,"geometry":{"type":"Point","coordinates":[31.382369,29.626764]},"properties":{"Name":"بحيرة صناعية ب4","X":33.2582344418123,"Y":25.2134840657953,"Z":0,"Cood":7001,"Field_1":"بحيرة صناعية ب4","Total_Value":166.5,"x2":33.258234,"y2":25.213484,"إدارة التوسع الأفقي":7,"اسم العملية":"عملية إنشاء بحيرة ب4 وادى الشغب 1 للحماية من السيول بوادى عبادى بمحافظة أسوان","اسم المقاول":"شركة عبد اللاه حسان محمد وشركاه","اسم المنشأ":"بحيرة صناعية ب4","الإدارة المركزية للتوسع":2,"التعديات":"جيد","الحالة الهيدروليكية":"لا يوجد إطماءات","الزمن التكراري":50,"السعة التخزينية (ألف م3)":3000,"الطول (م)":700,"العرض":300,"العمق":4,"المحافظ":8,"الهدف من الإنشاء":"حماية الطريق الرئيسي (إدفو- مرسي علم )( قرية النزل+قرية معروف+قرية المنشية+قرية الرضوانية+ قرية الك*","الوادي":"وادي الشغب","الوظيفة":3,"طبيعة العمل":3,"عام اخر سيل تحديدا":2021,"عام الإنشاء":2018,"قيمة العقد (ألف جنيه)":150.5,"مواد الإنهشاء":1,"موقف التنفيذ":1,"نوع العمل الصناعي":3,"ObjectID":8}},{"type":"Feature","id":95,"geometry":{"type":"Point","coordinates":[31.360655,29.467866]},"properties":{"Name":"حاجز ترابي ح1","X":31.4300210252151,"Y":29.5224124149437,"Z":0,"Cood":5037,"Field_1":"حاجز ترابي ح1","Report_Dater":"15/08/2024","x2":31.424692,"y2":29.523625,"إدارة التوسع الأفقي":5,"اسم العملية":"إنشاء عدد (3) بحيرات وعدد (2) حاجز ترابي (مخر سيل الودى)   بمنطقة  الودى بمحافظة الجيزة","اسم المقاول":"المجموعة المصرية للانشاءات   ( م / احمد حسانين و ش*","اسم المنشأ":"حاجز ترابي ح1","الإدارة المركزية للتوسع":2,"التعديات":"جيد","الزمن التكراري":200,"السعة التخزينية (ألف م3)":580,"الطول (م)":830,"العرض":200,"العمق":6.5,"المحافظ":10,"الهدف من الإنشاء":"حماية منطقة الودى مركز   الصف من اخطار السيول","الوادي":"النوايا","الوظيفة":3,"تاريخ آخر صيانة":"المنشأ جديد و لم يتأثر بالسيول","تاريخ كتابة التقرير":"8/15/2024","طبيعة العمل":3,"عام الإنشاء":2024,"قيمة العقد (ألف جنيه)":23.665,"مواد الإنهشاء":1,"موقف التنفيذ":2,"نوع العمل الصناعي":3,"ObjectID":56}},{"type":"Feature","id":96,"geometry":{"type":"Point","coordinates":[31.032434,28.678759]},"properties":{"Name":"حاجز","X":30.7897734548424,"Y":28.2056890362789,"Z":0,"Cood":5026,"Field_1":"حاجز","Report_Dater":"20/08/2024","Total_Value":0,"x2":30.789773,"y2":28.205689,"إدارة التوسع الأفقي":5,"اسم العملية":"عملية تأهيل مخر سيل جبل الطير القبلى و مخر سيل جبل الطيرالبحرى و مخر سيل شارونة بمحافظة المنيا","اسم المقاول":"عماد الدين عبد   الحميد يوسف","اسم المنشأ":"حاجز","الإدارة المركزية للتوسع":2,"التعديات":"جيد","الزمن التكراري":200,"السعة التخزينية (ألف م3)":16,"الطول (م)":184.8,"العرض":44.3,"العمق":2,"المحافظ":3,"الميل الجانبي":"1:3","الهدف من الإنشاء":"حماية منطقة الطير القبلى من اخطار السيول","الوادي":"الطير القبلى","الوظيفة":3,"تاريخ آخر صيانة":"المنشأ جديد و لم يتأثر بالسيول","تاريخ كتابة التقرير":"8/20/2024","طبيعة العمل":3,"عام الإنشاء":2024,"قيمة العقد (ألف جنيه)":1598.14,"مواد الإنهشاء":1,"موقف التنفيذ":2,"نوع العمل الصناعي":3,"ObjectID":43}},{"type":"Feature","id":97,"geometry":{"type":"Point","coordinates":[31.079983,28.967548]},"properties":{"Name":"بحيرة صناعية ب1","X":32.2077227816767,"Y":25.8264166824304,"Z":0,"Cood":7076,"Field_1":"بحيرة صناعية ب1","Total_Value":1703.78,"x2":32.207723,"y2":25.826417,"إدارة التوسع الأفقي":7,"اسم العملية":"عملية إنشاء عدد (2)بحيرة صناعية +حاجز ترابى ب 1&amp;ب2 لحماية نجع البطحة بمحافظة قنا من أخطار السيول","اسم المقاول":"جهاز المخابرات العامة","اسم المنشأ":"بحيرة صناعية ب1","الإدارة المركزية للتوسع":2,"التعديات":"جيدة","الحالة الهيدروليكية":"لا يوجد إطماءات","الزمن التكراري":100,"السعة التخزينية (ألف م3)":800,"الطول (م)":1500,"العرض":510,"العمق":1,"المحافظ":7,"الهدف من الإنشاء":"حماية مدينة البطحة","الوادي":"وادي درب الرزيقات","الوظيفة":3,"حالة الدبش بالأمام":"جيدة","طبيعة العمل":1,"عام اخر سيل تحديدا":2021,"عام الإنشاء":2021,"قيمة العقد (ألف جنيه)":1846,"مواد الإنهشاء":1,"موقف التنفيذ":1,"نوع العمل الصناعي":3,"ObjectID":18}},{"type":"Feature","id":98,"geometry":{"type":"Point","coordinates":[31.072709,28.971724]},"properties":{"Name":"حاجز","X":30.7897734548424,"Y":28.2056890362789,"Z":0,"Cood":5026,"Field_1":"حاجز","Report_Dater":"20/08/2024","Total_Value":0,"x2":30.789773,"y2":28.205689,"إدارة التوسع الأفقي":5,"اسم العملية":"عملية تأهيل مخر سيل جبل الطير القبلى و مخر سيل جبل الطيرالبحرى و مخر سيل شارونة بمحافظة المنيا","اسم المقاول":"عماد الدين عبد   الحميد يوسف","اسم المنشأ":"حاجز","الإدارة المركزية للتوسع":2,"التعديات":"جيد","الزمن التكراري":200,"السعة التخزينية (ألف م3)":16,"الطول (م)":184.8,"العرض":44.3,"العمق":2,"المحافظ":3,"الميل الجانبي":"1:3","الهدف من الإنشاء":"حماية منطقة الطير القبلى من اخطار السيول","الوادي":"الطير القبلى","الوظيفة":3,"تاريخ آخر صيانة":"المنشأ جديد و لم يتأثر بالسيول","تاريخ كتابة التقرير":"8/20/2024","طبيعة العمل":3,"عام الإنشاء":2024,"قيمة العقد (ألف جنيه)":1598.14,"مواد الإنهشاء":1,"موقف التنفيذ":2,"نوع العمل الصناعي":3,"ObjectID":43}},{"type":"Feature","id":99,"geometry":{"type":"Point","coordinates":[31.394117,29.823643]},"properties":{"Name":"بحيرة صناعية ب3","X":33.4033160717936,"Y":25.0121684892396,"Z":0,"Cood":7013,"Field_1":"بحيرة صناعية ب3","Total_Value":2315.4,"x2":33.403316,"y2":25.012168,"إدارة التوسع الأفقي":7,"اسم العملية":"عملية انشاء بحيرة ب3 + حاجز ترابى w6  بوادى المياه - منطقة وادى عبادى (عبادى 2د)  محافظة اسوان","اسم المقاول":"شركة أبناء بدوي للمقاولات","اسم المنشأ":"بحيرة صناعية ب3","الإدارة المركزية للتوسع":2,"التعديات":"جيد","الحالة الهيدروليكية":"لا يوجد إطماءات","الزمن التكراري":50,"السعة التخزينية (ألف م3)":4000,"الطول (م)":500,"العرض":300,"العمق":5,"المحافظ":8,"الهدف من الإنشاء":"الطريق الرئيسي (إدفو- مرسي علم )( قرية النزل+قرية معروف+قرية المنشية+قرية الرضوانية+ قرية الكمب +قر*","الوادي":"وادي المياه","الوظيفة":3,"طبيعة العمل":3,"عام اخر سيل تحديدا":2021,"عام الإنشاء":2019,"قيمة العقد (ألف جنيه)":2175.35,"مواد الإنهشاء":1,"نوع العمل الصناعي":3,"ObjectID":27}},{"type":"Feature","id":100,"geometry":{"type":"Point","coordinates":[31.79788,26.622842]},"properties":{"Name":"قناة صناعية فرعية A2","X":31.7978797544095,"Y":26.6228418393439,"Z":0,"Cood":6129,"Field_1":"قناة صناعية فرعية A2","Remarkes_1":"لم يتم معرفة الجهه المنفذه","x2":31.79788,"y2":26.622842,"إدارة التوسع الأفقي":6,"اسم المنشأ":"قناة صناعية فرعية A2","الإدارة المركزية للتوسع":2,"الزمن التكراري":100,"الطول (م)":800,"المحافظ":5,"الميل الجانبي":"2: 1","الهدف من الإنشاء":"حماية منطقة الكوثر والسلاموني","الوادي":"مخر سيل الكوثر","عرض القاع":"3","موقف التنفيذ":1,"نوع العمل الصناعي":9,"ObjectID":100}},{"type":"Feature","id":101,"geometry":{"type":"Point","coordinates":[31.772383,26.606745]},"properties":{"Name":"قناة صناعية","X":31.7723829955827,"Y":26.6067449129522,"Z":0,"Cood":6130,"Field_1":"قناة صناعية","Remarkes_1":"لم يتم معرفة الجهه المنفذه","x2":31.772171,"y2":26.606866,"إدارة التوسع الأفقي":6,"اسم المنشأ":"قناة صناعية","الإدارة المركزية للتوسع":2,"الزمن التكراري":100,"الطول (م)":1500,"المحافظ":5,"الميل الجانبي":"3: 2","الهدف من الإنشاء":"حماية منطقة الكوثر والسلاموني","الوادي":"مخر سيل السلاموني","موقف التنفيذ":1,"نوع العمل الصناعي":9,"ObjectID":101}},{"type":"Feature","id":102,"geometry":{"type":"Point","coordinates":[31.801443,26.618862]},"properties":{"Name":"قناة صناعية  فرعية A1","X":31.8014425203653,"Y":26.6188624200519,"Z":0,"Cood":6132,"Field_1":"قناة صناعية  فرعية A1","Remarkes_1":"لم يتم معرفة الجهه المنفذه","x2":31.801443,"y2":26.618862,"إدارة التوسع الأفقي":6,"اسم المنشأ":"قناة صناعية  فرعية A1","الإدارة المركزية للتوسع":2,"الزمن التكراري":100,"الطول (م)":650,"المحافظ":5,"الميل الجانبي":"2: 1","الهدف من الإنشاء":"حماية منطقة الكوثر والسلاموني","الوادي":"وادي نقب ايوب","الوظيفة":5,"عرض القاع":"4","موقف التنفيذ":1,"نوع العمل الصناعي":9,"ObjectID":102}},{"type":"Feature","id":103,"geometry":{"type":"Point","coordinates":[30.915133,28.743297]},"properties":{"Name":"قناة صناعية","X":31.7723829955827,"Y":26.6067449129522,"Z":0,"Cood":6130,"Field_1":"قناة صناعية","Remarkes_1":"لم يتم معرفة الجهه المنفذه","x2":31.772171,"y2":26.606866,"إدارة التوسع الأفقي":6,"اسم المنشأ":"قناة صناعية","الإدارة المركزية للتوسع":2,"الزمن التكراري":100,"الطول (م)":1500,"المحافظ":5,"الميل الجانبي":"3: 2","الهدف من الإنشاء":"حماية منطقة الكوثر والسلاموني","الوادي":"مخر سيل السلاموني","موقف التنفيذ":1,"نوع العمل الصناعي":9,"ObjectID":101}},{"type":"Feature","id":104,"geometry":{"type":"Point","coordinates":[30.916089,29.257836]},"properties":{"Name":"قناة صناعية","X":31.7723829955827,"Y":26.6067449129522,"Z":0,"Cood":6130,"Field_1":"قناة صناعية","Remarkes_1":"لم يتم معرفة الجهه المنفذه","x2":31.772171,"y2":26.606866,"إدارة التوسع الأفقي":6,"اسم المنشأ":"قناة صناعية","الإدارة المركزية للتوسع":2,"الزمن التكراري":100,"الطول (م)":1500,"المحافظ":5,"الميل الجانبي":"3: 2","الهدف من الإنشاء":"حماية منطقة الكوثر والسلاموني","الوادي":"مخر سيل السلاموني","موقف التنفيذ":1,"نوع العمل الصناعي":9,"ObjectID":101}},{"type":"Feature","id":105,"geometry":{"type":"Point","coordinates":[30.828108,29.117483]},"properties":{"Name":"قناة صناعية","X":31.7723829955827,"Y":26.6067449129522,"Z":0,"Cood":6130,"Field_1":"قناة صناعية","Remarkes_1":"لم يتم معرفة الجهه المنفذه","x2":31.772171,"y2":26.606866,"إدارة التوسع الأفقي":6,"اسم المنشأ":"قناة صناعية","الإدارة المركزية للتوسع":2,"الزمن التكراري":100,"الطول (م)":1500,"المحافظ":5,"الميل الجانبي":"3: 2","الهدف من الإنشاء":"حماية منطقة الكوثر والسلاموني","الوادي":"مخر سيل السلاموني","موقف التنفيذ":1,"نوع العمل الصناعي":9,"ObjectID":101}},{"type":"Feature","id":106,"geometry":{"type":"Point","coordinates":[30.897411,29.246139]},"properties":{"Name":"قناة صناعية","X":31.7723829955827,"Y":26.6067449129522,"Z":0,"Cood":6130,"Field_1":"قناة صناعية","Remarkes_1":"لم يتم معرفة الجهه المنفذه","x2":31.772171,"y2":26.606866,"إدارة التوسع الأفقي":6,"اسم المنشأ":"قناة صناعية","الإدارة المركزية للتوسع":2,"الزمن التكراري":100,"الطول (م)":1500,"المحافظ":5,"الميل الجانبي":"3: 2","الهدف من الإنشاء":"حماية منطقة الكوثر والسلاموني","الوادي":"مخر سيل السلاموني","موقف التنفيذ":1,"نوع العمل الصناعي":9,"ObjectID":101}},{"type":"Feature","id":107,"geometry":{"type":"Point","coordinates":[30.768865,28.232404]},"properties":{"Name":"بحيرة صناعية","X":32.8186023031309,"Y":25.7902119493729,"Z":0,"Cood":7070,"Field_1":"بحيرة صناعية","Total_Value":4980,"x2":32.818602,"y2":25.790212,"إدارة التوسع الأفقي":7,"اسم العملية":"عملية حماية قرية العقب الجديدة من أخطار السيول – محافظة قنا","اسم المقاول":"الجمعية التعاونية للإنشاء   والتعمير بابو تيج","اسم المنشأ":"بحيرة صناعية","الإدارة المركزية للتوسع":2,"التصرف التصميمي":"48.07","التعديات":"جيد","الحالة الهيدروليكية":"لا يوجد إطماءات","الزمن التكراري":100,"السعة التخزينية (ألف م3)":750,"الطول (م)":100,"العرض":150,"العمق":2,"المحافظ":7,"الهدف من الإنشاء":"حماية قرية العقب الجديدة","الوادي":"وادي العقب","الوظيفة":3,"طبيعة العمل":1,"عام اخر سيل تحديدا":2021,"عام الإنشاء":2019,"قيمة العقد (ألف جنيه)":3144,"مواد الإنهشاء":1,"موقف التنفيذ":1,"نوع العمل الصناعي":3,"ObjectID":10}},{"type":"Feature","id":108,"geometry":{"type":"Point","coordinates":[31.282474,29.395013]},"properties":{"Name":"مخر سيل","X":31.2824743148979,"Y":29.3950125828327,"Z":0,"Cood":5008,"Field_1":"مخر سيل","Report_Dater":"01/08/2024","Total_Value":2444.3,"x2":31.282474,"y2":29.395013,"إدارة التوسع الأفقي":5,"اسم العملية":"عملية إعادة تأهيل مخر سيل اطفيح بمحافظة الجيزة","اسم المقاول":"محروص محمود محمد","اسم المنشأ":"مخر سيل","الإدارة المركزية للتوسع":2,"الزمن التكراري":200,"الطول (م)":9.5,"المحافظ":10,"الميل الجانبي":"1:3","الهدف من الإنشاء":"حماية منطقة اطفيح مركز اطفيح من اخطار السيول","الوادي":"وادى اطفيح","الوظيفة":2,"تاريخ آخر صيانة":"2023","تاريخ كتابة التقرير":"8/1/2024","طبيعة العمل":3,"عام اخر سيل تحديدا":2020,"عام الإنشاء":2020,"قيمة العقد (ألف جنيه)":2540,"موقف التنفيذ":1,"نوع العمل الصناعي":11,"ObjectID":108}},{"type":"Feature","id":109,"geometry":{"type":"Point","coordinates":[31.332032,29.524996]},"properties":{"Name":"حاجز توجيه","X":31.3320324755977,"Y":29.5249964409579,"Z":0,"Cood":5043,"Field_1":"حاجز توجيه","Report_Dater":"15/08/2024","Total_Value":0,"x2":31.332032,"y2":29.524996,"إدارة التوسع الأفقي":5,"اسم العملية":"عملية إعادة تأهيل مخر سيل الودي بمحافظة الجيزة","اسم المقاول":"جهاز مشروعات الخدمة الوطنية","اسم المنشأ":"حاجز توجيه","الإدارة المركزية للتوسع":2,"الزمن التكراري":200,"الطول (م)":6.9,"المحافظ":10,"الميل الجانبي":"1:4","الهدف من الإنشاء":"حماية منطقة الودى مركز   الصف من اخطار السيول","الوادي":"النوايا","الوظيفة":2,"تاريخ آخر صيانة":"2024","تاريخ كتابة التقرير":"8/15/2024","طبيعة العمل":3,"عام اخر سيل تحديدا":2020,"عام الإنشاء":2020,"قيمة العقد (ألف جنيه)":15700,"موقف التنفيذ":2,"نوع العمل الصناعي":11,"ObjectID":109}},{"type":"Feature","id":110,"geometry":{"type":"Point","coordinates":[31.234313,29.251832]},"properties":{"Name":"بحيرة صناعية ب3","X":33.4033160717936,"Y":25.0121684892396,"Z":0,"Cood":7013,"Field_1":"بحيرة صناعية ب3","Total_Value":2315.4,"x2":33.403316,"y2":25.012168,"إدارة التوسع الأفقي":7,"اسم العملية":"عملية انشاء بحيرة ب3 + حاجز ترابى w6  بوادى المياه - منطقة وادى عبادى (عبادى 2د)  محافظة اسوان","اسم المقاول":"شركة أبناء بدوي للمقاولات","اسم المنشأ":"بحيرة صناعية ب3","الإدارة المركزية للتوسع":2,"التعديات":"جيد","الحالة الهيدروليكية":"لا يوجد إطماءات","الزمن التكراري":50,"السعة التخزينية (ألف م3)":4000,"الطول (م)":500,"العرض":300,"العمق":5,"المحافظ":8,"الهدف من الإنشاء":"الطريق الرئيسي (إدفو- مرسي علم )( قرية النزل+قرية معروف+قرية المنشية+قرية الرضوانية+ قرية الكمب +قر*","الوادي":"وادي المياه","الوظيفة":3,"طبيعة العمل":3,"عام اخر سيل تحديدا":2021,"عام الإنشاء":2019,"قيمة العقد (ألف جنيه)":2175.35,"مواد الإنهشاء":1,"نوع العمل الصناعي":3,"ObjectID":27}},{"type":"Feature","id":111,"geometry":{"type":"Point","coordinates":[31.055071,28.976125]},"properties":{"Name":"بحيرة صناعية ب2","X":32.2786341990635,"Y":25.8207632450052,"Z":0,"Cood":7078,"Field_1":"بحيرة صناعية ب2","Total_Value":62431.4578068948,"x2":32.278634,"y2":25.820763,"إدارة التوسع الأفقي":7,"اسم العملية":"عملية إنشاء عدد (2)بحيرة صناعية +حاجز ترابى ب 1&amp;ب2 لحماية نجع البطحة بمحافظة قنا من أخطار السيول","اسم المقاول":"جهاز المخابرات العامة","اسم المنشأ":"بحيرة صناعية ب2","الإدارة المركزية للتوسع":2,"التعديات":"جيدة","الحالة الهيدروليكية":"لا يوجد إطماءات","الزمن التكراري":100,"السعة التخزينية (ألف م3)":730,"الطول (م)":600,"العرض":340,"العمق":4,"المحافظ":7,"الهدف من الإنشاء":"حماية مدينة البطحة","الوادي":"وادي درب الرزيقات","الوظيفة":3,"حالة الدبش بالأمام":"جيدة","طبيعة العمل":1,"عام اخر سيل تحديدا":2021,"عام الإنشاء":2021,"قيمة العقد (ألف جنيه)":62441.27454,"مواد الإنهشاء":1,"موقف التنفيذ":1,"نوع العمل الصناعي":3,"ObjectID":1}},{"type":"Feature","id":112,"geometry":{"type":"Point","coordinates":[31.178389,27.132217]},"properties":{"Name":"مخر سيل بوادي درنكة القديمة","X":31.1783888891512,"Y":27.1322166667341,"Z":0,"Cood":6092,"Field_1":"مخر سيل بوادي درنكة القديمة","Total_Value":13406.43,"x2":31.178389,"y2":27.132217,"إدارة التوسع الأفقي":6,"اسم العملية":"عمليه انشاء مخر سيل درنكة القديمة","اسم المقاول":"عبد الحميد محمد سليمان","اسم المنشأ":"مخر سيل بوادي درنكة القديمة","الإدارة المركزية للتوسع":2,"الحالة الهيدروليكية":"جيدة","الزمن التكراري":50,"المحافظ":4,"الهدف من الإنشاء":"حماية منطقه درنكة القديمة","الوادي":"الاوديه المؤثره علي درنكه القديمه","الوظيفة":2,"تاريخ آخر سيل تحديدا":"5/1/2024","جسم البربخ":"جيدة","حالة المخرج":"جيدة","حالة المدخل":"جيدة","طبيعة العمل":3,"عام اخر سيل تحديدا":2024,"عام الإنشاء":1995,"قيمة العقد (ألف جنيه)":12625,"مواد الإنهشاء":2,"موقف التنفيذ":1,"نوع العمل الصناعي":11,"ObjectID":112}},{"type":"Feature","id":113,"geometry":{"type":"Point","coordinates":[31.1686,27.124342]},"properties":{"Name":"مخر سيل بوادي درنكة الجديدة","X":31.1686000004547,"Y":27.1243416669414,"Z":0,"Cood":6093,"Field_1":"مخر سيل بوادي درنكة الجديدة","Total_Value":7218.84,"x2":31.1686,"y2":27.124342,"إدارة التوسع الأفقي":6,"اسم العملية":"عمليه انشاء مخر سيل درنكة الجديدة","اسم المقاول":"عبد الحميد محمد سليمان","اسم المنشأ":"مخر سيل بوادي درنكة الجديدة","الإدارة المركزية للتوسع":2,"الحالة الهيدروليكية":"جيدة","الزمن التكراري":50,"المحافظ":4,"الهدف من الإنشاء":"حمايه منطقه درنكة الجديدة","الوادي":"الاوديه المؤثره علي درنكه الجديدة","الوظيفة":2,"تاريخ آخر سيل تحديدا":"5/1/2024","جسم البربخ":"جيدة","حالة المخرج":"جيدة","حالة المدخل":"جيدة","طبيعة العمل":3,"عام اخر سيل تحديدا":2024,"عام الإنشاء":1995,"قيمة العقد (ألف جنيه)":6798,"مواد الإنهشاء":2,"موقف التنفيذ":1,"نوع العمل الصناعي":11,"ObjectID":113}},{"type":"Feature","id":114,"geometry":{"type":"Point","coordinates":[31.354298,29.559503]},"properties":{"Name":"مخر سيل المعصرة","X":31.3542983819287,"Y":29.5595025254108,"Z":0,"Cood":5091,"Field_1":"مخر سيل المعصرة","Total_Value":7200,"x2":31.358059,"y2":29.560858,"إدارة التوسع الأفقي":5,"اسم المقاول":"الشركة العامة لاستصلاح الاراضى","اسم المنشأ":"مخر سيل المعصرة","الإدارة المركزية للتوسع":2,"الحالة الهيدروليكية":"لا يوجد إطماءات","المحافظ":10,"الهدف من الإنشاء":"حماية مركز الصف من السيول (مرحلة اولى )","الوادي":"الصف","الوظيفة":2,"طبيعة العمل":3,"قيمة العقد (ألف جنيه)":7200,"ملاحظات2":"تم عمل دراسة ل 200 سنة تكرارية عن طريق معهد البحوث و جارى اجراءات طرح الاعمال","موقف التنفيذ":1,"نوع العمل الصناعي":11,"ObjectID":114}},{"type":"Feature","id":115,"geometry":{"type":"Point","coordinates":[31.382936,29.713426]},"properties":{"Name":"سد وادي متين","X":31.3829363791667,"Y":29.7134262018246,"Z":0,"Cood":5093,"Field_1":"سد وادي متين","Total_Value":3082,"x2":31.382936,"y2":29.713426,"إدارة التوسع الأفقي":5,"اسم المقاول":"شركة الخليل للمقاولات","اسم المنشأ":"سد وادي متين","الإدارة المركزية للتوسع":2,"الزمن التكراري":50,"المحافظ":10,"الهدف من الإنشاء":"مخر سيل غمازة الكبرى","الوادي":"غمازة","الوظيفة":2,"طبيعة العمل":3,"عام الإنشاء":1995,"قيمة العقد (ألف جنيه)":3082,"ملاحظات2":"تم اعادة الدراسة للمنشأ ل 200 سنة تكرارية و جارى اعادة انشاء السد","موقف التنفيذ":1,"نوع العمل الصناعي":11,"ObjectID":115}},{"type":"Feature","id":116,"geometry":{"type":"Point","coordinates":[31.34998,29.807437]},"properties":{"Name":"مخر سيل طما فيوم","X":31.3499804553355,"Y":29.807437396882,"Z":0,"Cood":5094,"Field_1":"مخر سيل طما فيوم","Total_Value":1047,"x2":31.34998,"y2":29.807437,"إدارة التوسع الأفقي":5,"اسم المقاول":"شركة وهبة للمقاولات","اسم المنشأ":"مخر سيل طما فيوم","الإدارة المركزية للتوسع":2,"الزمن التكراري":50,"المحافظ":9,"الهدف من الإنشاء":"مخر سيل كفر العلو","الوادي":"الجبو","الوظيفة":2,"طبيعة العمل":3,"عام الإنشاء":1997,"قيمة العقد (ألف جنيه)":1047,"ملاحظات2":"جارى التنسيق للمرور","موقف التنفيذ":1,"نوع العمل الصناعي":11,"ObjectID":116}},{"type":"Feature","id":117,"geometry":{"type":"Point","coordinates":[31.312116,29.883435]},"properties":{"Name":"مخر سيل ابو صالح","X":31.3121160491853,"Y":29.8834349208322,"Z":0,"Cood":5095,"Field_1":"مخر سيل ابو صالح","Total_Value":1097,"x2":31.312116,"y2":29.883435,"إدارة التوسع الأفقي":5,"اسم المقاول":"شركة وهبة للمقاولات","اسم المنشأ":"مخر سيل ابو صالح","الإدارة المركزية للتوسع":2,"الزمن التكراري":50,"المحافظ":10,"الهدف من الإنشاء":"مخر سيل المعصرة (مرحلة أولى)","الوادي":"حوف","الوظيفة":2,"طبيعة العمل":3,"عام الإنشاء":1997,"قيمة العقد (ألف جنيه)":1097,"ملاحظات2":"جارى التنسيق للمرور","موقف التنفيذ":1,"نوع العمل الصناعي":11,"ObjectID":117}},{"type":"Feature","id":118,"geometry":{"type":"Point","coordinates":[30.932209,29.183109]},"properties":{"Name":"مخر سيل وادي غراب","X":30.9322087964405,"Y":29.1831091709053,"Z":0,"Cood":5098,"Field_1":"مخر سيل وادي غراب","Total_Value":1897,"x2":30.932209,"y2":29.183109,"إدارة التوسع الأفقي":5,"اسم المقاول":"شركة الدعاء","اسم المنشأ":"مخر سيل وادي غراب","الإدارة المركزية للتوسع":2,"الزمن التكراري":50,"المحافظ":2,"الهدف من الإنشاء":"مخر سيل طما فيوم","الوظيفة":2,"طبيعة العمل":3,"عام الإنشاء":1998,"قيمة العقد (ألف جنيه)":1897,"ملاحظات2":"تم اعادة الدراسة للمنشأ ل 200 سنة تكرارية  و جارى العمل","موقف التنفيذ":1,"نوع العمل الصناعي":11,"ObjectID":118}},{"type":"Feature","id":119,"geometry":{"type":"Point","coordinates":[31.209529,29.181092]},"properties":{"Name":"سد وادي فقيرة","X":31.209529267934,"Y":29.1810918661124,"Z":0,"Cood":5099,"Field_1":"سد وادي فقيرة","Total_Value":2388,"x2":31.209529,"y2":29.181092,"إدارة التوسع الأفقي":5,"اسم المقاول":"شركة محروص و شركاه","اسم المنشأ":"سد وادي فقيرة","الإدارة المركزية للتوسع":2,"الزمن التكراري":50,"المحافظ":2,"الهدف من الإنشاء":"مخر سيل أبو صالح","الوادي":"ابو صالح","الوظيفة":2,"طبيعة العمل":3,"عام الإنشاء":1999,"قيمة العقد (ألف جنيه)":2388,"ملاحظات2":"تم اعادة الدراسة للمنشأ ل 200 سنة تكرارية  و جارى العمل","موقف التنفيذ":1,"نوع العمل الصناعي":11,"ObjectID":119}},{"type":"Feature","id":120,"geometry":{"type":"Point","coordinates":[30.845869,28.407637]},"properties":{"Name":"مخر سيل","X":31.2824743148979,"Y":29.3950125828327,"Z":0,"Cood":5008,"Field_1":"مخر سيل","Report_Dater":"01/08/2024","Total_Value":2444.3,"x2":31.282474,"y2":29.395013,"إدارة التوسع الأفقي":5,"اسم العملية":"عملية إعادة تأهيل مخر سيل اطفيح بمحافظة الجيزة","اسم المقاول":"محروص محمود محمد","اسم المنشأ":"مخر سيل","الإدارة المركزية للتوسع":2,"الزمن التكراري":200,"الطول (م)":9.5,"المحافظ":10,"الميل الجانبي":"1:3","الهدف من الإنشاء":"حماية منطقة اطفيح مركز اطفيح من اخطار السيول","الوادي":"وادى اطفيح","الوظيفة":2,"تاريخ آخر صيانة":"2023","تاريخ كتابة التقرير":"8/1/2024","طبيعة العمل":3,"عام اخر سيل تحديدا":2020,"عام الإنشاء":2020,"قيمة العقد (ألف جنيه)":2540,"موقف التنفيذ":1,"نوع العمل الصناعي":11,"ObjectID":108}},{"type":"Feature","id":121,"geometry":{"type":"Point","coordinates":[30.921028,29.256609]},"properties":{"Name":"مخر سيل صناعي","X":30.9210277126808,"Y":29.2566090110274,"Z":0,"Cood":5105,"Field_1":"مخر سيل صناعي","x2":30.921028,"y2":29.256609,"إدارة التوسع الأفقي":5,"اسم المقاول":"شركه الايمان للمقاولات","اسم المنشأ":"مخر سيل صناعي","الإدارة المركزية للتوسع":2,"الحالة الهيدروليكية":"لا يوجد إطماءات","الزمن التكراري":50,"المحافظ":1,"الهدف من الإنشاء":"مخر سيل عزبة محمود السيد","الوادي":"عزبة محمود السيد","الوظيفة":2,"طبيعة العمل":3,"عام الإنشاء":2000,"قيمة العقد (ألف جنيه)":13532,"موقف التنفيذ":1,"نوع العمل الصناعي":11,"ObjectID":121}},{"type":"Feature","id":122,"geometry":{"type":"Point","coordinates":[30.896154,29.244729]},"properties":{"Name":"مخر سيل صناعي","X":30.9210277126808,"Y":29.2566090110274,"Z":0,"Cood":5105,"Field_1":"مخر سيل صناعي","x2":30.921028,"y2":29.256609,"إدارة التوسع الأفقي":5,"اسم المقاول":"شركه الايمان للمقاولات","اسم المنشأ":"مخر سيل صناعي","الإدارة المركزية للتوسع":2,"الحالة الهيدروليكية":"لا يوجد إطماءات","الزمن التكراري":50,"المحافظ":1,"الهدف من الإنشاء":"مخر سيل عزبة محمود السيد","الوادي":"عزبة محمود السيد","الوظيفة":2,"طبيعة العمل":3,"عام الإنشاء":2000,"قيمة العقد (ألف جنيه)":13532,"موقف التنفيذ":1,"نوع العمل الصناعي":11,"ObjectID":121}},{"type":"Feature","id":123,"geometry":{"type":"Point","coordinates":[31.076338,29.005473]},"properties":{"Name":"مخر سيل عزبة مغيب","X":31.076337875697,"Y":29.0054732548388,"Z":0,"Cood":5102,"Field_1":"مخر سيل عزبة مغيب","Total_Value":859,"x2":31.076338,"y2":29.005473,"إدارة التوسع الأفقي":5,"اسم المقاول":"الجمعية التعاونية للتشييد و البناء","اسم المنشأ":"مخر سيل عزبة مغيب","الإدارة المركزية للتوسع":2,"الحالة الهيدروليكية":"لا يوجد إطماءات","الزمن التكراري":50,"المحافظ":2,"الهدف من الإنشاء":"مخر سيل وادي غراب","الوادي":"وادى فقيرة","الوظيفة":2,"طبيعة العمل":3,"عام الإنشاء":2015,"قيمة العقد (ألف جنيه)":859,"ملاحظات2":"جارى عمل دراسة ل 200 سنة تكرارية عن طريق معهد البحوث","موقف التنفيذ":1,"نوع العمل الصناعي":11,"ObjectID":123}},{"type":"Feature","id":124,"geometry":{"type":"Point","coordinates":[31.035965,28.932751]},"properties":{"Name":"مخر سيل عزبة محمود السيد","X":31.0359649700395,"Y":28.9327512250017,"Z":0,"Cood":5101,"Field_1":"مخر سيل عزبة محمود السيد","Total_Value":2348,"x2":31.035965,"y2":28.932751,"إدارة التوسع الأفقي":5,"اسم المقاول":"شركة نافع للمقاولات","اسم المنشأ":"مخر سيل عزبة محمود السيد","الإدارة المركزية للتوسع":2,"الحالة الهيدروليكية":"لا يوجد إطماءات","الزمن التكراري":50,"المحافظ":2,"الهدف من الإنشاء":"مخر سيل غياضة الشرقية","الوادي":"غياضة","الوظيفة":2,"طبيعة العمل":3,"عام الإنشاء":2015,"قيمة العقد (ألف جنيه)":2348,"ملاحظات2":"جارى عمل دراسة ل 200 سنة تكرارية عن طريق معهد البحوث","موقف التنفيذ":1,"نوع العمل الصناعي":11,"ObjectID":124}},{"type":"Feature","id":125,"geometry":{"type":"Point","coordinates":[31.140176,29.069965]},"properties":{"Name":"مخر سيل عزبة علي فراج","X":31.1401755675857,"Y":29.0699650360858,"Z":0,"Cood":5100,"Field_1":"مخر سيل عزبة علي فراج","Total_Value":966,"x2":31.140176,"y2":29.069965,"إدارة التوسع الأفقي":5,"اسم المقاول":"شركة الرى للاشغال العامة","اسم المنشأ":"مخر سيل عزبة علي فراج","الإدارة المركزية للتوسع":2,"الحالة الهيدروليكية":"يوجد إطماءات متوسطة","الزمن التكراري":50,"المحافظ":2,"الهدف من الإنشاء":"مخر سيل بياض العرب","الوادي":"بياض","الوظيفة":2,"حالة المخرج":"جيدة","حالة المدخل":"جيدة","طبيعة العمل":3,"عام الإنشاء":2002,"قيمة العقد (ألف جنيه)":966,"ملاحظات2":"جارى عمل دراسة ل 200 سنة تكرارية عن طريق معهد البحوث","موقف التنفيذ":1,"نوع العمل الصناعي":11,"ObjectID":125}},{"type":"Feature","id":126,"geometry":{"type":"Point","coordinates":[31.283972,29.492167]},"properties":{"Name":"مخر سيل","X":31.2824743148979,"Y":29.3950125828327,"Z":0,"Cood":5008,"Field_1":"مخر سيل","Report_Dater":"01/08/2024","Total_Value":2444.3,"x2":31.282474,"y2":29.395013,"إدارة التوسع الأفقي":5,"اسم العملية":"عملية إعادة تأهيل مخر سيل اطفيح بمحافظة الجيزة","اسم المقاول":"محروص محمود محمد","اسم المنشأ":"مخر سيل","الإدارة المركزية للتوسع":2,"الزمن التكراري":200,"الطول (م)":9.5,"المحافظ":10,"الميل الجانبي":"1:3","الهدف من الإنشاء":"حماية منطقة اطفيح مركز اطفيح من اخطار السيول","الوادي":"وادى اطفيح","الوظيفة":2,"تاريخ آخر صيانة":"2023","تاريخ كتابة التقرير":"8/1/2024","طبيعة العمل":3,"عام اخر سيل تحديدا":2020,"عام الإنشاء":2020,"قيمة العقد (ألف جنيه)":2540,"موقف التنفيذ":1,"نوع العمل الصناعي":11,"ObjectID":108}},{"type":"Feature","id":127,"geometry":{"type":"Point","coordinates":[31.076333,29.006191]},"properties":{"Name":"بحيرة*","X":31.0763330707762,"Y":29.0061907314143,"Z":0,"ObjectID":127}},{"type":"Feature","id":128,"geometry":{"type":"Point","coordinates":[31.082545,29.004363]},"properties":{"Name":"بحيرة*","X":31.0763330707762,"Y":29.0061907314143,"Z":0,"ObjectID":127}},{"type":"Feature","id":129,"geometry":{"type":"Point","coordinates":[31.356097,29.803395]},"properties":{"Name":"مخر سيل*","X":31.3560972837863,"Y":29.8033952602038,"Z":0,"ObjectID":129}},{"type":"Feature","id":130,"geometry":{"type":"Point","coordinates":[31.225549,27.345105]},"properties":{"Name":"بحيرة*","X":31.0763330707762,"Y":29.0061907314143,"Z":0,"ObjectID":127}},{"type":"Feature","id":131,"geometry":{"type":"Point","coordinates":[32.816421,25.793411]},"properties":{"Name":"بحيرة*","X":31.0763330707762,"Y":29.0061907314143,"Z":0,"ObjectID":127}},{"type":"Feature","id":132,"geometry":{"type":"Point","coordinates":[30.901821,27.812648]},"properties":{"Name":"بحيرة*","X":31.0763330707762,"Y":29.0061907314143,"Z":0,"ObjectID":127}}]}