{"type":"FeatureCollection","features":[{"type":"Feature","id":1,"geometry":{"type":"Polygon","coordinates":[[[32.278183,25.814803],[32.280868,25.815042],[32.280755,25.821257],[32.277085,25.821071],[32.278183,25.814803]]]},"properties":{"Name":"بحيرة صناعية ب2","Shape_Length":0.018949429038772846,"Shape_Area":1.995867352824398e-05}},{"type":"Feature","id":2,"geometry":{"type":"Polygon","coordinates":[[[33.270268,25.029819],[33.272207,25.029158],[33.272847,25.030278],[33.27096,25.030964],[33.270268,25.029819]]]},"properties":{"Name":"بحيرة صناعية ب 11","Shape_Length":0.006683815442866671,"Shape_Area":2.614650282975627e-06}},{"type":"Feature","id":3,"geometry":{"type":"Polygon","coordinates":[[[32.941976,25.981238],[32.945097,25.978172],[32.947143,25.979792],[32.944034,25.982942],[32.941976,25.981238]]]},"properties":{"Name":"بحيرة","Shape_Length":0.014082215536257148,"Shape_Area":1.155470456449189e-05}},{"type":"Feature","id":4,"geometry":{"type":"Polygon","coordinates":[[[32.882934,25.458796],[32.883732,25.460621],[32.881434,25.461606],[32.880747,25.459381],[32.882934,25.458796]]]},"properties":{"Name":"بحيرة صناعية ب1 بوادي المدامود","Shape_Length":0.009085192828548822,"Shape_Area":5.124611254212005e-06}},{"type":"Feature","id":5,"geometry":{"type":"Polygon","coordinates":[[[33.606522,25.008352],[33.607922,25.007807],[33.610566,25.012783],[33.609156,25.013499],[33.606522,25.008352]]]},"properties":{"Name":"بحيرة صناعية ب 8","Shape_Length":0.014500142714398766,"Shape_Area":8.774799421915288e-06}},{"type":"Feature","id":6,"geometry":{"type":"Polygon","coordinates":[[[33.114488,25.089333],[33.117472,25.087755],[33.119735,25.090584],[33.116768,25.092133],[33.114488,25.089333]]]},"properties":{"Name":"بحيرة صناعية ب6","Shape_Length":0.013956813288999741,"Shape_Area":1.1927235137998346e-05}},{"type":"Feature","id":7,"geometry":{"type":"Polygon","coordinates":[[[33.189434,25.164129],[33.194127,25.160937],[33.195491,25.163307],[33.19131,25.166341],[33.189434,25.164129]]]},"properties":{"Name":"بحيرة صناعية ب5","Shape_Length":0.0164758994746637,"Shape_Area":1.5206376958598498e-05}},{"type":"Feature","id":8,"geometry":{"type":"Polygon","coordinates":[[[33.254732,25.213557],[33.259744,25.209598],[33.261703,25.211485],[33.256582,25.215404],[33.254732,25.213557]]]},"properties":{"Name":"بحيرة صناعية ب4","Shape_Length":0.018170985611186283,"Shape_Area":1.696335463288417e-05}},{"type":"Feature","id":9,"geometry":{"type":"Polygon","coordinates":[[[33.665296,25.031643],[33.666296,25.030238],[33.66788,25.031274],[33.666815,25.032656],[33.665296,25.031643]]]},"properties":{"Name":"بحيرة صناعية ب 7","Shape_Length":0.007189606475154775,"Shape_Area":3.2213917584663354e-06}},{"type":"Feature","id":10,"geometry":{"type":"Polygon","coordinates":[[[32.817763,25.790037],[32.818797,25.788642],[32.819764,25.789215],[32.818726,25.790628],[32.817763,25.790037]]]},"properties":{"Name":"بحيرة صناعية","Shape_Length":0.0057444427198964105,"Shape_Area":1.958387733691722e-06}},{"type":"Feature","id":11,"geometry":{"type":"Polygon","coordinates":[[[31.973768,25.899084],[31.978473,25.897762],[31.979039,25.899338],[31.974256,25.900472],[31.973768,25.899084]]]},"properties":{"Name":"بحيرة صناعية رقم 2","Shape_Length":0.012949175128676695,"Shape_Area":7.678412401686338e-06}},{"type":"Feature","id":12,"geometry":{"type":"Polygon","coordinates":[[[33.327202,25.011578],[33.329041,25.011058],[33.329592,25.012692],[33.327756,25.01315],[33.327202,25.011578]]]},"properties":{"Name":"بحيرة صناعية ب 3","Shape_Length":0.007194065251803852,"Shape_Area":3.215301224062758e-06}},{"type":"Feature","id":13,"geometry":{"type":"Polygon","coordinates":[[[33.025159,24.99307],[33.027355,24.994712],[33.025723,24.996715],[33.023521,24.995106],[33.025159,24.99307]]]},"properties":{"Name":"بحيرة صناعية ب 16","Shape_Length":0.010665991613780242,"Shape_Area":7.098491669007044e-06}},{"type":"Feature","id":14,"geometry":{"type":"Polygon","coordinates":[[[33.321385,24.988423],[33.325099,24.986608],[33.327247,24.990135],[33.323414,24.992081],[33.321385,24.988423]]]},"properties":{"Name":"بحيرة صناعية ب 9","Shape_Length":0.01674427152277763,"Shape_Area":1.748181107903916e-05}},{"type":"Feature","id":15,"geometry":{"type":"Polygon","coordinates":[[[33.239233,25.02016],[33.240259,25.015923],[33.246545,25.01774],[33.245772,25.022305],[33.239233,25.02016]]]},"properties":{"Name":"بحيرة صناعية","Shape_Length":0.022414719150999036,"Shape_Area":3.0003589619995952e-05}},{"type":"Feature","id":16,"geometry":{"type":"Polygon","coordinates":[[[33.209575,25.051871],[33.213383,25.050721],[33.21395,25.052382],[33.210338,25.053539],[33.209575,25.051871]]]},"properties":{"Name":"بحيرة صناعية ب 13","Shape_Length":0.011359942031133904,"Shape_Area":6.941676095423856e-06}},{"type":"Feature","id":17,"geometry":{"type":"Polygon","coordinates":[[[32.84414,25.711683],[32.845421,25.71027],[32.846952,25.711347],[32.845812,25.712758],[32.84414,25.711683]]]},"properties":{"Name":"بحيرة صناعية ب2 بوادي بنات بري","Shape_Length":0.007581239037374709,"Shape_Area":3.564192016310255e-06}},{"type":"Feature","id":18,"geometry":{"type":"Polygon","coordinates":[[[32.199718,25.82776],[32.20192,25.82491],[32.21208,25.827354],[32.209959,25.830444],[32.199718,25.82776]]]},"properties":{"Name":"بحيرة صناعية ب1","Shape_Length":0.028384963622203493,"Shape_Area":3.583302774378427e-05}},{"type":"Feature","id":19,"geometry":{"type":"Polygon","coordinates":[[[33.073811,25.001906],[33.075468,25.001572],[33.076398,25.004596],[33.074487,25.005048],[33.073811,25.001906]]]},"properties":{"Name":"بحيرة صناعية ب15","Shape_Length":0.010031231692568494,"Shape_Area":5.814502461524745e-06}},{"type":"Feature","id":20,"geometry":{"type":"Polygon","coordinates":[[[33.190792,25.07584],[33.190805,25.075918],[33.190815,25.075974],[33.191185,25.076705],[33.187246,25.077998],[33.186872,25.077264],[33.186953,25.076992],[33.190792,25.07584]]]},"properties":{"Name":"بحيرة صناعية ب 14","Shape_Length":0.01021651698022881,"Shape_Area":4.1218312044478545e-06}},{"type":"Feature","id":21,"geometry":{"type":"Polygon","coordinates":[[[32.877335,25.743083],[32.878291,25.742237],[32.880343,25.744138],[32.879395,25.744989],[32.877335,25.743083]]]},"properties":{"Name":"بحيرة صناعية ب1 بوادي بنات بري","Shape_Length":0.00815527249019146,"Shape_Area":3.5572204623349273e-06}},{"type":"Feature","id":22,"geometry":{"type":"Polygon","coordinates":[[[32.814969,25.552725],[32.816613,25.55171],[32.818243,25.553827],[32.816636,25.554878],[32.814969,25.552725]]]},"properties":{"Name":"بحيرة صناعية ب2 بوادي المدامود","Shape_Length":0.009247585176525075,"Shape_Area":5.173789773098233e-06}},{"type":"Feature","id":23,"geometry":{"type":"Polygon","coordinates":[[[31.93107,25.959851],[31.933408,25.955854],[31.935111,25.95665],[31.932846,25.960649],[31.93107,25.959851]]]},"properties":{"Name":"بحيرة صناعية رقم 1","Shape_Length":0.013054095138444638,"Shape_Area":8.789601543848379e-06}},{"type":"Feature","id":24,"geometry":{"type":"Polygon","coordinates":[[[32.777354,25.626906],[32.777797,25.625275],[32.780452,25.625407],[32.780401,25.627344],[32.777354,25.626906]]]},"properties":{"Name":"بحيرة صناعية ب3 بوادي المدامود","Shape_Length":0.009364215126983568,"Shape_Area":5.156489027606234e-06}},{"type":"Feature","id":25,"geometry":{"type":"Polygon","coordinates":[[[33.40804,24.291246],[33.417871,24.27643],[33.428652,24.268887],[33.433714,24.274769],[33.4237,24.281108],[33.414624,24.295299],[33.40804,24.291246]]]},"properties":{"Name":"بحيرة صناعية ب 3","Shape_Length":0.07512684870844182,"Shape_Area":0.00022397896829716584}},{"type":"Feature","id":26,"geometry":{"type":"Polygon","coordinates":[[[33.50986,24.396558],[33.514819,24.396615],[33.514546,24.414531],[33.50969,24.414547],[33.50986,24.396558]]]},"properties":{"Name":"بحيرة صناعية ب1","Shape_Length":0.04572343844194669,"Shape_Area":8.810306165405211e-05}},{"type":"Feature","id":27,"geometry":{"type":"Polygon","coordinates":[[[33.401315,25.009748],[33.404256,25.009765],[33.404297,25.014276],[33.401369,25.014169],[33.401315,25.009748]]]},"properties":{"Name":"بحيرة صناعية ب3","Shape_Length":0.01480260437968153,"Shape_Area":1.3100590467126316e-05}},{"type":"Feature","id":28,"geometry":{"type":"Polygon","coordinates":[[[33.572884,25.122334],[33.580088,25.126993],[33.573557,25.133982],[33.566344,25.129115],[33.572884,25.122334]]]},"properties":{"Name":"بحيرة صناعية ب2","Shape_Length":0.036266427523126504,"Shape_Area":8.075531096517922e-05}},{"type":"Feature","id":29,"geometry":{"type":"Polygon","coordinates":[[[33.721355,25.195409],[33.723626,25.192701],[33.727921,25.195692],[33.725759,25.198493],[33.721355,25.195409]]]},"properties":{"Name":"بحيرة صناعية ب1","Shape_Length":0.017682616590805195,"Shape_Area":1.871304215229817e-05}},{"type":"Feature","id":30,"geometry":{"type":"Polygon","coordinates":[[[32.878226,25.843379],[32.877721,25.840779],[32.885012,25.839606],[32.885567,25.84219],[32.878226,25.843379]]]},"properties":{"Name":"بحيرة صناعية","Shape_Length":0.02011325799002869,"Shape_Area":1.9588332802842396e-05}},{"type":"Feature","id":31,"geometry":{"type":"Polygon","coordinates":[[[32.538192,25.466591],[32.538596,25.466021],[32.53955,25.466428],[32.539095,25.467053],[32.538192,25.466591]]]},"properties":{"Name":"بحيرة صناعية","Shape_Length":0.003522022341594459,"Shape_Area":7.407654804686341e-07}},{"type":"Feature","id":32,"geometry":{"type":"Polygon","coordinates":[[[32.533759,25.473224],[32.534197,25.472481],[32.535004,25.472785],[32.534503,25.47368],[32.533759,25.473224]]]},"properties":{"Name":"بحيرة صناعية","Shape_Length":0.003623596795993048,"Shape_Area":8.137158547982567e-07}},{"type":"Feature","id":33,"geometry":{"type":"Polygon","coordinates":[[[32.514878,25.495998],[32.51526,25.495453],[32.515963,25.496084],[32.515364,25.496716],[32.514878,25.495998]]]},"properties":{"Name":"بحيرة صناعية","Shape_Length":0.003348870227307451,"Shape_Area":6.811308057835852e-07}},{"type":"Feature","id":34,"geometry":{"type":"Polygon","coordinates":[[[32.509234,25.533024],[32.509114,25.531717],[32.509991,25.531595],[32.510284,25.532928],[32.509234,25.533024]]]},"properties":{"Name":"بحيرة صناعية","Shape_Length":0.00461828364538252,"Shape_Area":1.2949601429691035e-06}},{"type":"Feature","id":35,"geometry":{"type":"Polygon","coordinates":[[[32.51659,25.538256],[32.517269,25.5377],[32.518197,25.538812],[32.517418,25.539283],[32.51659,25.538256]]]},"properties":{"Name":"بحيرة صناعية","Shape_Length":0.004555754160021798,"Shape_Area":1.2305369850183708e-06}},{"type":"Feature","id":36,"geometry":{"type":"Polygon","coordinates":[[[31.645532,26.741877],[31.64844,26.740502],[31.64875,26.741296],[31.645872,26.742952],[31.645532,26.741877]]]},"properties":{"Name":"L2 بحيرة صناعية","Shape_Length":0.008515293178191849,"Shape_Area":3.194475482987723e-06}},{"type":"Feature","id":37,"geometry":{"type":"Polygon","coordinates":[[[31.588986,26.758292],[31.589486,26.757913],[31.589848,26.758249],[31.589387,26.758543],[31.588986,26.758292]]]},"properties":{"Name":"بحيرة صناعية القرنة","Shape_Length":0.0021421096994570306,"Shape_Area":2.6958030063611966e-07}},{"type":"Feature","id":38,"geometry":{"type":"Polygon","coordinates":[[[30.880736,27.959327],[30.881041,27.959236],[30.881285,27.959074],[30.881552,27.958808],[30.881807,27.95895],[30.881878,27.958996],[30.881832,27.959161],[30.881735,27.959267],[30.881562,27.959372],[30.881425,27.959516],[30.881235,27.959641],[30.881029,27.959719],[30.880827,27.95959],[30.880736,27.959327]]]},"properties":{"Name":"بحيرة صناعية","Shape_Length":0.003047191349079855,"Shape_Area":4.894022274251789e-07}},{"type":"Feature","id":39,"geometry":{"type":"Polygon","coordinates":[[[32.539484,25.540027],[32.539498,25.540047],[32.540426,25.540685],[32.540412,25.540702],[32.539323,25.542248],[32.538335,25.541994],[32.539484,25.540027]]]},"properties":{"Name":"بحيرة صناعية","Shape_Length":0.006361298132141396,"Shape_Area":2.210363680299899e-06}},{"type":"Feature","id":40,"geometry":{"type":"Polygon","coordinates":[[[32.914847,24.263112],[32.914865,24.26226],[32.915397,24.262262],[32.91541,24.263112],[32.914847,24.263112]]]},"properties":{"Name":"بحيرة صناعية ب","Shape_Length":0.002797445376505933,"Shape_Area":4.6603780234757756e-07}},{"type":"Feature","id":41,"geometry":{"type":"Polygon","coordinates":[[[31.421676,29.643114],[31.423575,29.642921],[31.426288,29.645611],[31.423766,29.647149],[31.42184,29.64667],[31.421676,29.643114]]]},"properties":{"Name":"بحيرة صناعية ب5","Shape_Length":0.014227569095287261,"Shape_Area":1.2896276289830551e-05}},{"type":"Feature","id":42,"geometry":{"type":"Polygon","coordinates":[[[30.786297,28.20667],[30.787456,28.206281],[30.787585,28.20652],[30.786436,28.20692],[30.786297,28.20667]]]},"properties":{"Name":"حوض تهدئة","Shape_Length":0.0029970088159403403,"Shape_Area":3.3523097895324444e-07}},{"type":"Feature","id":43,"geometry":{"type":"Polygon","coordinates":[[[30.789339,28.205624],[30.791254,28.205102],[30.791338,28.205472],[30.789368,28.206014],[30.789339,28.205624]]]},"properties":{"Name":"حاجز","Shape_Length":0.004799733962214354,"Shape_Area":7.689677559430736e-07}},{"type":"Feature","id":44,"geometry":{"type":"Polygon","coordinates":[[[30.789373,28.204524],[30.789972,28.204862],[30.788466,28.205426],[30.788337,28.205022],[30.789373,28.204524]]]},"properties":{"Name":"بحيرة صناعية","Shape_Length":0.0038696612176295653,"Shape_Area":6.648201968862006e-07}},{"type":"Feature","id":45,"geometry":{"type":"Polygon","coordinates":[[[30.785941,28.204758],[30.786302,28.204846],[30.787169,28.204842],[30.787334,28.205619],[30.786115,28.205732],[30.785652,28.205692],[30.785941,28.204758]]]},"properties":{"Name":"بحيرة صناعية","Shape_Length":0.004698901874894036,"Shape_Area":1.2563366466182014e-06}},{"type":"Feature","id":46,"geometry":{"type":"Polygon","coordinates":[[[31.374677,29.460159],[31.379536,29.455551],[31.38169,29.457158],[31.377039,29.461861],[31.374677,29.460159]]]},"properties":{"Name":"حوض تهدئة","Shape_Length":0.018910565973932973,"Shape_Area":1.838094484591433e-05}},{"type":"Feature","id":47,"geometry":{"type":"Polygon","coordinates":[[[31.395917,29.434561],[31.39926,29.431065],[31.401633,29.432669],[31.398548,29.436157],[31.395917,29.434561]]]},"properties":{"Name":"بحيرة صناعية ب4","Shape_Length":0.015435239605578282,"Shape_Area":1.3880025981197975e-05}},{"type":"Feature","id":48,"geometry":{"type":"Polygon","coordinates":[[[31.417492,29.426158],[31.417724,29.426874],[31.417185,29.427406],[31.416377,29.427616],[31.416255,29.430398],[31.413496,29.430455],[31.410795,29.430195],[31.410801,29.42606],[31.417492,29.426158]]]},"properties":{"Name":"بحيرة صناعية ب3","Shape_Length":0.02142889636514647,"Shape_Area":2.5233459182618832e-05}},{"type":"Feature","id":49,"geometry":{"type":"Polygon","coordinates":[[[31.450143,29.45169],[31.452035,29.448538],[31.456439,29.450666],[31.454946,29.453045],[31.453109,29.453046],[31.450143,29.45169]]]},"properties":{"Name":"بحيرة صناعية ب2","Shape_Length":0.01647457934681646,"Shape_Area":1.6925538518226646e-05}},{"type":"Feature","id":50,"geometry":{"type":"Polygon","coordinates":[[[31.033811,28.677518],[31.03717,28.675501],[31.038691,28.677175],[31.035352,28.679452],[31.033811,28.677518]]]},"properties":{"Name":"حوض تهدئة زاوية الجدامي","Shape_Length":0.012693764920820564,"Shape_Area":9.328525973527166e-06}},{"type":"Feature","id":51,"geometry":{"type":"Polygon","coordinates":[[[31.312221,29.403867],[31.313238,29.401034],[31.314854,29.401525],[31.313612,29.404268],[31.312221,29.403867]]]},"properties":{"Name":"بحيرة صناعية ب4","Shape_Length":0.009158415782969994,"Shape_Area":4.69593479157454e-06}},{"type":"Feature","id":52,"geometry":{"type":"Polygon","coordinates":[[[31.344025,29.389567],[31.347617,29.387877],[31.349653,29.390895],[31.346198,29.392682],[31.344025,29.389567]]]},"properties":{"Name":"بحيرة صناعية ب3","Shape_Length":0.015298755016156556,"Shape_Area":1.4464800759571047e-05}},{"type":"Feature","id":53,"geometry":{"type":"Polygon","coordinates":[[[31.386988,29.376376],[31.388188,29.374793],[31.391018,29.376448],[31.391922,29.376605],[31.392717,29.376396],[31.394035,29.376596],[31.394061,29.377766],[31.391973,29.378037],[31.391611,29.378069],[31.390736,29.377869],[31.388814,29.377188],[31.386988,29.376376]]]},"properties":{"Name":"بحيرة صناعية ب2","Shape_Length":0.016911558122674152,"Shape_Area":1.081623972009821e-05}},{"type":"Feature","id":54,"geometry":{"type":"Polygon","coordinates":[[[31.376415,29.800576],[31.376811,29.800193],[31.377174,29.800058],[31.377547,29.80003],[31.377763,29.799809],[31.377918,29.799741],[31.378354,29.799669],[31.378545,29.799788],[31.378631,29.799814],[31.378786,29.799804],[31.379051,29.799942],[31.379169,29.800159],[31.379122,29.800269],[31.379367,29.800502],[31.379485,29.80062],[31.379737,29.800904],[31.380059,29.801081],[31.380307,29.801228],[31.380604,29.801365],[31.380893,29.801523],[31.381205,29.801607],[31.381337,29.801698],[31.38151,29.801731],[31.381736,29.801847],[31.381909,29.802011],[31.382108,29.802335],[31.382153,29.802458],[31.381993,29.802673],[31.381967,29.80287],[31.382041,29.803242],[31.382051,29.8034],[31.38239,29.803688],[31.382368,29.803783],[31.382064,29.803783],[31.381663,29.803658],[31.381672,29.803763],[31.381455,29.803722],[31.381453,29.803632],[31.381365,29.803585],[31.381347,29.803474],[31.381197,29.803351],[31.381176,29.803242],[31.381091,29.803162],[31.38084,29.803223],[31.380247,29.802921],[31.379625,29.80252],[31.37928,29.802369],[31.378774,29.802186],[31.378145,29.801969],[31.377642,29.801788],[31.377295,29.801732],[31.377025,29.801633],[31.376843,29.801407],[31.376415,29.800576]]]},"properties":{"Name":"بحيرة صناعية ب5","Shape_Length":0.01619078967626165,"Shape_Area":1.0155967115810892e-05}},{"type":"Feature","id":55,"geometry":{"type":"Polygon","coordinates":[[[31.341669,29.522872],[31.34416,29.520613],[31.345088,29.521034],[31.346376,29.520766],[31.347767,29.520484],[31.348191,29.520847],[31.348354,29.52123],[31.348479,29.521814],[31.348236,29.522208],[31.347924,29.522436],[31.347583,29.522553],[31.347381,29.523087],[31.347248,29.52329],[31.342268,29.523499],[31.341669,29.522872]]]},"properties":{"Name":"حاجز ترابي ح2","Shape_Length":0.01656258439907797,"Shape_Area":1.4093101073927118e-05}},{"type":"Feature","id":56,"geometry":{"type":"Polygon","coordinates":[[[31.431227,29.523984],[31.429098,29.523946],[31.42847,29.523833],[31.428774,29.52102],[31.431082,29.520832],[31.431227,29.523984]]]},"properties":{"Name":"حاجز ترابي ح1","Shape_Length":0.01106695100150247,"Shape_Area":7.658910063604185e-06}},{"type":"Feature","id":57,"geometry":{"type":"Polygon","coordinates":[[[31.4386,29.502723],[31.44147,29.501814],[31.443086,29.506384],[31.438861,29.507456],[31.4386,29.502723]]]},"properties":{"Name":"بحيرة صناعية ب3","Shape_Length":0.01695809415820577,"Shape_Area":1.7432633516148e-05}},{"type":"Feature","id":58,"geometry":{"type":"Polygon","coordinates":[[[31.425074,29.598555],[31.424115,29.598659],[31.423532,29.597337],[31.423924,29.597418],[31.424164,29.597563],[31.424687,29.597612],[31.425074,29.598555]]]},"properties":{"Name":"حاجز ترابي ح3","Shape_Length":0.004635450918630804,"Shape_Area":1.1313134464390557e-06}},{"type":"Feature","id":59,"geometry":{"type":"Polygon","coordinates":[[[31.425664,29.619565],[31.42701,29.618895],[31.428545,29.621202],[31.427217,29.621871],[31.425664,29.619565]]]},"properties":{"Name":"حاجز ترابي ح2","Shape_Length":0.008541096960418609,"Shape_Area":4.1165487645563894e-06}},{"type":"Feature","id":60,"geometry":{"type":"Polygon","coordinates":[[[31.165232,28.899186],[31.165744,28.895877],[31.171486,28.896462],[31.170781,28.899219],[31.165232,28.899186]]]},"properties":{"Name":"حاجز ترابي ح3","Shape_Length":0.01751498019259374,"Shape_Area":1.730969892417126e-05}},{"type":"Feature","id":61,"geometry":{"type":"Polygon","coordinates":[[[31.195665,28.919],[31.203355,28.920432],[31.203801,28.922222],[31.196933,28.92157],[31.195665,28.919]]]},"properties":{"Name":"حاجز ترابي ح2","Shape_Length":0.019432245669030068,"Shape_Area":1.4975544015593553e-05}},{"type":"Feature","id":62,"geometry":{"type":"Polygon","coordinates":[[[31.167045,28.835568],[31.167377,28.832631],[31.173978,28.833143],[31.173727,28.836039],[31.167045,28.835568]]]},"properties":{"Name":"حاجز ترابي ح1","Shape_Length":0.019182098996251316,"Shape_Area":1.9513476849206508e-05}},{"type":"Feature","id":63,"geometry":{"type":"Polygon","coordinates":[[[31.24445,28.703019],[31.254844,28.706456],[31.252594,28.710066],[31.249641,28.712532],[31.241612,28.710201],[31.242291,28.706863],[31.24445,28.703019]]]},"properties":{"Name":"بحيرة صناعية ب8","Shape_Length":0.03522447103748802,"Shape_Area":7.751574891929608e-05}},{"type":"Feature","id":64,"geometry":{"type":"Polygon","coordinates":[[[31.626959,28.833552],[31.633563,28.831236],[31.635257,28.8349],[31.628515,28.837178],[31.626959,28.833552]]]},"properties":{"Name":"بحيرة صناعية ب7","Shape_Length":0.022097713509513096,"Shape_Area":2.8056528575895815e-05}},{"type":"Feature","id":65,"geometry":{"type":"Polygon","coordinates":[[[31.617854,28.842885],[31.62174,28.845117],[31.618059,28.849803],[31.614367,28.847623],[31.617854,28.842885]]]},"properties":{"Name":"بحيرة صناعية ب6","Shape_Length":0.02061046616815643,"Shape_Area":2.5759029850430354e-05}},{"type":"Feature","id":66,"geometry":{"type":"Polygon","coordinates":[[[31.227766,28.754953],[31.233056,28.751086],[31.240386,28.756378],[31.235848,28.761013],[31.227766,28.754953]]]},"properties":{"Name":"بحيرة صناعية ب5","Shape_Length":0.032181532765460485,"Shape_Area":6.06501493121292e-05}},{"type":"Feature","id":67,"geometry":{"type":"Polygon","coordinates":[[[31.591703,29.048748],[31.596834,29.048169],[31.597332,29.050561],[31.591994,29.051353],[31.591703,29.048748]]]},"properties":{"Name":"بحيرة صناعية ب4","Shape_Length":0.015624606920343943,"Shape_Area":1.3348485574322392e-05}},{"type":"Feature","id":68,"geometry":{"type":"Polygon","coordinates":[[[31.236081,29.296623],[31.236024,29.290879],[31.238493,29.291008],[31.238426,29.296718],[31.236081,29.296623]]]},"properties":{"Name":"حاجز ترابي ح5","Shape_Length":0.01627507811752863,"Shape_Area":1.378787104088782e-05}},{"type":"Feature","id":69,"geometry":{"type":"Polygon","coordinates":[[[31.302197,29.273375],[31.30212,29.269486],[31.306242,29.270234],[31.305507,29.273234],[31.302197,29.273375]]]},"properties":{"Name":"حاجز","Shape_Length":0.014480541028210194,"Shape_Area":1.2899332419993765e-05}},{"type":"Feature","id":70,"geometry":{"type":"Polygon","coordinates":[[[31.365379,29.222414],[31.367896,29.219113],[31.369322,29.219507],[31.366625,29.223257],[31.365379,29.222414]]]},"properties":{"Name":"حاجز ترابي ح2","Shape_Length":0.011753751881955994,"Shape_Area":6.322277459001827e-06}},{"type":"Feature","id":71,"geometry":{"type":"Polygon","coordinates":[[[31.37131,29.236341],[31.371954,29.235466],[31.372764,29.236004],[31.372178,29.236852],[31.37131,29.236341]]]},"properties":{"Name":"بحيرة صناعية ب7","Shape_Length":0.004096085912332714,"Shape_Area":1.0449266021398097e-06}},{"type":"Feature","id":72,"geometry":{"type":"Polygon","coordinates":[[[30.878922,28.46817],[30.87869,28.467539],[30.879121,28.467433],[30.87937,28.467952],[30.878922,28.46817]]]},"properties":{"Name":"حاجز ترابي قرية الشرفا","Shape_Length":0.0021904869563544667,"Shape_Area":2.9188485373551356e-07}},{"type":"Feature","id":73,"geometry":{"type":"Polygon","coordinates":[[[30.962209,28.49375],[30.964273,28.491888],[30.965816,28.493207],[30.963781,28.495065],[30.962209,28.49375]]]},"properties":{"Name":"حاجز توجيه قرية بني خالد","Shape_Length":0.009615712472315236,"Shape_Area":5.59714968658359e-06}},{"type":"Feature","id":74,"geometry":{"type":"Polygon","coordinates":[[[30.928504,28.618834],[30.929409,28.618816],[30.929526,28.620612],[30.928532,28.620641],[30.928504,28.618834]]]},"properties":{"Name":"حاجز ترابي","Shape_Length":0.005506446578958041,"Shape_Area":1.7124679592369251e-06}},{"type":"Feature","id":75,"geometry":{"type":"Polygon","coordinates":[[[31.640883,26.899533],[31.646723,26.901671],[31.64228,26.906636],[31.637653,26.906145],[31.63676,26.905843],[31.640883,26.899533]]]},"properties":{"Name":"بحيرة صناعية","Shape_Length":0.026015216925924435,"Shape_Area":3.8776871671383344e-05}},{"type":"Feature","id":76,"geometry":{"type":"Polygon","coordinates":[[[31.227192,27.324633],[31.22793,27.324857],[31.226307,27.328714],[31.225593,27.328506],[31.227192,27.324633]]]},"properties":{"Name":"بحيرة","Shape_Length":0.009891371672229374,"Shape_Area":3.1557592340856186e-06}},{"type":"Feature","id":77,"geometry":{"type":"Polygon","coordinates":[[[31.355665,26.786836],[31.356342,26.785724],[31.357478,26.786618],[31.356719,26.787592],[31.355665,26.786836]]]},"properties":{"Name":"بحيرة صناعية","Shape_Length":0.005278454003585641,"Shape_Area":1.7338476786815697e-06}},{"type":"Feature","id":78,"geometry":{"type":"Polygon","coordinates":[[[32.518279,25.541806],[32.518315,25.540768],[32.519256,25.541],[32.519276,25.54178],[32.518279,25.541806]]]},"properties":{"Name":"بحيرة صناعية","Shape_Length":0.003785397721771294,"Shape_Area":8.8168758220325e-07}},{"type":"Feature","id":79,"geometry":{"type":"Polygon","coordinates":[[[31.387792,29.36566],[31.395476,29.362269],[31.39765,29.365405],[31.389935,29.369006],[31.387792,29.36566]]]},"properties":{"Name":"بحيرة صناعية ب1","Shape_Length":0.02470154429546092,"Shape_Area":3.2496960124331265e-05}},{"type":"Feature","id":80,"geometry":{"type":"Polygon","coordinates":[[[31.178048,27.377715],[31.180015,27.377251],[31.180675,27.378842],[31.17601,27.380058],[31.175777,27.378983],[31.178365,27.378462],[31.178048,27.377715]]]},"properties":{"Name":"بحيره","Shape_Length":0.013115930380582699,"Shape_Area":6.2628823315206984e-06}},{"type":"Feature","id":81,"geometry":{"type":"Polygon","coordinates":[[[30.873964,27.944014],[30.873964,27.943694],[30.875645,27.944134],[30.876172,27.944177],[30.876704,27.944418],[30.876896,27.944518],[30.877114,27.944556],[30.87715,27.945043],[30.876909,27.944995],[30.876262,27.944526],[30.873964,27.944014]]]},"properties":{"Name":"بحيره صناعيه","Shape_Length":0.0074952712472096655,"Shape_Area":1.0255730927930047e-06}},{"type":"Feature","id":82,"geometry":{"type":"Polygon","coordinates":[[[32.527779,26.225094],[32.529606,26.225329],[32.529248,26.22656],[32.528067,26.226906],[32.527549,26.22673],[32.527485,26.225761],[32.525621,26.22559],[32.525616,26.225138],[32.52563,26.225094],[32.527779,26.225094]]]},"properties":{"Name":"بحيرة صناعية","Shape_Length":0.010391610856812398,"Shape_Area":4.078173622745471e-06}},{"type":"Feature","id":83,"geometry":{"type":"Polygon","coordinates":[[[31.22183,29.005048],[31.22844,29.002888],[31.231971,29.010438],[31.225379,29.012722],[31.22183,29.005048]]]},"properties":{"Name":"بحيرة صناعية","Shape_Length":0.030720855205485488,"Shape_Area":5.8114560417752284e-05}},{"type":"Feature","id":84,"geometry":{"type":"Polygon","coordinates":[[[31.009923,28.852095],[31.015907,28.84978],[31.016276,28.850136],[31.016329,28.850545],[31.014534,28.852754],[31.01208,28.85435],[31.009923,28.852095]]]},"properties":{"Name":"بحيرة صناعية","Shape_Length":0.01623470545685648,"Shape_Area":1.3014061182932094e-05}},{"type":"Feature","id":85,"geometry":{"type":"Polygon","coordinates":[[[30.961587,28.870289],[30.961574,28.870135],[30.961765,28.870125],[30.961788,28.870242],[30.962,28.870229],[30.962054,28.870297],[30.96227,28.870249],[30.962471,28.870821],[30.96078,28.871152],[30.960837,28.870466],[30.961587,28.870289]]]},"properties":{"Name":"بحيرة صناعية","Shape_Length":0.0047735940777893825,"Shape_Area":1.0825296485491001e-06}},{"type":"Feature","id":86,"geometry":{"type":"Polygon","coordinates":[[[30.848585,28.407175],[30.847566,28.4051],[30.848372,28.404925],[30.849213,28.406939],[30.848585,28.407175]]]},"properties":{"Name":"بحيرة صناعية","Shape_Length":0.00598961040053574,"Shape_Area":1.6571242096529917e-06}},{"type":"Feature","id":87,"geometry":{"type":"Polygon","coordinates":[[[30.85962,28.400981],[30.860695,28.400561],[30.861282,28.400233],[30.861669,28.399594],[30.862107,28.399195],[30.862371,28.399476],[30.862371,28.399488],[30.862477,28.399868],[30.862485,28.399904],[30.862627,28.400182],[30.862876,28.400467],[30.862459,28.400718],[30.860251,28.40246],[30.85962,28.400981]]]},"properties":{"Name":"بحيرة صناعية","Shape_Length":0.00959338004802756,"Shape_Area":4.201901399084067e-06}},{"type":"Feature","id":88,"geometry":{"type":"Polygon","coordinates":[[[30.872385,28.390698],[30.873274,28.391619],[30.872366,28.39254],[30.871933,28.393405],[30.869772,28.395056],[30.869198,28.395043],[30.868789,28.394993],[30.868139,28.395107],[30.867465,28.395184],[30.867099,28.39488],[30.869804,28.39192],[30.87172,28.390603],[30.872385,28.390698]]]},"properties":{"Name":"بحيرة صناعية","Shape_Length":0.016067150795077173,"Shape_Area":1.2783563026814374e-05}},{"type":"Feature","id":89,"geometry":{"type":"Polygon","coordinates":[[[31.24749,29.223448],[31.248491,29.223231],[31.2487,29.223376],[31.249201,29.223432],[31.249725,29.223445],[31.251614,29.223521],[31.252056,29.224683],[31.251306,29.224877],[31.250198,29.22491],[31.249097,29.225554],[31.248591,29.22466],[31.247795,29.224828],[31.24749,29.223448]]]},"properties":{"Name":"بحيرة صناعية","Shape_Length":0.011853858769608015,"Shape_Area":6.4559914168834874e-06}},{"type":"Feature","id":90,"geometry":{"type":"Polygon","coordinates":[[[31.273163,29.242792],[31.273364,29.242452],[31.273901,29.242059],[31.274486,29.241761],[31.274854,29.241357],[31.275252,29.241929],[31.275411,29.242645],[31.275903,29.243464],[31.274684,29.244558],[31.273163,29.242792]]]},"properties":{"Name":"بحيرة صناعية","Shape_Length":0.008617952554170446,"Shape_Area":4.53023623134852e-06}},{"type":"Feature","id":91,"geometry":{"type":"Polygon","coordinates":[[[32.631782,25.766915],[32.632923,25.766143],[32.634198,25.767462],[32.632863,25.768157],[32.631782,25.766915]]]},"properties":{"Name":"بحيرة صناعية","Shape_Length":0.006362814952960403,"Shape_Area":2.4487698887445714e-06}},{"type":"Feature","id":92,"geometry":{"type":"Polygon","coordinates":[[[30.836566,29.116594],[30.835254,29.116537],[30.835167,29.116313],[30.835103,29.116148],[30.835106,29.115875],[30.835167,29.115831],[30.835269,29.115571],[30.835419,29.115518],[30.835993,29.11555],[30.836606,29.116537],[30.836566,29.116594]]]},"properties":{"Name":"بحيرة صناعية","Shape_Length":0.004323669584179169,"Shape_Area":1.164721700146332e-06}},{"type":"Feature","id":93,"geometry":{"type":"Polygon","coordinates":[[[30.895619,29.244745],[30.895762,29.243816],[30.896406,29.243751],[30.896749,29.243827],[30.896633,29.244737],[30.895619,29.244745]]]},"properties":{"Name":"بحيرة صناعية","Shape_Length":0.003870481842620653,"Shape_Area":9.558001044763226e-07}},{"type":"Feature","id":94,"geometry":{"type":"Polygon","coordinates":[[[31.380863,29.626965],[31.382149,29.625294],[31.386525,29.627975],[31.386266,29.628525],[31.38615,29.628683],[31.385962,29.628844],[31.385164,29.629522],[31.380863,29.626965]]]},"properties":{"Name":"بحيرة صناعية ب4","Shape_Length":0.014340562094595942,"Shape_Area":1.0645748989451017e-05}},{"type":"Feature","id":95,"geometry":{"type":"Polygon","coordinates":[[[31.360822,29.469592],[31.359277,29.466704],[31.361096,29.465996],[31.362597,29.468804],[31.360822,29.469592]]]},"properties":{"Name":"حاجز ترابي ح1","Shape_Length":0.010353734003237677,"Shape_Area":6.257896733437332e-06}},{"type":"Feature","id":96,"geometry":{"type":"Polygon","coordinates":[[[31.03353,28.680543],[31.033424,28.680657],[31.032858,28.681388],[31.031866,28.682795],[31.031205,28.683533],[31.029833,28.6806],[31.032418,28.678787],[31.03353,28.680543]]]},"properties":{"Name":"حاجز","Shape_Length":0.012265759258352913,"Shape_Area":8.807537727297133e-06}},{"type":"Feature","id":97,"geometry":{"type":"Polygon","coordinates":[[[31.078101,28.966921],[31.080898,28.965874],[31.081888,28.967977],[31.079155,28.969059],[31.078101,28.966921]]]},"properties":{"Name":"بحيرة صناعية ب1","Shape_Length":0.01063401617930326,"Shape_Area":6.951070237442113e-06}},{"type":"Feature","id":98,"geometry":{"type":"Polygon","coordinates":[[[31.073641,28.972093],[31.072315,28.972597],[31.071698,28.971429],[31.073071,28.970773],[31.073641,28.972093]]]},"properties":{"Name":"حاجز","Shape_Length":0.005699917944216927,"Shape_Area":2.0236018608452046e-06}},{"type":"Feature","id":99,"geometry":{"type":"Polygon","coordinates":[[[31.395219,29.826463],[31.395122,29.826228],[31.394919,29.825838],[31.394313,29.824536],[31.393808,29.823507],[31.393587,29.823271],[31.393351,29.82289],[31.392896,29.822343],[31.392712,29.822],[31.391801,29.820361],[31.391205,29.819399],[31.390684,29.819071],[31.389656,29.818162],[31.389171,29.817593],[31.389067,29.8172],[31.388817,29.816781],[31.388719,29.816505],[31.38862,29.816064],[31.388365,29.815378],[31.388059,29.814039],[31.388,29.813607],[31.388032,29.813122],[31.388294,29.812112],[31.388304,29.811435],[31.388265,29.810823],[31.388025,29.810153],[31.387189,29.809109],[31.386845,29.808648],[31.386352,29.807875],[31.386015,29.807549],[31.385276,29.806879],[31.384742,29.806341],[31.385059,29.806125],[31.386487,29.807521],[31.386712,29.807818],[31.386978,29.80823],[31.387338,29.808593],[31.387555,29.808918],[31.387789,29.809329],[31.387985,29.80939],[31.388191,29.809625],[31.388478,29.8102],[31.388571,29.810508],[31.388544,29.810744],[31.388575,29.810977],[31.388699,29.811166],[31.388755,29.811295],[31.388835,29.811615],[31.388911,29.812385],[31.388773,29.812922],[31.38867,29.81351],[31.388672,29.813868],[31.388861,29.814811],[31.389244,29.816108],[31.389416,29.81647],[31.389671,29.816944],[31.389666,29.817145],[31.389842,29.817292],[31.390016,29.817365],[31.390457,29.818045],[31.3907,29.818292],[31.391418,29.81881],[31.391658,29.819066],[31.392632,29.820371],[31.392959,29.820866],[31.394544,29.824047],[31.395502,29.825935],[31.395666,29.82632],[31.395682,29.826446],[31.395676,29.826567],[31.395656,29.826683],[31.395948,29.827391],[31.396223,29.828121],[31.396477,29.828569],[31.396878,29.829024],[31.397061,29.829222],[31.396805,29.829582],[31.396494,29.82937],[31.396244,29.828952],[31.395896,29.828275],[31.39556,29.82709],[31.395512,29.826767],[31.395219,29.826463]]]},"properties":{"Name":"بحيرة صناعية ب3","Shape_Length":0.055134188194568445,"Shape_Area":1.4003310869697666e-05}},{"type":"Feature","id":100,"geometry":{"type":"Polygon","coordinates":[[[30.905761,28.743893],[30.907516,28.743288],[30.907899,28.743177],[30.908488,28.743062],[30.910063,28.743072],[30.914141,28.743141],[30.918412,28.743382],[30.922428,28.743637],[30.925864,28.743863],[30.928151,28.74401],[30.928099,28.744261],[30.927902,28.744215],[30.927267,28.744151],[30.926296,28.744062],[30.924766,28.743999],[30.923549,28.7439],[30.922037,28.74379],[30.918272,28.743578],[30.914555,28.743321],[30.910696,28.743268],[30.908694,28.743255],[30.908224,28.743262],[30.908063,28.74331],[30.907774,28.743427],[30.907213,28.743617],[30.905787,28.744112],[30.905761,28.743893]]]},"properties":{"Name":"قناة صناعية","Shape_Length":0.045516843663098945,"Shape_Area":4.2548199905489665e-06}},{"type":"Feature","id":101,"geometry":{"type":"Polygon","coordinates":[[[30.910378,29.259672],[30.911765,29.25922],[30.913482,29.258651],[30.916519,29.257666],[30.918655,29.256973],[30.919041,29.256821],[30.919545,29.256778],[30.920284,29.256716],[30.920369,29.256692],[30.920677,29.256411],[30.921024,29.256462],[30.921181,29.256362],[30.921669,29.255975],[30.921916,29.255822],[30.922405,29.255748],[30.922535,29.255711],[30.922954,29.255786],[30.924346,29.256176],[30.924723,29.256274],[30.925431,29.256463],[30.925571,29.256502],[30.925599,29.256527],[30.925582,29.256582],[30.925524,29.256659],[30.925384,29.256743],[30.925117,29.256904],[30.924838,29.257125],[30.924545,29.257333],[30.924323,29.257515],[30.924274,29.2575],[30.924427,29.257321],[30.924721,29.257108],[30.924934,29.256958],[30.925399,29.256655],[30.925479,29.256599],[30.925452,29.256567],[30.925287,29.256525],[30.925055,29.256474],[30.924796,29.25641],[30.92472,29.256393],[30.924704,29.256508],[30.924723,29.256652],[30.924746,29.256776],[30.924799,29.256866],[30.924843,29.256943],[30.924872,29.25699],[30.924854,29.257003],[30.924758,29.256896],[30.924693,29.256801],[30.924675,29.256733],[30.924666,29.256627],[30.92465,29.256531],[30.924568,29.256384],[30.924427,29.256302],[30.923753,29.256133],[30.922988,29.255926],[30.922766,29.255858],[30.922629,29.255919],[30.922545,29.255949],[30.922486,29.255945],[30.922335,29.255945],[30.922221,29.255953],[30.921781,29.256096],[30.921282,29.256512],[30.921109,29.256742],[30.921029,29.256802],[30.920734,29.25682],[30.919095,29.256974],[30.916885,29.257726],[30.914848,29.258406],[30.911329,29.259529],[30.910355,29.259844],[30.910378,29.259672]]]},"properties":{"Name":"قناة صناعية","Shape_Length":0.03673965172063098,"Shape_Area":2.8234315344151188e-06}},{"type":"Feature","id":102,"geometry":{"type":"Polygon","coordinates":[[[30.827516,29.117789],[30.827991,29.117433],[30.829059,29.116686],[30.829876,29.116118],[30.83032,29.115924],[30.830742,29.115814],[30.832315,29.115777],[30.835089,29.115857],[30.835068,29.116136],[30.834373,29.116116],[30.832217,29.116031],[30.830981,29.115984],[30.830552,29.116025],[30.830121,29.116181],[30.82928,29.116708],[30.828614,29.11718],[30.827709,29.117868],[30.827516,29.117789]]]},"properties":{"Name":"قناة صناعية","Shape_Length":0.016574157078119163,"Shape_Area":1.6871430181000599e-06}},{"type":"Feature","id":103,"geometry":{"type":"Polygon","coordinates":[[[30.900584,29.248527],[30.899814,29.24754],[30.899216,29.246816],[30.898934,29.246618],[30.898609,29.246473],[30.89827,29.246334],[30.897377,29.246169],[30.896893,29.246078],[30.896606,29.245958],[30.896468,29.245801],[30.896372,29.245671],[30.896246,29.245407],[30.89613,29.244913],[30.896088,29.244734],[30.896251,29.244753],[30.896403,29.245366],[30.896508,29.245615],[30.896654,29.245827],[30.896749,29.245896],[30.897002,29.245971],[30.898423,29.246261],[30.898876,29.246421],[30.899062,29.246543],[30.899291,29.246744],[30.899686,29.247138],[30.900319,29.248019],[30.900901,29.248708],[30.901413,29.24939],[30.901231,29.249457],[30.900584,29.248527]]]},"properties":{"Name":"قناة صناعية","Shape_Length":0.015211146618432606,"Shape_Area":9.981135750946062e-07}},{"type":"Feature","id":104,"geometry":{"type":"Polygon","coordinates":[[[31.772184,26.606721],[31.772259,26.606636],[31.772458,26.606747],[31.772524,26.606709],[31.772934,26.606921],[31.775944,26.608537],[31.776188,26.608692],[31.776444,26.608928],[31.77667,26.60915],[31.776817,26.609315],[31.776952,26.609592],[31.777043,26.609863],[31.777124,26.61026],[31.777319,26.611052],[31.777342,26.611629],[31.777227,26.612029],[31.777122,26.612329],[31.776968,26.612549],[31.77674,26.61283],[31.776417,26.613123],[31.776009,26.613363],[31.775261,26.613859],[31.773881,26.61468],[31.773205,26.615012],[31.772819,26.615284],[31.772664,26.615337],[31.772449,26.615475],[31.772158,26.615708],[31.77206,26.615778],[31.772049,26.615893],[31.772121,26.616059],[31.772271,26.616485],[31.772294,26.61662],[31.772377,26.616758],[31.772556,26.616959],[31.773261,26.617661],[31.773919,26.618202],[31.774432,26.618693],[31.774555,26.618797],[31.774756,26.618922],[31.775788,26.619497],[31.777734,26.620279],[31.778057,26.620399],[31.778477,26.620634],[31.778711,26.620687],[31.779769,26.620916],[31.780192,26.621068],[31.780672,26.621184],[31.781453,26.621456],[31.783481,26.622341],[31.785316,26.62333],[31.785839,26.623627],[31.786032,26.623721],[31.786353,26.623816],[31.786886,26.623937],[31.787922,26.624156],[31.791186,26.624827],[31.79177,26.624872],[31.792489,26.624755],[31.792827,26.624575],[31.79309,26.624345],[31.793249,26.624237],[31.793472,26.624082],[31.793613,26.623954],[31.794175,26.623077],[31.794677,26.622622],[31.794934,26.622443],[31.795058,26.622338],[31.794511,26.621936],[31.793732,26.621464],[31.793711,26.621341],[31.794257,26.621047],[31.79452,26.620926],[31.794597,26.62085],[31.795337,26.621526],[31.795763,26.621899],[31.796882,26.622629],[31.797341,26.622955],[31.797394,26.62327],[31.79709,26.623654],[31.795604,26.622615],[31.79511,26.622869],[31.794825,26.622913],[31.794409,26.623543],[31.793879,26.624145],[31.793676,26.624411],[31.793487,26.624625],[31.793167,26.624923],[31.792531,26.625229],[31.792162,26.62531],[31.791184,26.62531],[31.790588,26.625293],[31.788047,26.624811],[31.786006,26.624428],[31.785335,26.624185],[31.784141,26.623478],[31.78283,26.622718],[31.782384,26.622459],[31.780901,26.621882],[31.778964,26.621319],[31.778577,26.621265],[31.777556,26.620818],[31.776577,26.620413],[31.775599,26.619964],[31.774859,26.619557],[31.774123,26.619176],[31.773137,26.618434],[31.772225,26.617538],[31.771769,26.616913],[31.77161,26.616247],[31.77172,26.615861],[31.772032,26.615551],[31.773949,26.61442],[31.775341,26.61356],[31.776194,26.613036],[31.776547,26.612745],[31.776838,26.612419],[31.77702,26.612047],[31.777095,26.611661],[31.777089,26.611118],[31.776929,26.610503],[31.776802,26.609845],[31.776719,26.609507],[31.776567,26.609276],[31.776202,26.608899],[31.774342,26.607912],[31.772833,26.607116],[31.772421,26.606907],[31.772388,26.606832],[31.772184,26.606721]]]},"properties":{"Name":"قناة صناعية","Shape_Length":0.09314233168112417,"Shape_Area":2.146359639790094e-05}},{"type":"Feature","id":105,"geometry":{"type":"Polygon","coordinates":[[[31.803109,26.618981],[31.802928,26.618976],[31.802468,26.618961],[31.80133,26.618901],[31.801135,26.618889],[31.800541,26.619023],[31.799964,26.619177],[31.79957,26.6193],[31.799299,26.619376],[31.799076,26.619467],[31.798864,26.619629],[31.798693,26.619964],[31.7986,26.620243],[31.798506,26.620504],[31.798364,26.620752],[31.79826,26.621024],[31.79822,26.621369],[31.798297,26.621654],[31.798424,26.621931],[31.798441,26.62209],[31.798427,26.622372],[31.798379,26.622559],[31.798239,26.622836],[31.798114,26.622948],[31.797742,26.623159],[31.797521,26.623214],[31.79735,26.623201],[31.797341,26.623125],[31.797379,26.623025],[31.797392,26.623009],[31.797623,26.622872],[31.7979,26.622707],[31.798055,26.622604],[31.798122,26.622458],[31.798207,26.622257],[31.79824,26.622007],[31.79817,26.621871],[31.798098,26.621676],[31.798047,26.621494],[31.798059,26.621274],[31.798194,26.620898],[31.798406,26.620371],[31.798577,26.619926],[31.798784,26.619632],[31.798944,26.619475],[31.799277,26.61931],[31.800092,26.61906],[31.800524,26.618951],[31.801325,26.618794],[31.801755,26.618808],[31.802384,26.618847],[31.803099,26.618904],[31.803109,26.618981]]]},"properties":{"Name":"قناة صناعية  فرعية A1","Shape_Length":0.017547548431349366,"Shape_Area":1.1756394052442628e-06}},{"type":"Feature","id":106,"geometry":{"type":"Polygon","coordinates":[[[30.768995,28.231911],[30.769017,28.231913],[30.769003,28.232244],[30.768993,28.232423],[30.76908,28.232443],[30.769069,28.232492],[30.768951,28.232465],[30.768653,28.232405],[30.768351,28.232387],[30.768086,28.232367],[30.767909,28.232369],[30.767772,28.232354],[30.767587,28.232341],[30.767353,28.232261],[30.767127,28.232174],[30.766797,28.232028],[30.766681,28.231978],[30.766566,28.231952],[30.766444,28.231946],[30.766112,28.231934],[30.765553,28.231885],[30.765036,28.231871],[30.76464,28.231842],[30.764522,28.231825],[30.764355,28.231781],[30.764197,28.231718],[30.764017,28.231628],[30.763816,28.231491],[30.763588,28.231333],[30.763286,28.231125],[30.763044,28.230969],[30.762787,28.230785],[30.762573,28.230642],[30.762341,28.23049],[30.762268,28.230413],[30.76225,28.230368],[30.762177,28.230274],[30.761981,28.230068],[30.761888,28.229961],[30.761744,28.229655],[30.761701,28.229589],[30.761637,28.229538],[30.761554,28.229494],[30.761327,28.229413],[30.76114,28.22937],[30.76099,28.229363],[30.760858,28.229353],[30.760713,28.229343],[30.760537,28.229325],[30.760435,28.22931],[30.760337,28.229275],[30.760295,28.229248],[30.760203,28.229209],[30.760085,28.229199],[30.759722,28.229216],[30.759136,28.229303],[30.75827,28.22948],[30.757758,28.229589],[30.757529,28.229639],[30.757384,28.229658],[30.75717,28.229628],[30.756677,28.22951],[30.756284,28.229401],[30.755885,28.229302],[30.755445,28.229192],[30.755439,28.229157],[30.755925,28.229266],[30.75709,28.229553],[30.757275,28.22958],[30.757443,28.229585],[30.757694,28.229551],[30.758165,28.229449],[30.7588,28.22932],[30.759498,28.229181],[30.759958,28.229176],[30.760235,28.229186],[30.760374,28.229242],[30.760435,28.229284],[30.760622,28.229301],[30.760854,28.229323],[30.760944,28.229311],[30.761051,28.229299],[30.761232,28.229316],[30.761381,28.229351],[30.761464,28.229387],[30.761502,28.229403],[30.761564,28.229422],[30.761639,28.229465],[30.761699,28.229513],[30.761783,28.229602],[30.761833,28.229671],[30.761886,28.229808],[30.76194,28.229908],[30.761975,28.229971],[30.762052,28.23006],[30.762186,28.230202],[30.762262,28.230291],[30.7623,28.230341],[30.762302,28.230374],[30.76236,28.230431],[30.762505,28.230544],[30.762834,28.230771],[30.76311,28.230938],[30.763205,28.231001],[30.763363,28.231073],[30.763522,28.231156],[30.763631,28.231233],[30.763892,28.231463],[30.764039,28.231563],[30.76423,28.231661],[30.764418,28.231715],[30.764535,28.231774],[30.76481,28.231813],[30.765169,28.231834],[30.765649,28.231855],[30.766309,28.231879],[30.766463,28.231877],[30.766658,28.231896],[30.766814,28.231948],[30.767312,28.232148],[30.767636,28.23228],[30.768025,28.232305],[30.768576,28.232345],[30.76878,28.232363],[30.768943,28.232397],[30.768962,28.232214],[30.768982,28.231979],[30.768995,28.231911]]]},"properties":{"Name":"بحيرة صناعية","Shape_Length":0.030585941420790148,"Shape_Area":8.654473134169478e-07}},{"type":"Feature","id":107,"geometry":{"type":"Polygon","coordinates":[[[31.266062,29.495682],[31.266161,29.49579],[31.266477,29.495868],[31.266907,29.495916],[31.267471,29.495952],[31.267784,29.495969],[31.267978,29.495936],[31.268534,29.495825],[31.269131,29.495635],[31.270346,29.495325],[31.271383,29.495051],[31.271711,29.494957],[31.272058,29.494805],[31.272316,29.494745],[31.272443,29.494748],[31.272518,29.494805],[31.272622,29.494927],[31.272814,29.495067],[31.272873,29.495139],[31.272975,29.49515],[31.273135,29.495136],[31.27326,29.495095],[31.273452,29.49497],[31.273604,29.494852],[31.273859,29.494753],[31.274197,29.494719],[31.274623,29.494709],[31.27513,29.494712],[31.27538,29.494708],[31.275594,29.494705],[31.276178,29.494597],[31.277531,29.494149],[31.27836,29.493894],[31.279203,29.493725],[31.281093,29.493038],[31.283596,29.492228],[31.284009,29.492063],[31.285117,29.491327],[31.287141,29.489905],[31.288928,29.4888],[31.289106,29.488603],[31.289152,29.488421],[31.289039,29.487685],[31.288653,29.485827],[31.288513,29.485264],[31.288553,29.484804],[31.289522,29.484036],[31.292458,29.481545],[31.293947,29.480236],[31.294257,29.480076],[31.298873,29.477665],[31.304371,29.47494],[31.308575,29.472885],[31.31152,29.47136],[31.315437,29.469632],[31.317062,29.468946],[31.318471,29.468422],[31.319352,29.468105],[31.323738,29.466793],[31.325129,29.466354],[31.325641,29.466262],[31.32612,29.466307],[31.336027,29.467072],[31.341283,29.467421],[31.354539,29.468291],[31.356217,29.46834],[31.357318,29.46585],[31.358378,29.463877],[31.35857,29.463967],[31.357244,29.466869],[31.356712,29.467979],[31.356571,29.468417],[31.357114,29.468482],[31.357487,29.468469],[31.357739,29.46846],[31.357931,29.468425],[31.35887,29.468266],[31.359387,29.468224],[31.359664,29.468247],[31.359835,29.468221],[31.359981,29.468142],[31.360013,29.468209],[31.359898,29.468296],[31.359739,29.468319],[31.359414,29.468303],[31.358859,29.468365],[31.358235,29.468469],[31.357634,29.468568],[31.357201,29.468595],[31.35676,29.468556],[31.356566,29.468644],[31.357907,29.470312],[31.357563,29.470515],[31.356654,29.469388],[31.356123,29.468711],[31.355665,29.468661],[31.350841,29.468399],[31.346616,29.468139],[31.342553,29.46783],[31.340519,29.467637],[31.332886,29.46706],[31.33288,29.467027],[31.326062,29.466443],[31.325719,29.466438],[31.325445,29.466433],[31.325229,29.466501],[31.318992,29.468444],[31.318416,29.46863],[31.315671,29.469687],[31.314431,29.470252],[31.312848,29.470923],[31.309312,29.472626],[31.305894,29.474336],[31.298524,29.478102],[31.294822,29.479928],[31.294344,29.480138],[31.294114,29.480273],[31.293454,29.480851],[31.2915,29.482532],[31.288903,29.484715],[31.288754,29.48485],[31.288743,29.484977],[31.288816,29.485392],[31.289118,29.487102],[31.289343,29.488077],[31.289394,29.488492],[31.289378,29.488662],[31.28917,29.488811],[31.285682,29.491058],[31.284572,29.491876],[31.284137,29.492168],[31.283718,29.49235],[31.281067,29.49318],[31.279108,29.493828],[31.278135,29.494178],[31.276412,29.494697],[31.275679,29.494833],[31.275153,29.494853],[31.274859,29.494828],[31.27436,29.494802],[31.274076,29.494826],[31.273912,29.494838],[31.273773,29.494885],[31.273642,29.494938],[31.273476,29.495043],[31.27335,29.495148],[31.273182,29.495234],[31.272985,29.49527],[31.272909,29.495263],[31.272811,29.495236],[31.272713,29.495172],[31.27251,29.494971],[31.272389,29.494864],[31.272285,29.494861],[31.272062,29.494932],[31.270775,29.495311],[31.270139,29.495463],[31.269246,29.495666],[31.268562,29.495888],[31.268141,29.495984],[31.267678,29.496029],[31.267229,29.496011],[31.266713,29.495956],[31.266542,29.495922],[31.266336,29.495904],[31.266261,29.495894],[31.266155,29.49586],[31.266004,29.495779],[31.265911,29.495678],[31.26575,29.495788],[31.26559,29.495816],[31.265262,29.49589],[31.264831,29.495896],[31.264063,29.495885],[31.263663,29.495891],[31.263389,29.495909],[31.263088,29.495962],[31.262618,29.496034],[31.262044,29.496052],[31.261822,29.496082],[31.261559,29.496095],[31.261386,29.496095],[31.261064,29.496187],[31.260757,29.496261],[31.260273,29.496362],[31.259798,29.496485],[31.259667,29.496212],[31.259911,29.496126],[31.260546,29.496053],[31.260875,29.495957],[31.261046,29.495922],[31.261419,29.495922],[31.262109,29.495794],[31.262536,29.495714],[31.26295,29.495641],[31.263396,29.495708],[31.263983,29.495733],[31.264681,29.49576],[31.265004,29.495765],[31.265258,29.49576],[31.265519,29.495711],[31.265691,29.495687],[31.265884,29.495605],[31.265995,29.495568],[31.266062,29.495682]]]},"properties":{"Name":"بحيرة صناعية","Shape_Length":0.23786511467124272,"Shape_Area":2.3191961185568402e-05}},{"type":"Feature","id":108,"geometry":{"type":"Polygon","coordinates":[[[31.307218,29.402943],[31.30751,29.403054],[31.308242,29.403299],[31.30893,29.403519],[31.310541,29.404023],[31.311304,29.404229],[31.313347,29.404829],[31.315041,29.405331],[31.317957,29.40626],[31.319246,29.406689],[31.320832,29.407163],[31.321295,29.407297],[31.321298,29.407362],[31.320146,29.407023],[31.319389,29.406795],[31.318035,29.406366],[31.315789,29.405697],[31.313703,29.405033],[31.311434,29.404347],[31.310483,29.404093],[31.309303,29.403718],[31.307549,29.403181],[31.307133,29.403048],[31.306292,29.402739],[31.301789,29.401298],[31.296958,29.399729],[31.293592,29.398687],[31.289169,29.397247],[31.286176,29.396271],[31.283575,29.39542],[31.28204,29.394934],[31.277212,29.393361],[31.27352,29.392178],[31.272145,29.391765],[31.271353,29.391508],[31.269287,29.390843],[31.266647,29.389916],[31.265894,29.389755],[31.265708,29.389749],[31.265412,29.389722],[31.265183,29.389702],[31.264855,29.389743],[31.263998,29.390117],[31.262994,29.390658],[31.260789,29.391829],[31.258885,29.392888],[31.257836,29.393484],[31.257414,29.393639],[31.256023,29.394142],[31.252796,29.395284],[31.252217,29.395526],[31.251988,29.395548],[31.251862,29.395501],[31.251713,29.395448],[31.251536,29.395355],[31.251414,29.395217],[31.251322,29.395006],[31.251126,29.393519],[31.250812,29.391371],[31.250416,29.388631],[31.249985,29.385628],[31.249803,29.384011],[31.249767,29.38364],[31.249688,29.3835],[31.249547,29.383339],[31.249252,29.383121],[31.248481,29.382614],[31.24802,29.382242],[31.247484,29.381837],[31.247128,29.381508],[31.24687,29.381335],[31.246701,29.38129],[31.246469,29.38134],[31.246032,29.381391],[31.245456,29.381494],[31.242111,29.382021],[31.241115,29.382173],[31.24074,29.382215],[31.24036,29.382265],[31.239988,29.382316],[31.239793,29.382325],[31.239547,29.382382],[31.239297,29.382439],[31.239087,29.382458],[31.238831,29.382468],[31.238641,29.382482],[31.238475,29.382502],[31.238253,29.382615],[31.238078,29.382737],[31.237945,29.382804],[31.237866,29.38283],[31.237728,29.382883],[31.237606,29.382925],[31.237493,29.383001],[31.237476,29.382904],[31.237569,29.382846],[31.237645,29.382814],[31.237728,29.382799],[31.237803,29.382799],[31.237912,29.382752],[31.238005,29.38267],[31.238075,29.38259],[31.23813,29.382541],[31.238339,29.382478],[31.238448,29.382463],[31.238613,29.382406],[31.238746,29.382392],[31.239016,29.382358],[31.239148,29.382354],[31.239281,29.38227],[31.239346,29.382256],[31.239561,29.382256],[31.239804,29.382238],[31.240095,29.382197],[31.240285,29.382165],[31.240459,29.382134],[31.24064,29.382125],[31.2409,29.382098],[31.241104,29.382063],[31.243936,29.381653],[31.246053,29.381252],[31.246627,29.381216],[31.246869,29.381246],[31.247056,29.381308],[31.247204,29.381428],[31.24753,29.381718],[31.248474,29.382448],[31.249504,29.383193],[31.249712,29.383365],[31.249893,29.383591],[31.249986,29.384252],[31.250161,29.385716],[31.250929,29.390829],[31.251442,29.394917],[31.251537,29.395162],[31.2517,29.395311],[31.251858,29.395383],[31.252065,29.395391],[31.25244,29.395311],[31.256013,29.394002],[31.257559,29.393466],[31.257966,29.393287],[31.259052,29.392684],[31.261457,29.391357],[31.264177,29.38991],[31.264674,29.389683],[31.26495,29.389623],[31.265541,29.389625],[31.265863,29.389661],[31.266193,29.38974],[31.266915,29.389955],[31.269381,29.390749],[31.271729,29.391499],[31.27701,29.393214],[31.27815,29.393587],[31.282477,29.394925],[31.283435,29.395253],[31.287352,29.396528],[31.292862,29.398313],[31.29679,29.399567],[31.302142,29.401299],[31.305986,29.402558],[31.307052,29.402887],[31.307218,29.402943]]]},"properties":{"Name":"مخر سيل","Shape_Length":0.19827108292841078,"Shape_Area":1.0996761398664437e-05}},{"type":"Feature","id":109,"geometry":{"type":"Polygon","coordinates":[[[31.34365,29.520174],[31.343802,29.520322],[31.342191,29.521912],[31.34112,29.522961],[31.340628,29.523371],[31.3407,29.523767],[31.340809,29.523699],[31.340943,29.52369],[31.341028,29.523709],[31.341136,29.523785],[31.341173,29.523862],[31.341125,29.523934],[31.341076,29.52396],[31.340952,29.523981],[31.340885,29.524052],[31.340758,29.524351],[31.340286,29.524856],[31.339987,29.525162],[31.339642,29.525407],[31.339346,29.525524],[31.339056,29.525629],[31.338594,29.525613],[31.33836,29.525576],[31.338044,29.525437],[31.337783,29.525341],[31.337517,29.525157],[31.337313,29.525038],[31.337179,29.524988],[31.337029,29.52498],[31.336717,29.525005],[31.336257,29.525047],[31.335958,29.525055],[31.335454,29.525044],[31.334981,29.524989],[31.334221,29.525],[31.333335,29.525119],[31.332793,29.525211],[31.332356,29.525254],[31.332061,29.52525],[31.331749,29.525188],[31.331538,29.525078],[31.331262,29.524942],[31.331014,29.524851],[31.329929,29.524317],[31.329417,29.524079],[31.329063,29.523928],[31.32878,29.523787],[31.328602,29.523742],[31.32836,29.523703],[31.327723,29.523652],[31.327118,29.523526],[31.326599,29.523445],[31.325951,29.523333],[31.325565,29.523317],[31.325059,29.523246],[31.32443,29.523002],[31.323364,29.522637],[31.322297,29.522212],[31.322045,29.522125],[31.321838,29.522052],[31.321637,29.521988],[31.320983,29.521731],[31.32019,29.521409],[31.319338,29.521114],[31.318722,29.520902],[31.318196,29.520711],[31.317604,29.520485],[31.316005,29.519885],[31.314788,29.519387],[31.313775,29.519029],[31.313382,29.518878],[31.313082,29.5187],[31.312676,29.518438],[31.312046,29.518031],[31.311102,29.517441],[31.310655,29.517266],[31.309734,29.516945],[31.308707,29.516594],[31.307761,29.516315],[31.306648,29.516048],[31.305687,29.515853],[31.305305,29.515834],[31.304811,29.515782],[31.30421,29.515728],[31.303651,29.515824],[31.302012,29.516119],[31.30053,29.516397],[31.29982,29.516427],[31.299524,29.516364],[31.299117,29.516245],[31.298842,29.516118],[31.298371,29.515914],[31.297804,29.51583],[31.297421,29.515814],[31.297128,29.515794],[31.29682,29.515707],[31.296583,29.51557],[31.296281,29.515354],[31.295918,29.515073],[31.295402,29.514505],[31.295077,29.514344],[31.294711,29.514268],[31.293888,29.514067],[31.292462,29.513739],[31.291522,29.51361],[31.291149,29.513574],[31.290864,29.51362],[31.290021,29.513797],[31.289087,29.51399],[31.285824,29.514692],[31.283716,29.515135],[31.281126,29.515712],[31.278939,29.51618],[31.276967,29.51682],[31.275758,29.517181],[31.275475,29.517328],[31.275299,29.517383],[31.274761,29.517401],[31.274278,29.517452],[31.273372,29.517617],[31.272231,29.517833],[31.271437,29.518071],[31.271428,29.51786],[31.272008,29.517662],[31.273179,29.517444],[31.274305,29.517286],[31.275062,29.517137],[31.27574,29.51699],[31.277,29.516577],[31.278566,29.516138],[31.280032,29.515762],[31.282025,29.51529],[31.285012,29.514657],[31.286336,29.514408],[31.29026,29.513548],[31.290804,29.513425],[31.290986,29.513346],[31.29149,29.513392],[31.292108,29.513485],[31.293118,29.513661],[31.294301,29.513954],[31.295065,29.514089],[31.295259,29.514137],[31.295435,29.514201],[31.295635,29.51435],[31.295915,29.514595],[31.296207,29.514845],[31.296706,29.515191],[31.297059,29.51542],[31.297263,29.515502],[31.297489,29.515517],[31.298047,29.515535],[31.298328,29.515548],[31.298701,29.515667],[31.299289,29.515932],[31.299804,29.51609],[31.300019,29.516095],[31.300241,29.51602],[31.301205,29.515881],[31.301958,29.515743],[31.302504,29.515668],[31.303736,29.515487],[31.304308,29.515417],[31.304672,29.515417],[31.305049,29.51547],[31.305515,29.515566],[31.305791,29.515591],[31.305993,29.5156],[31.307058,29.51592],[31.308154,29.516265],[31.309021,29.516557],[31.310975,29.517175],[31.311429,29.517362],[31.312031,29.51775],[31.31282,29.518324],[31.313557,29.5187],[31.314363,29.519021],[31.315723,29.519533],[31.318496,29.52057],[31.320035,29.52118],[31.321085,29.521565],[31.32392,29.522683],[31.325075,29.52305],[31.325898,29.523191],[31.326715,29.523333],[31.328426,29.523586],[31.328843,29.52367],[31.329293,29.52384],[31.331599,29.524935],[31.332001,29.525044],[31.332539,29.52505],[31.333136,29.525],[31.333805,29.524915],[31.334166,29.524883],[31.334636,29.524856],[31.335339,29.524902],[31.335835,29.52491],[31.336379,29.524855],[31.336671,29.524801],[31.3369,29.524772],[31.337168,29.524758],[31.33746,29.524851],[31.337645,29.524954],[31.337915,29.525129],[31.338264,29.525327],[31.338591,29.525332],[31.33899,29.525284],[31.339417,29.525116],[31.339911,29.524777],[31.34019,29.524462],[31.34041,29.524371],[31.340573,29.524265],[31.340745,29.524015],[31.340661,29.524018],[31.340588,29.524075],[31.340528,29.524075],[31.340476,29.523873],[31.340388,29.523545],[31.34036,29.523393],[31.340418,29.523294],[31.341043,29.522689],[31.342165,29.521638],[31.342912,29.52087],[31.34365,29.520174]]]},"properties":{"Name":"حجز توجيه","Shape_Length":0.1580860953614804,"Shape_Area":1.7205248988628752e-05}},{"type":"Feature","id":110,"geometry":{"type":"Polygon","coordinates":[[[31.228357,29.251957],[31.22848,29.251937],[31.22858,29.251948],[31.228669,29.252007],[31.228802,29.252172],[31.228871,29.252246],[31.228911,29.252261],[31.228971,29.252249],[31.22902,29.252205],[31.229066,29.252098],[31.229147,29.251925],[31.229268,29.251801],[31.229414,29.251693],[31.22954,29.251625],[31.229639,29.251615],[31.229711,29.251622],[31.22976,29.251654],[31.229807,29.251716],[31.229864,29.251759],[31.229931,29.251777],[31.230015,29.251786],[31.230062,29.251801],[31.230103,29.251841],[31.230158,29.251906],[31.230196,29.251939],[31.230261,29.25196],[31.230378,29.251958],[31.230443,29.251925],[31.230438,29.251878],[31.230423,29.251828],[31.230399,29.251769],[31.230375,29.251709],[31.23036,29.251659],[31.230356,29.251611],[31.230386,29.251569],[31.230502,29.251553],[31.230612,29.251559],[31.230802,29.251584],[31.230893,29.251604],[31.231057,29.25164],[31.231227,29.251698],[31.231393,29.251779],[31.231509,29.251847],[31.23162,29.251882],[31.231673,29.251904],[31.23179,29.251915],[31.231984,29.251959],[31.232152,29.25197],[31.232268,29.251979],[31.232428,29.25197],[31.232568,29.251979],[31.23267,29.251951],[31.232923,29.251889],[31.233322,29.251773],[31.23358,29.251677],[31.233898,29.251517],[31.234066,29.25146],[31.234154,29.251485],[31.234191,29.251523],[31.234229,29.251633],[31.234283,29.251768],[31.234328,29.25178],[31.234418,29.251764],[31.234779,29.251691],[31.23485,29.25167],[31.235024,29.251682],[31.235084,29.251668],[31.235143,29.25163],[31.235204,29.251561],[31.235282,29.251509],[31.235357,29.251471],[31.235446,29.251416],[31.235539,29.251356],[31.23565,29.251287],[31.235741,29.251247],[31.235819,29.251193],[31.235873,29.251128],[31.235912,29.251101],[31.235944,29.251068],[31.235974,29.251038],[31.23601,29.251043],[31.236029,29.251058],[31.236061,29.251068],[31.236105,29.251091],[31.236162,29.251101],[31.23621,29.251103],[31.236308,29.251114],[31.236404,29.251137],[31.236501,29.251159],[31.236576,29.251152],[31.236715,29.251139],[31.236911,29.251113],[31.237003,29.251081],[31.237071,29.251033],[31.237112,29.250992],[31.237179,29.250959],[31.23728,29.250926],[31.237391,29.250866],[31.237481,29.250823],[31.23757,29.250769],[31.237646,29.250729],[31.237812,29.250658],[31.23798,29.250588],[31.23812,29.250529],[31.238219,29.2505],[31.238318,29.250454],[31.238396,29.250392],[31.23844,29.250358],[31.238436,29.250327],[31.238436,29.250274],[31.238301,29.250252],[31.238132,29.250248],[31.237988,29.250233],[31.237848,29.250226],[31.237701,29.250233],[31.237536,29.250238],[31.237488,29.250236],[31.237488,29.250195],[31.237481,29.250152],[31.237473,29.250083],[31.23746,29.250016],[31.237469,29.249928],[31.237456,29.249806],[31.237441,29.249694],[31.237434,29.249588],[31.237436,29.249512],[31.237439,29.249436],[31.237447,29.249376],[31.237451,29.249214],[31.237453,29.24918],[31.237451,29.249136],[31.237439,29.249087],[31.237422,29.249037],[31.237389,29.248974],[31.237372,29.248929],[31.237344,29.248862],[31.237335,29.248798],[31.237325,29.248735],[31.237319,29.248671],[31.237311,29.248624],[31.237303,29.248572],[31.237286,29.248515],[31.237275,29.248465],[31.237246,29.248342],[31.237219,29.248238],[31.237197,29.248126],[31.237183,29.248073],[31.237207,29.248064],[31.237243,29.248199],[31.237283,29.248359],[31.237321,29.248518],[31.237343,29.248639],[31.237366,29.248758],[31.237393,29.248871],[31.237425,29.248947],[31.23747,29.249056],[31.237497,29.249134],[31.237496,29.249262],[31.237475,29.249436],[31.237478,29.249568],[31.23749,29.249764],[31.237504,29.249859],[31.237505,29.24992],[31.237492,29.249977],[31.237489,29.250025],[31.237497,29.250099],[31.23752,29.250195],[31.237625,29.250191],[31.237747,29.250182],[31.237861,29.250172],[31.237965,29.250178],[31.238441,29.250218],[31.23847,29.249898],[31.238507,29.24947],[31.238541,29.249226],[31.238554,29.249092],[31.238549,29.248977],[31.238594,29.248931],[31.238657,29.248896],[31.238778,29.248819],[31.238866,29.248755],[31.238907,29.248733],[31.238957,29.248717],[31.239,29.248679],[31.239055,29.248595],[31.239107,29.248523],[31.239132,29.248493],[31.239106,29.248466],[31.239078,29.248417],[31.239056,29.248373],[31.239023,29.248293],[31.238981,29.24816],[31.238931,29.248083],[31.238886,29.248011],[31.238839,29.247932],[31.238811,29.247855],[31.238729,29.247663],[31.238576,29.24729],[31.238621,29.247268],[31.238827,29.247725],[31.239031,29.248174],[31.239133,29.248409],[31.239176,29.24845],[31.239227,29.248477],[31.239202,29.248531],[31.239116,29.248641],[31.239005,29.248728],[31.238929,29.248778],[31.238855,29.248827],[31.238768,29.24889],[31.238661,29.248936],[31.238616,29.248978],[31.23859,29.249035],[31.238603,29.249093],[31.238597,29.249183],[31.23858,29.249265],[31.23856,29.249379],[31.238574,29.249468],[31.238562,29.249636],[31.238511,29.250081],[31.238497,29.250276],[31.2385,29.250351],[31.23847,29.250402],[31.238302,29.250502],[31.237946,29.250669],[31.23762,29.250835],[31.237418,29.250919],[31.23728,29.250958],[31.237185,29.250994],[31.237112,29.251026],[31.237066,29.25112],[31.237135,29.251185],[31.237244,29.25122],[31.237375,29.251324],[31.237434,29.251387],[31.23745,29.251438],[31.237456,29.251496],[31.237479,29.251538],[31.2375,29.251579],[31.237598,29.251617],[31.237706,29.25164],[31.23781,29.251674],[31.237958,29.251745],[31.238026,29.251781],[31.238128,29.251807],[31.238271,29.251858],[31.238366,29.251897],[31.238455,29.251981],[31.238528,29.252038],[31.238691,29.25212],[31.238793,29.252199],[31.238947,29.252333],[31.239097,29.252436],[31.239234,29.252528],[31.239372,29.252588],[31.239344,29.25263],[31.239218,29.252571],[31.239099,29.252499],[31.238933,29.25241],[31.238803,29.252286],[31.238704,29.252189],[31.238627,29.252145],[31.238564,29.252111],[31.238485,29.252076],[31.238432,29.252042],[31.238369,29.251992],[31.238315,29.251937],[31.238247,29.251906],[31.238175,29.251874],[31.238083,29.251846],[31.237996,29.251825],[31.237945,29.251798],[31.237878,29.251769],[31.237796,29.25172],[31.237702,29.251687],[31.237556,29.251648],[31.237474,29.251604],[31.237422,29.251573],[31.237404,29.251527],[31.237384,29.251457],[31.237377,29.251413],[31.23735,29.25138],[31.237288,29.251352],[31.237139,29.251265],[31.237049,29.251195],[31.236993,29.251154],[31.236864,29.251168],[31.236639,29.251198],[31.236506,29.251208],[31.23637,29.251179],[31.236285,29.251157],[31.23618,29.251136],[31.23606,29.251124],[31.235991,29.251119],[31.235943,29.251135],[31.235873,29.251192],[31.235821,29.251252],[31.235714,29.251328],[31.235549,29.251432],[31.235494,29.251488],[31.235419,29.251496],[31.235343,29.251519],[31.235265,29.251574],[31.235211,29.251639],[31.235144,29.251697],[31.23502,29.25176],[31.234835,29.251753],[31.234694,29.25176],[31.234551,29.251767],[31.234383,29.251827],[31.23428,29.251844],[31.234218,29.25184],[31.234189,29.25176],[31.23413,29.251644],[31.23409,29.251546],[31.234007,29.251559],[31.233884,29.251593],[31.233629,29.251705],[31.233309,29.251841],[31.23306,29.251936],[31.232765,29.25201],[31.232514,29.252033],[31.232261,29.252039],[31.23208,29.252039],[31.23187,29.25201],[31.231629,29.251976],[31.231484,29.251919],[31.231389,29.251861],[31.231201,29.251783],[31.231055,29.251715],[31.230946,29.251678],[31.230843,29.251661],[31.230686,29.251644],[31.230576,29.25163],[31.230458,29.251616],[31.230442,29.251649],[31.230465,29.251706],[31.230523,29.251809],[31.230526,29.25189],[31.230515,29.251982],[31.23045,29.252018],[31.230365,29.252043],[31.230206,29.252046],[31.230132,29.251999],[31.230044,29.251911],[31.230014,29.251858],[31.22995,29.251835],[31.2299,29.251835],[31.229838,29.25184],[31.22979,29.251828],[31.229757,29.251758],[31.229724,29.251722],[31.229687,29.251685],[31.229644,29.251674],[31.229585,29.251693],[31.22948,29.251742],[31.229357,29.251807],[31.229258,29.251896],[31.229212,29.251995],[31.229146,29.252125],[31.22909,29.25222],[31.229035,29.252269],[31.228969,29.252302],[31.228892,29.25233],[31.22881,29.252294],[31.228716,29.252179],[31.228664,29.252106],[31.228612,29.25206],[31.228533,29.252022],[31.228361,29.252032],[31.228357,29.251957]]]},"properties":{"Name":"بحيرة صناعية ب3","Shape_Length":0.04294500157451967,"Shape_Area":1.2738845618930607e-06}},{"type":"Feature","id":111,"geometry":{"type":"Polygon","coordinates":[[[31.041814,28.983984],[31.042335,28.983324],[31.042669,28.98296],[31.042959,28.982432],[31.043108,28.981827],[31.043149,28.981198],[31.043168,28.980889],[31.04336,28.980377],[31.043768,28.980044],[31.044394,28.979593],[31.04468,28.979473],[31.045005,28.979385],[31.045321,28.979275],[31.045859,28.97926],[31.046402,28.979256],[31.046909,28.979243],[31.047273,28.97913],[31.047504,28.978975],[31.048089,28.978608],[31.049554,28.977688],[31.050578,28.977082],[31.050981,28.976924],[31.051805,28.976728],[31.052539,28.97656],[31.053725,28.976314],[31.054899,28.976052],[31.055575,28.975715],[31.057774,28.974479],[31.059041,28.973802],[31.059509,28.973629],[31.060136,28.973472],[31.060879,28.97336],[31.064093,28.97281],[31.067681,28.972278],[31.068662,28.972056],[31.071275,28.971345],[31.071511,28.971372],[31.071665,28.971468],[31.071847,28.971802],[31.072112,28.972348],[31.072183,28.972615],[31.072192,28.972725],[31.071689,28.972667],[31.07045,28.972461],[31.06989,28.972343],[31.069463,28.972343],[31.068752,28.972426],[31.068382,28.972476],[31.064886,28.97299],[31.060314,28.973732],[31.059751,28.973841],[31.059167,28.974058],[31.0563,28.975617],[31.055352,28.976128],[31.054557,28.97642],[31.054143,28.97656],[31.051652,28.977062],[31.050961,28.977226],[31.050473,28.977462],[31.047804,28.979157],[31.047438,28.979411],[31.04708,28.979487],[31.046682,28.979517],[31.046165,28.979591],[31.045633,28.979618],[31.045168,28.979685],[31.044748,28.979836],[31.044363,28.980003],[31.043967,28.980245],[31.043651,28.980538],[31.043469,28.980832],[31.043416,28.981097],[31.043448,28.981344],[31.043468,28.981791],[31.043385,28.982531],[31.043345,28.982764],[31.04315,28.983149],[31.042842,28.983524],[31.042648,28.983706],[31.042019,28.984455],[31.041814,28.983984]]]},"properties":{"Name":"بحيرة صناعية ب2","Shape_Length":0.07089475849311706,"Shape_Area":1.2533703670896564e-05}},{"type":"Feature","id":112,"geometry":{"type":"Polygon","coordinates":[[[31.167928,27.13321],[31.168753,27.133214],[31.169329,27.133305],[31.169538,27.133352],[31.16987,27.133423],[31.170485,27.133485],[31.171295,27.133541],[31.172422,27.133619],[31.172684,27.133603],[31.172981,27.133515],[31.173561,27.133244],[31.174817,27.132604],[31.175661,27.132219],[31.176052,27.132125],[31.176419,27.132116],[31.177675,27.132043],[31.17897,27.131996],[31.179231,27.132058],[31.180647,27.132503],[31.181291,27.13273],[31.181234,27.132913],[31.180778,27.132787],[31.179789,27.13248],[31.179351,27.132354],[31.178894,27.132209],[31.178594,27.132178],[31.177522,27.132237],[31.176399,27.132272],[31.176232,27.132277],[31.176101,27.132299],[31.174416,27.132992],[31.172716,27.133819],[31.171797,27.134279],[31.170878,27.134703],[31.170227,27.135024],[31.169951,27.135215],[31.169665,27.135714],[31.169565,27.135865],[31.169389,27.136026],[31.169177,27.136135],[31.169191,27.135879],[31.169477,27.13579],[31.169549,27.135706],[31.169737,27.135411],[31.169824,27.135253],[31.16977,27.135232],[31.168919,27.135667],[31.168693,27.135767],[31.168372,27.136098],[31.16817,27.135704],[31.168629,27.135613],[31.168786,27.135555],[31.16938,27.135289],[31.169845,27.135021],[31.170354,27.134809],[31.171066,27.13444],[31.171694,27.134149],[31.172416,27.133858],[31.172435,27.133815],[31.172417,27.133778],[31.172316,27.133758],[31.170263,27.133614],[31.16962,27.13358],[31.168987,27.133546],[31.167892,27.133467],[31.167656,27.133224],[31.167928,27.13321]]]},"properties":{"Name":"مخر سيل بوادي درنكة القديمة","Shape_Length":0.04055617735365388,"Shape_Area":3.660824458690369e-06}},{"type":"Feature","id":113,"geometry":{"type":"Polygon","coordinates":[[[31.172299,27.12302],[31.172326,27.123096],[31.17174,27.123272],[31.171251,27.123425],[31.1706,27.123636],[31.169707,27.123983],[31.169265,27.124129],[31.169004,27.124211],[31.167572,27.124674],[31.167223,27.124869],[31.167135,27.125045],[31.16711,27.125347],[31.167084,27.125705],[31.167169,27.126095],[31.16735,27.127265],[31.167501,27.127888],[31.167405,27.128028],[31.167339,27.127647],[31.166995,27.125882],[31.166997,27.125712],[31.167005,27.125496],[31.167088,27.124904],[31.167076,27.124857],[31.167017,27.124871],[31.166796,27.124899],[31.166789,27.124811],[31.16708,27.124761],[31.167108,27.124716],[31.167133,27.124577],[31.167202,27.123809],[31.16739,27.121699],[31.167505,27.120491],[31.167595,27.119419],[31.167716,27.119447],[31.167738,27.119507],[31.167712,27.119862],[31.167605,27.120819],[31.167514,27.121768],[31.167328,27.123513],[31.167233,27.12452],[31.167255,27.124631],[31.167298,27.12466],[31.167437,27.124628],[31.168187,27.124368],[31.169022,27.124086],[31.169636,27.123917],[31.170303,27.12369],[31.171103,27.123399],[31.171731,27.123211],[31.172299,27.12302]]]},"properties":{"Name":"مخر سيل بوادي درنكة الجديدة","Shape_Length":0.02865515934435846,"Shape_Area":1.4663377314226646e-06}},{"type":"Feature","id":114,"geometry":{"type":"Polygon","coordinates":[[[31.284516,29.699961],[31.287298,29.701411],[31.288352,29.701993],[31.289329,29.702612],[31.290504,29.703591],[31.292852,29.705303],[31.294343,29.706508],[31.295043,29.707043],[31.295418,29.707529],[31.295462,29.707675],[31.295504,29.707849],[31.295794,29.708243],[31.296425,29.709667],[31.296896,29.710749],[31.296926,29.710869],[31.296982,29.710965],[31.297045,29.711078],[31.297153,29.711251],[31.297239,29.711441],[31.297381,29.711624],[31.297565,29.711877],[31.297746,29.712044],[31.297922,29.712156],[31.298093,29.712256],[31.298306,29.71236],[31.298516,29.71243],[31.298894,29.712619],[31.29914,29.712732],[31.299375,29.712874],[31.299573,29.712956],[31.299699,29.712966],[31.30017,29.713151],[31.301954,29.713944],[31.302353,29.714107],[31.302514,29.714171],[31.302787,29.714328],[31.303185,29.714503],[31.303614,29.714663],[31.30465,29.715134],[31.305187,29.715377],[31.305413,29.715535],[31.305658,29.71567],[31.305802,29.715716],[31.306096,29.7157],[31.30651,29.715547],[31.306828,29.715421],[31.307558,29.71503],[31.307828,29.71493],[31.308107,29.714861],[31.308347,29.714825],[31.308949,29.714832],[31.309516,29.714866],[31.309823,29.714879],[31.310176,29.714851],[31.310623,29.714753],[31.311131,29.714669],[31.312046,29.714373],[31.312623,29.714205],[31.31311,29.714153],[31.314225,29.714053],[31.315042,29.713969],[31.315654,29.713932],[31.316025,29.713842],[31.316611,29.71362],[31.318835,29.712555],[31.320763,29.711726],[31.321266,29.711513],[31.322756,29.711203],[31.32604,29.710668],[31.32731,29.710528],[31.32773,29.710442],[31.328053,29.7105],[31.32817,29.710659],[31.328273,29.711194],[31.32858,29.713488],[31.328907,29.71401],[31.329113,29.714207],[31.329305,29.714221],[31.330004,29.714204],[31.330955,29.714106],[31.33232,29.713768],[31.332836,29.713566],[31.333244,29.713296],[31.335309,29.711922],[31.335997,29.711393],[31.336355,29.711006],[31.336685,29.710749],[31.336963,29.710621],[31.337279,29.710571],[31.337881,29.710564],[31.34503,29.710494],[31.347849,29.710479],[31.349083,29.710432],[31.349762,29.710357],[31.350461,29.710138],[31.351116,29.709914],[31.351959,29.70972],[31.352603,29.709693],[31.362363,29.709987],[31.368951,29.710203],[31.372069,29.710361],[31.376872,29.710552],[31.377692,29.710581],[31.377947,29.710586],[31.378308,29.710791],[31.380081,29.711729],[31.381905,29.712807],[31.38264,29.713212],[31.383044,29.713419],[31.3832,29.713347],[31.383634,29.712971],[31.384117,29.713062],[31.384142,29.713015],[31.384222,29.712976],[31.384273,29.71303],[31.384296,29.713073],[31.384202,29.713152],[31.384062,29.713141],[31.383596,29.713066],[31.383426,29.713226],[31.383192,29.713434],[31.382994,29.713638],[31.382936,29.71376],[31.382755,29.714011],[31.382622,29.714136],[31.382529,29.714046],[31.382769,29.713836],[31.382865,29.713632],[31.382821,29.713544],[31.382283,29.713252],[31.381976,29.713073],[31.381737,29.71297],[31.379037,29.711457],[31.378597,29.711172],[31.37811,29.710925],[31.377747,29.710793],[31.377377,29.71078],[31.376414,29.710794],[31.373211,29.710601],[31.369349,29.710399],[31.36884,29.710378],[31.368348,29.710406],[31.359112,29.71012],[31.354554,29.709964],[31.353935,29.709962],[31.353267,29.709932],[31.35251,29.709927],[31.352048,29.709945],[31.351807,29.709956],[31.351409,29.710118],[31.350681,29.710304],[31.349855,29.710529],[31.349342,29.710644],[31.348898,29.71066],[31.346467,29.710676],[31.345164,29.710667],[31.338038,29.710782],[31.337711,29.710764],[31.33742,29.710758],[31.337219,29.710765],[31.337087,29.710852],[31.336835,29.711041],[31.336707,29.711193],[31.336545,29.71136],[31.336392,29.711433],[31.336187,29.711506],[31.333843,29.713196],[31.333134,29.713638],[31.33271,29.713796],[31.330749,29.714282],[31.330465,29.714319],[31.330254,29.714303],[31.330086,29.714346],[31.329764,29.714383],[31.329317,29.714401],[31.329128,29.714385],[31.328984,29.714343],[31.328885,29.714286],[31.328678,29.714002],[31.328538,29.713802],[31.328449,29.713662],[31.328369,29.713469],[31.328314,29.713268],[31.328271,29.713049],[31.328093,29.711567],[31.328004,29.710749],[31.327977,29.710641],[31.326943,29.710752],[31.326184,29.710838],[31.325098,29.710986],[31.322414,29.71144],[31.32147,29.711618],[31.321113,29.711704],[31.320973,29.711789],[31.320756,29.711932],[31.320592,29.711982],[31.320096,29.712201],[31.319087,29.712647],[31.31829,29.713004],[31.317537,29.713404],[31.316696,29.713756],[31.316041,29.714023],[31.315667,29.714091],[31.313985,29.714257],[31.313527,29.714306],[31.312919,29.714348],[31.312287,29.714451],[31.310714,29.714875],[31.31018,29.714952],[31.309433,29.71499],[31.308695,29.714975],[31.308251,29.714982],[31.307928,29.715041],[31.307585,29.71521],[31.306877,29.71552],[31.306287,29.715749],[31.30596,29.715841],[31.305732,29.715828],[31.305157,29.715589],[31.300098,29.713251],[31.299702,29.713097],[31.299584,29.713038],[31.299386,29.712986],[31.298432,29.712544],[31.29778,29.712161],[31.297437,29.711921],[31.297312,29.711747],[31.297153,29.71154],[31.296965,29.711256],[31.295966,29.709041],[31.295681,29.708337],[31.295308,29.707642],[31.295146,29.707408],[31.294948,29.707169],[31.29468,29.706947],[31.292135,29.705014],[31.289332,29.702853],[31.288981,29.70259],[31.288276,29.702118],[31.284607,29.700224],[31.283256,29.699537],[31.282391,29.699182],[31.28252,29.698901],[31.284516,29.699961]]]},"properties":{"Name":"سد وادي متين","Shape_Length":0.22957639793248258,"Shape_Area":2.1388804360328695e-05}},{"type":"Feature","id":115,"geometry":{"type":"Polygon","coordinates":[[[31.31029,29.823666],[31.310587,29.823829],[31.310787,29.823925],[31.310977,29.824009],[31.311079,29.823986],[31.311242,29.823871],[31.311498,29.823614],[31.31171,29.823434],[31.311961,29.82324],[31.312164,29.823199],[31.31233,29.823154],[31.312464,29.823078],[31.312589,29.822958],[31.312818,29.822708],[31.313014,29.822505],[31.313124,29.822341],[31.313144,29.822214],[31.313191,29.821983],[31.313292,29.821791],[31.313468,29.821738],[31.313559,29.821761],[31.313962,29.821713],[31.314578,29.821587],[31.317595,29.820856],[31.321771,29.819764],[31.325802,29.818747],[31.329655,29.81774],[31.331144,29.817355],[31.331912,29.817095],[31.332804,29.816704],[31.333086,29.816438],[31.334467,29.815044],[31.335748,29.813683],[31.336213,29.81329],[31.336952,29.812727],[31.338734,29.811338],[31.340206,29.810232],[31.341182,29.809507],[31.341648,29.809396],[31.34317,29.809097],[31.344948,29.808693],[31.346047,29.808487],[31.347308,29.808092],[31.348772,29.807645],[31.350112,29.807302],[31.350528,29.807232],[31.350545,29.807732],[31.348751,29.807947],[31.345609,29.80887],[31.343128,29.809365],[31.341451,29.809764],[31.341068,29.809921],[31.339878,29.810789],[31.339388,29.811195],[31.338201,29.812149],[31.336705,29.813299],[31.336336,29.813577],[31.335845,29.81402],[31.335336,29.81466],[31.334672,29.81533],[31.333954,29.816035],[31.333319,29.816654],[31.332921,29.816955],[31.332293,29.817245],[31.330233,29.817816],[31.324258,29.819316],[31.320309,29.820343],[31.319295,29.820666],[31.316809,29.821327],[31.314668,29.821889],[31.31418,29.821991],[31.313972,29.821987],[31.313522,29.82187],[31.313416,29.821874],[31.313374,29.821939],[31.31334,29.822136],[31.313299,29.822301],[31.313186,29.822477],[31.313049,29.822612],[31.312505,29.823153],[31.31232,29.823244],[31.312131,29.823303],[31.311911,29.823402],[31.311565,29.823697],[31.311368,29.823907],[31.311185,29.824042],[31.311094,29.824084],[31.310917,29.824079],[31.310674,29.823954],[31.310428,29.823812],[31.310285,29.823745],[31.310215,29.823724],[31.310214,29.823657],[31.31029,29.823666]]]},"properties":{"Name":"مخر سيل طما فيوم","Shape_Length":0.09071695745161801,"Shape_Area":1.1169307965214466e-05}},{"type":"Feature","id":116,"geometry":{"type":"Polygon","coordinates":[[[31.324957,29.885944],[31.324928,29.886225],[31.324699,29.886268],[31.324385,29.88633],[31.324061,29.886341],[31.323736,29.886274],[31.323107,29.886116],[31.32083,29.885561],[31.315702,29.884355],[31.313472,29.883852],[31.312918,29.883685],[31.312327,29.883523],[31.31215,29.883496],[31.312067,29.883556],[31.312001,29.883595],[31.311948,29.883654],[31.311874,29.883635],[31.311927,29.883573],[31.311984,29.883546],[31.312074,29.883513],[31.312104,29.88348],[31.312077,29.883443],[31.312024,29.883417],[31.31202,29.883394],[31.312073,29.883366],[31.312171,29.883378],[31.312413,29.883435],[31.312886,29.883539],[31.314001,29.883786],[31.316263,29.884329],[31.317109,29.884488],[31.317977,29.884683],[31.320512,29.88532],[31.322003,29.885677],[31.322926,29.885936],[31.323652,29.886085],[31.323994,29.886136],[31.324237,29.886136],[31.32458,29.88605],[31.324957,29.885944]]]},"properties":{"Name":"مخر سيل ابو صالح","Shape_Length":0.027448639021756076,"Shape_Area":2.269642702593448e-06}},{"type":"Feature","id":117,"geometry":{"type":"Polygon","coordinates":[[[30.933548,29.180335],[30.933636,29.180208],[30.934105,29.179834],[30.934919,29.17909],[30.936075,29.178047],[30.938328,29.175989],[30.939814,29.174637],[30.940465,29.174028],[30.940695,29.173832],[30.940877,29.173873],[30.939353,29.175282],[30.937065,29.177376],[30.935853,29.178464],[30.934654,29.179555],[30.934041,29.180096],[30.933825,29.180266],[30.933699,29.18034],[30.933595,29.18059],[30.932977,29.181792],[30.932595,29.182502],[30.932399,29.182873],[30.932261,29.1832],[30.932067,29.183123],[30.933548,29.180335]]]},"properties":{"Name":"مخر سيل وادي غراب","Shape_Length":0.026089650277188205,"Shape_Area":2.1474133187718497e-06}},{"type":"Feature","id":118,"geometry":{"type":"Polygon","coordinates":[[[31.197346,29.185104],[31.204297,29.183128],[31.204632,29.183009],[31.205273,29.182641],[31.207044,29.181513],[31.207482,29.181265],[31.20827,29.181119],[31.209777,29.180875],[31.209874,29.181155],[31.20809,29.181373],[31.207432,29.181466],[31.205455,29.182733],[31.204743,29.183149],[31.198635,29.184875],[31.196297,29.18555],[31.195044,29.185919],[31.195025,29.185795],[31.197346,29.185104]]]},"properties":{"Name":"سد وادي فقيرة","Shape_Length":0.03181613717093192,"Shape_Area":2.501392648819622e-06}},{"type":"Feature","id":119,"geometry":{"type":"Polygon","coordinates":[[[30.84673,28.405583],[30.847492,28.407263],[30.847486,28.407327],[30.847405,28.407503],[30.847055,28.407525],[30.84663,28.407599],[30.846353,28.407651],[30.846096,28.407732],[30.845908,28.407802],[30.845712,28.407921],[30.845438,28.40811],[30.845118,28.408332],[30.844909,28.408523],[30.844632,28.408777],[30.844202,28.409108],[30.843779,28.409489],[30.843481,28.409666],[30.843249,28.409791],[30.842933,28.409892],[30.842533,28.410003],[30.842144,28.41016],[30.841821,28.410358],[30.841121,28.410846],[30.840661,28.411193],[30.840348,28.411367],[30.840012,28.411549],[30.839476,28.41172],[30.838881,28.411923],[30.838312,28.412119],[30.837793,28.412365],[30.83747,28.412548],[30.83732,28.412631],[30.837104,28.412703],[30.836804,28.412782],[30.836417,28.412883],[30.835834,28.413048],[30.835536,28.413226],[30.835296,28.413448],[30.835004,28.413856],[30.834812,28.414257],[30.834728,28.414472],[30.834696,28.414634],[30.834669,28.414753],[30.834641,28.414895],[30.834648,28.415093],[30.834668,28.415353],[30.834646,28.415639],[30.834554,28.415944],[30.834429,28.416136],[30.834226,28.416318],[30.83382,28.416654],[30.833423,28.416873],[30.83288,28.417137],[30.83262,28.417219],[30.83231,28.417298],[30.831862,28.417397],[30.831624,28.417454],[30.831528,28.417458],[30.831437,28.417417],[30.831326,28.417414],[30.831288,28.417357],[30.831265,28.417264],[30.831282,28.417197],[30.831363,28.417179],[30.831578,28.417155],[30.83185,28.417084],[30.832347,28.416944],[30.8327,28.416805],[30.83305,28.416618],[30.833343,28.416448],[30.833586,28.41627],[30.833896,28.416012],[30.834153,28.415775],[30.834266,28.415583],[30.834315,28.415395],[30.83433,28.415092],[30.834294,28.414842],[30.834349,28.414582],[30.834411,28.414355],[30.83443,28.41424],[30.834553,28.413958],[30.834789,28.41359],[30.835016,28.413223],[30.835287,28.412923],[30.835543,28.412717],[30.835757,28.412562],[30.836,28.412525],[30.836227,28.412482],[30.836575,28.412383],[30.837179,28.412189],[30.837541,28.412023],[30.837953,28.411824],[30.838617,28.411517],[30.838976,28.411414],[30.839327,28.411306],[30.839647,28.411183],[30.840088,28.41098],[30.840452,28.410757],[30.840907,28.410405],[30.841253,28.410174],[30.841666,28.409896],[30.842052,28.4097],[30.842349,28.409618],[30.8427,28.409499],[30.843009,28.409393],[30.843283,28.409246],[30.843787,28.408841],[30.844113,28.408554],[30.844433,28.408279],[30.844698,28.408043],[30.844823,28.407951],[30.844914,28.407886],[30.8451,28.407807],[30.845368,28.407699],[30.845587,28.407565],[30.845798,28.407425],[30.845929,28.407232],[30.846118,28.407003],[30.846241,28.406839],[30.846361,28.406611],[30.846471,28.406322],[30.846553,28.406122],[30.846618,28.405935],[30.84662,28.405772],[30.846661,28.40566],[30.84673,28.405583]]]},"properties":{"Name":"مخر سيل","Shape_Length":0.04296010720579464,"Shape_Area":9.603791398887268e-06}},{"type":"Feature","id":120,"geometry":{"type":"Polygon","coordinates":[[[31.081532,29.004858],[31.08161,29.004904],[31.081587,29.004962],[31.081562,29.004992],[31.081511,29.005007],[31.081463,29.005007],[31.081423,29.005017],[31.081391,29.005021],[31.081356,29.005021],[31.081338,29.005045],[31.081318,29.005067],[31.081366,29.005146],[31.081426,29.005207],[31.081496,29.005278],[31.081539,29.00534],[31.081593,29.00539],[31.081655,29.005467],[31.081677,29.005517],[31.081662,29.00554],[31.081648,29.005544],[31.081639,29.005537],[31.081636,29.005509],[31.081636,29.005482],[31.081595,29.005432],[31.081536,29.005366],[31.081416,29.005234],[31.081308,29.005112],[31.081293,29.0051],[31.081282,29.005097],[31.081259,29.005099],[31.081227,29.005096],[31.081169,29.005093],[31.081093,29.005078],[31.081017,29.005054],[31.080927,29.00501],[31.080791,29.004954],[31.080729,29.004928],[31.080689,29.004887],[31.080638,29.004847],[31.080598,29.004808],[31.080584,29.004785],[31.080539,29.004806],[31.080496,29.004838],[31.080413,29.004867],[31.080333,29.004904],[31.080237,29.004951],[31.080164,29.004991],[31.080064,29.005027],[31.079988,29.005066],[31.079942,29.005086],[31.07985,29.005105],[31.079809,29.005115],[31.079762,29.00514],[31.079673,29.005187],[31.07958,29.005237],[31.07952,29.005269],[31.07944,29.005311],[31.079373,29.005338],[31.079298,29.005367],[31.079218,29.00542],[31.079122,29.005467],[31.079053,29.005499],[31.078978,29.005537],[31.078899,29.005565],[31.078787,29.005623],[31.078736,29.005646],[31.078673,29.005682],[31.078651,29.005705],[31.078673,29.005738],[31.078745,29.005791],[31.078833,29.005867],[31.079001,29.006024],[31.079106,29.006106],[31.079144,29.006139],[31.079242,29.006194],[31.079322,29.006255],[31.079415,29.006315],[31.079408,29.006336],[31.079382,29.006324],[31.079292,29.006263],[31.079224,29.006219],[31.07913,29.006153],[31.079067,29.006108],[31.078999,29.006043],[31.078846,29.005921],[31.078605,29.005706],[31.078499,29.005747],[31.078367,29.005812],[31.078207,29.005886],[31.078052,29.005958],[31.077882,29.006032],[31.077652,29.006141],[31.077549,29.006182],[31.07748,29.006204],[31.077439,29.006206],[31.077407,29.006189],[31.077329,29.006116],[31.077241,29.006071],[31.077102,29.005987],[31.076987,29.005898],[31.076828,29.005804],[31.076759,29.005761],[31.076649,29.005721],[31.0765,29.005616],[31.076323,29.005496],[31.076271,29.005491],[31.076204,29.005487],[31.076129,29.005518],[31.075998,29.005577],[31.07587,29.005647],[31.075702,29.005746],[31.074847,29.006224],[31.073348,29.007089],[31.072605,29.007507],[31.071391,29.00821],[31.070944,29.008411],[31.07044,29.008702],[31.06987,29.009004],[31.066925,29.010566],[31.066463,29.010786],[31.06412,29.012015],[31.062761,29.012783],[31.062654,29.012823],[31.062564,29.012904],[31.06232,29.013044],[31.061666,29.01334],[31.06066,29.013821],[31.06024,29.01401],[31.059944,29.014122],[31.059618,29.01423],[31.058655,29.014556],[31.058618,29.014474],[31.059361,29.014241],[31.060056,29.014003],[31.060411,29.013844],[31.060816,29.013647],[31.061308,29.013416],[31.062004,29.013077],[31.062206,29.012972],[31.062537,29.012791],[31.062781,29.012649],[31.0632,29.01242],[31.063507,29.012251],[31.063787,29.012101],[31.064094,29.011906],[31.064295,29.011804],[31.064743,29.011569],[31.065216,29.011332],[31.065654,29.011097],[31.066713,29.010579],[31.066873,29.010485],[31.067097,29.010353],[31.067578,29.010106],[31.067966,29.009914],[31.068258,29.00977],[31.068551,29.009623],[31.069297,29.00923],[31.069592,29.00906],[31.069748,29.008982],[31.069871,29.008906],[31.070475,29.008608],[31.070765,29.008452],[31.07099,29.008332],[31.071309,29.008173],[31.07141,29.008129],[31.071527,29.008069],[31.071938,29.007827],[31.072253,29.007638],[31.072926,29.007255],[31.073718,29.006799],[31.074682,29.006263],[31.075514,29.005785],[31.075962,29.005526],[31.076189,29.005413],[31.07626,29.0054],[31.076312,29.005407],[31.076363,29.005437],[31.076421,29.005469],[31.076563,29.005574],[31.076735,29.005694],[31.07702,29.005863],[31.077444,29.006156],[31.077508,29.006145],[31.077693,29.006079],[31.077894,29.005983],[31.078101,29.005879],[31.078738,29.005578],[31.079279,29.005335],[31.07958,29.005145],[31.080023,29.004978],[31.080389,29.004816],[31.080547,29.004736],[31.080629,29.004755],[31.080682,29.004804],[31.08074,29.004854],[31.080801,29.004897],[31.080922,29.004946],[31.080984,29.004992],[31.081074,29.005034],[31.081157,29.00506],[31.08125,29.005054],[31.081301,29.005017],[31.081383,29.004969],[31.081433,29.004931],[31.081464,29.004886],[31.081494,29.004864],[31.081532,29.004858]]]},"properties":{"Name":"مخر سيل عزبة مغيب","Shape_Length":0.05509056655201884,"Shape_Area":1.9586284831109315e-06}},{"type":"Feature","id":121,"geometry":{"type":"Polygon","coordinates":[[[31.035972,28.932743],[31.036065,28.932769],[31.036185,28.932791],[31.036122,28.932868],[31.035966,28.933007],[31.035241,28.933557],[31.034039,28.934451],[31.032625,28.935564],[31.032316,28.935788],[31.032018,28.935968],[31.031598,28.936165],[31.029702,28.937231],[31.026374,28.939016],[31.023993,28.940303],[31.023665,28.940411],[31.021571,28.941159],[31.01989,28.94174],[31.018599,28.942617],[31.018547,28.942506],[31.019758,28.941658],[31.021172,28.941134],[31.023766,28.9402],[31.023937,28.94015],[31.024166,28.940036],[31.026584,28.938747],[31.029396,28.937194],[31.031297,28.936203],[31.031752,28.935961],[31.032037,28.935812],[31.032213,28.935681],[31.032411,28.935555],[31.035972,28.932743]]]},"properties":{"Name":"مخر سيل عزبة محمود السيد","Shape_Length":0.040719435575207935,"Shape_Area":3.045553529451395e-06}},{"type":"Feature","id":122,"geometry":{"type":"Polygon","coordinates":[[[31.131889,29.073259],[31.132329,29.073091],[31.132584,29.073013],[31.132821,29.072959],[31.133866,29.072862],[31.134286,29.072813],[31.134456,29.072764],[31.134564,29.072723],[31.135135,29.072411],[31.135861,29.07204],[31.137277,29.071365],[31.138657,29.070682],[31.139127,29.070389],[31.141421,29.069297],[31.141987,29.06902],[31.142345,29.068834],[31.142584,29.068611],[31.143069,29.068166],[31.143976,29.067371],[31.144921,29.066444],[31.146038,29.065412],[31.147049,29.064521],[31.14819,29.06356],[31.148989,29.062841],[31.149401,29.062448],[31.149718,29.062208],[31.150012,29.062067],[31.152157,29.061136],[31.154767,29.05991],[31.15685,29.059031],[31.158065,29.058432],[31.158186,29.058677],[31.156023,29.059665],[31.153782,29.060689],[31.152144,29.061438],[31.150269,29.062274],[31.149948,29.062421],[31.14984,29.062491],[31.149625,29.062643],[31.149443,29.062806],[31.149145,29.06308],[31.148312,29.063817],[31.147935,29.064104],[31.147556,29.064305],[31.145287,29.066423],[31.143249,29.068185],[31.142574,29.068767],[31.142282,29.06899],[31.141989,29.069166],[31.141646,29.069339],[31.140537,29.069891],[31.139541,29.070377],[31.137686,29.071359],[31.136258,29.071999],[31.136057,29.072108],[31.135852,29.072268],[31.134629,29.072817],[31.134463,29.072893],[31.134375,29.072915],[31.133323,29.073066],[31.132892,29.073114],[31.132645,29.073179],[31.132428,29.073288],[31.130919,29.073873],[31.130806,29.073584],[31.131889,29.073259]]]},"properties":{"Name":"مخر سيل عزبة علي فراج","Shape_Length":0.06385702730020944,"Shape_Area":6.633459577159895e-06}},{"type":"Feature","id":123,"geometry":{"type":"Polygon","coordinates":[[[31.354523,29.5597],[31.354357,29.559727],[31.353882,29.559636],[31.353362,29.559585],[31.35284,29.559512],[31.352564,29.559439],[31.352204,29.559471],[31.352043,29.559585],[31.351951,29.559799],[31.351842,29.559974],[31.351649,29.560153],[31.351377,29.56029],[31.351108,29.560424],[31.350978,29.560533],[31.350606,29.560759],[31.349454,29.561354],[31.348959,29.561603],[31.348469,29.561721],[31.347933,29.561786],[31.347694,29.561795],[31.347058,29.561591],[31.346481,29.561376],[31.34589,29.561116],[31.345693,29.561044],[31.345544,29.561029],[31.345,29.56107],[31.34439,29.561199],[31.344209,29.561279],[31.344118,29.561393],[31.343756,29.562002],[31.343327,29.562365],[31.34308,29.562556],[31.342945,29.562607],[31.34178,29.562442],[31.341262,29.562388],[31.340833,29.562346],[31.340445,29.562428],[31.339947,29.562561],[31.339294,29.562748],[31.338779,29.5629],[31.338261,29.563071],[31.337709,29.563258],[31.337124,29.563413],[31.336727,29.563448],[31.336128,29.563556],[31.335677,29.563584],[31.335076,29.563653],[31.334717,29.563738],[31.334433,29.563835],[31.333856,29.564216],[31.33329,29.564568],[31.333014,29.564589],[31.332727,29.564604],[31.33203,29.564651],[31.328252,29.564863],[31.327459,29.564942],[31.326882,29.564956],[31.326655,29.565023],[31.326381,29.565101],[31.326162,29.565256],[31.324993,29.566036],[31.324391,29.566456],[31.324186,29.566559],[31.323382,29.566643],[31.322517,29.566725],[31.320876,29.566824],[31.3201,29.566944],[31.319066,29.56699],[31.318705,29.567008],[31.318036,29.567145],[31.317391,29.5674],[31.31693,29.567562],[31.316455,29.567745],[31.315537,29.56811],[31.315239,29.568228],[31.314979,29.568425],[31.314008,29.569245],[31.313727,29.569467],[31.313525,29.56955],[31.313137,29.569571],[31.312687,29.569617],[31.312138,29.56978],[31.31092,29.570291],[31.310354,29.570504],[31.309925,29.570638],[31.309652,29.570662],[31.309105,29.570579],[31.308574,29.570498],[31.307891,29.570369],[31.307748,29.570307],[31.307283,29.570154],[31.30712,29.570154],[31.306936,29.57007],[31.306556,29.569848],[31.305872,29.569346],[31.305603,29.569247],[31.305286,29.569201],[31.30472,29.569154],[31.303337,29.56894],[31.302881,29.568834],[31.301735,29.568522],[31.300288,29.568099],[31.299076,29.567816],[31.29821,29.567501],[31.296575,29.566878],[31.295964,29.56653],[31.294719,29.565528],[31.29437,29.565212],[31.294171,29.56495],[31.293778,29.56441],[31.29374,29.56427],[31.293604,29.564086],[31.293405,29.563998],[31.293476,29.563907],[31.293259,29.563635],[31.292244,29.562319],[31.290744,29.560384],[31.288569,29.557441],[31.288457,29.557292],[31.288293,29.557172],[31.288004,29.557092],[31.284996,29.557219],[31.284062,29.557243],[31.28284,29.55735],[31.282426,29.557336],[31.282468,29.557105],[31.282895,29.557126],[31.28741,29.556932],[31.288066,29.556935],[31.288258,29.55699],[31.288526,29.557147],[31.288963,29.557715],[31.291048,29.560518],[31.292608,29.56248],[31.293454,29.563442],[31.293893,29.563811],[31.293697,29.563961],[31.293917,29.564152],[31.294439,29.564135],[31.294433,29.564179],[31.293919,29.564282],[31.293937,29.564369],[31.29405,29.564484],[31.294513,29.565061],[31.29471,29.565228],[31.294903,29.56531],[31.294971,29.565426],[31.295405,29.56571],[31.296199,29.566341],[31.296496,29.566564],[31.296938,29.566795],[31.297558,29.567028],[31.298308,29.567268],[31.299546,29.567645],[31.300305,29.56783],[31.300759,29.567959],[31.302003,29.568341],[31.302787,29.568535],[31.303147,29.568614],[31.303658,29.568799],[31.304,29.568858],[31.304704,29.568917],[31.305276,29.568949],[31.305835,29.569108],[31.306408,29.569444],[31.307254,29.569977],[31.307761,29.570154],[31.308158,29.570178],[31.30897,29.570369],[31.30944,29.570459],[31.309782,29.570441],[31.310392,29.570285],[31.311301,29.569844],[31.311854,29.569594],[31.312674,29.569367],[31.313278,29.569266],[31.313551,29.569182],[31.313812,29.569069],[31.314912,29.568141],[31.315318,29.567886],[31.316227,29.567573],[31.316441,29.567449],[31.317224,29.567097],[31.317553,29.566961],[31.318405,29.566827],[31.320531,29.566634],[31.323839,29.566454],[31.324201,29.56638],[31.324787,29.565939],[31.325672,29.565169],[31.326277,29.564844],[31.326995,29.564703],[31.328236,29.564625],[31.329641,29.564521],[31.330882,29.564478],[31.331837,29.564426],[31.332537,29.564371],[31.332994,29.56431],[31.333304,29.56423],[31.333656,29.564026],[31.334062,29.563689],[31.334495,29.563457],[31.334748,29.563391],[31.334966,29.563361],[31.335434,29.563349],[31.336198,29.563272],[31.337014,29.563134],[31.337887,29.562855],[31.338317,29.562661],[31.338606,29.562552],[31.339021,29.562467],[31.339785,29.562308],[31.340585,29.56212],[31.341048,29.56208],[31.341472,29.562074],[31.34199,29.562144],[31.342528,29.562268],[31.342838,29.562286],[31.343051,29.562197],[31.343361,29.561976],[31.343789,29.561327],[31.344044,29.561084],[31.344261,29.560963],[31.344474,29.560903],[31.344598,29.560899],[31.344965,29.560885],[31.345178,29.560871],[31.345568,29.560766],[31.345813,29.560751],[31.346047,29.560821],[31.347049,29.561277],[31.347356,29.561427],[31.347633,29.561511],[31.347964,29.561534],[31.348541,29.561472],[31.349082,29.561259],[31.349895,29.560903],[31.350308,29.56063],[31.350907,29.560228],[31.351266,29.560163],[31.351557,29.559953],[31.351696,29.559798],[31.35179,29.559594],[31.3519,29.559497],[31.352013,29.559458],[31.352285,29.559342],[31.352681,29.559268],[31.352776,29.55907],[31.352964,29.558896],[31.353125,29.558785],[31.353162,29.558632],[31.353267,29.558445],[31.353514,29.558402],[31.353582,29.558313],[31.353568,29.558209],[31.353553,29.558039],[31.353609,29.557818],[31.353782,29.557729],[31.353835,29.557818],[31.353701,29.558014],[31.353712,29.558145],[31.353758,29.558203],[31.354009,29.558075],[31.354008,29.558145],[31.353792,29.558309],[31.35377,29.558477],[31.353589,29.558528],[31.353277,29.558768],[31.353221,29.559087],[31.353131,29.559332],[31.354064,29.559428],[31.354692,29.559491],[31.354523,29.5597]]]},"properties":{"Name":"مخر سيل المعصرة","Shape_Length":0.16747120926708026,"Shape_Area":1.9899761004106377e-05}},{"type":"Feature","id":124,"geometry":{"type":"Polygon","coordinates":[[[31.076496,29.005638],[31.076626,29.005724],[31.076596,29.005769],[31.076654,29.005895],[31.076681,29.006019],[31.076761,29.00612],[31.076826,29.006162],[31.076937,29.006217],[31.077002,29.006267],[31.077019,29.006362],[31.076965,29.006427],[31.076937,29.006489],[31.076901,29.006527],[31.07687,29.006532],[31.076808,29.006503],[31.076729,29.006467],[31.076643,29.006418],[31.076571,29.006439],[31.076483,29.006413],[31.07642,29.006388],[31.076365,29.006374],[31.076244,29.006444],[31.076132,29.006489],[31.076047,29.006542],[31.075911,29.006591],[31.075818,29.006631],[31.075763,29.006667],[31.075716,29.006674],[31.075676,29.006656],[31.075646,29.006613],[31.075905,29.006298],[31.076496,29.005638]]]},"properties":{"Name":"بحيرة*","Shape_Length":0.0038758279087305635,"Shape_Area":5.726015092686066e-07}},{"type":"Feature","id":125,"geometry":{"type":"Polygon","coordinates":[[[31.082661,29.0049],[31.082123,29.004642],[31.081691,29.004387],[31.081485,29.004282],[31.081461,29.004198],[31.081492,29.004097],[31.081569,29.004025],[31.081817,29.004051],[31.082141,29.004153],[31.082261,29.004121],[31.082354,29.003994],[31.082588,29.003628],[31.082654,29.003565],[31.082603,29.003476],[31.082674,29.003416],[31.082932,29.00355],[31.083199,29.003782],[31.083274,29.003965],[31.083047,29.004399],[31.082865,29.004769],[31.082661,29.0049]]]},"properties":{"Name":"بحيرة*","Shape_Length":0.005204432026540617,"Shape_Area":1.2740300769085109e-06}},{"type":"Feature","id":126,"geometry":{"type":"Polygon","coordinates":[[[31.351044,29.807525],[31.351084,29.807548],[31.351135,29.80755],[31.351181,29.807552],[31.35124,29.807542],[31.351281,29.80753],[31.351339,29.807503],[31.351359,29.807472],[31.351378,29.807368],[31.351443,29.807202],[31.3515,29.807066],[31.351585,29.806828],[31.351683,29.806438],[31.351749,29.806151],[31.351779,29.806034],[31.351808,29.805917],[31.351862,29.805838],[31.351919,29.805779],[31.352008,29.80562],[31.351906,29.805603],[31.353273,29.804769],[31.353508,29.804618],[31.353687,29.804566],[31.353786,29.804554],[31.353923,29.804531],[31.354056,29.804496],[31.354094,29.804416],[31.354098,29.804364],[31.35412,29.804245],[31.354198,29.804165],[31.354329,29.804117],[31.354475,29.80408],[31.354559,29.804073],[31.355017,29.80407],[31.354826,29.804147],[31.354635,29.804202],[31.354511,29.804233],[31.354473,29.804246],[31.354446,29.804271],[31.354429,29.804364],[31.354372,29.804503],[31.354282,29.804592],[31.354174,29.804661],[31.354049,29.804682],[31.353932,29.804695],[31.353787,29.804699],[31.353692,29.804725],[31.353607,29.804767],[31.353476,29.804842],[31.352877,29.805218],[31.352194,29.805641],[31.352101,29.805636],[31.35197,29.805786],[31.351903,29.805848],[31.351844,29.805945],[31.351812,29.806045],[31.35173,29.806372],[31.351726,29.806412],[31.351472,29.807243],[31.35142,29.807393],[31.351381,29.8075],[31.351329,29.807542],[31.351239,29.807593],[31.351127,29.807607],[31.35107,29.807616],[31.351014,29.807588],[31.351009,29.807491],[31.351044,29.807525]]]},"properties":{"Name":"مخر سيل*","Shape_Length":0.01210581527759094,"Shape_Area":6.942402219520633e-07}},{"type":"Feature","id":127,"geometry":{"type":"Polygon","coordinates":[[[31.356132,29.803378],[31.356167,29.803433],[31.356222,29.803431],[31.356302,29.803428],[31.356375,29.803442],[31.356481,29.803466],[31.356529,29.803459],[31.356575,29.803445],[31.356654,29.803373],[31.356798,29.803265],[31.356954,29.803172],[31.357181,29.803029],[31.357239,29.802987],[31.357268,29.802967],[31.357359,29.802877],[31.357703,29.802567],[31.357796,29.802492],[31.357851,29.802453],[31.358266,29.80225],[31.358634,29.802094],[31.358736,29.802052],[31.35881,29.802011],[31.358885,29.801941],[31.358944,29.801883],[31.359041,29.801829],[31.359136,29.801791],[31.359187,29.801754],[31.359244,29.801712],[31.359317,29.80164],[31.359387,29.801583],[31.359426,29.801546],[31.359432,29.801504],[31.359413,29.801462],[31.359384,29.801456],[31.359341,29.801382],[31.359244,29.801264],[31.359164,29.801199],[31.359045,29.801135],[31.358943,29.801041],[31.358844,29.80095],[31.358786,29.800903],[31.358652,29.800867],[31.358569,29.800804],[31.358571,29.800732],[31.358649,29.80061],[31.358753,29.800472],[31.358857,29.800308],[31.358963,29.80016],[31.359127,29.799986],[31.359251,29.799899],[31.359479,29.799752],[31.359612,29.799666],[31.359796,29.799502],[31.359958,29.799359],[31.360142,29.799255],[31.360352,29.799167],[31.360484,29.799112],[31.360654,29.799018],[31.360793,29.798944],[31.361114,29.798813],[31.361323,29.798722],[31.361394,29.798697],[31.361503,29.798684],[31.361667,29.798688],[31.361862,29.798692],[31.361998,29.798707],[31.362077,29.798731],[31.362168,29.798775],[31.362276,29.798812],[31.362391,29.798853],[31.362473,29.798882],[31.362567,29.798942],[31.362679,29.798981],[31.362844,29.799015],[31.363008,29.799053],[31.363229,29.799113],[31.363356,29.79917],[31.36344,29.799201],[31.363469,29.799196],[31.363459,29.799166],[31.363412,29.799141],[31.363356,29.799144],[31.363281,29.799113],[31.363236,29.799091],[31.363239,29.799062],[31.363272,29.799057],[31.363311,29.799063],[31.363356,29.799057],[31.363381,29.799034],[31.363366,29.799001],[31.363318,29.798957],[31.363356,29.798913],[31.3634,29.798943],[31.363488,29.799001],[31.363576,29.799033],[31.363643,29.799049],[31.363736,29.799054],[31.363865,29.799051],[31.363963,29.799052],[31.364018,29.799067],[31.364083,29.799104],[31.364163,29.799147],[31.364214,29.799166],[31.364218,29.799184],[31.364203,29.799206],[31.364164,29.799209],[31.364145,29.799248],[31.364163,29.799288],[31.364194,29.799315],[31.364231,29.799358],[31.364241,29.799408],[31.36425,29.799446],[31.364296,29.799425],[31.364319,29.79945],[31.364265,29.799502],[31.364193,29.799577],[31.364146,29.799633],[31.364181,29.79966],[31.364258,29.799641],[31.36432,29.799584],[31.364378,29.79958],[31.364477,29.799617],[31.364523,29.79969],[31.364684,29.799803],[31.364772,29.799904],[31.36495,29.799958],[31.365034,29.800025],[31.365121,29.800158],[31.365129,29.800219],[31.365207,29.800279],[31.365409,29.80036],[31.365461,29.800422],[31.365565,29.800618],[31.365712,29.800769],[31.365796,29.8009],[31.365864,29.800985],[31.365934,29.801213],[31.365966,29.80131],[31.365994,29.801375],[31.36609,29.801394],[31.366185,29.801412],[31.366262,29.801449],[31.366317,29.801492],[31.36636,29.80156],[31.366396,29.801648],[31.366379,29.801732],[31.366332,29.801777],[31.366298,29.801807],[31.366317,29.801835],[31.366333,29.801866],[31.366355,29.801904],[31.366339,29.801927],[31.366293,29.801929],[31.366248,29.801915],[31.366226,29.801877],[31.366209,29.801913],[31.366218,29.801942],[31.366289,29.801959],[31.366364,29.801989],[31.366408,29.802009],[31.366482,29.80204],[31.366542,29.802068],[31.366631,29.802091],[31.366732,29.802113],[31.366878,29.802134],[31.366972,29.802144],[31.367113,29.802139],[31.367242,29.802169],[31.367334,29.802182],[31.367402,29.802217],[31.36749,29.80224],[31.367572,29.802287],[31.367646,29.802322],[31.367681,29.802358],[31.367727,29.802374],[31.367821,29.802374],[31.367982,29.802419],[31.368177,29.802452],[31.368378,29.802472],[31.368497,29.802489],[31.368636,29.802513],[31.368754,29.802551],[31.368806,29.802572],[31.368891,29.802569],[31.368914,29.802533],[31.368915,29.802477],[31.368967,29.802451],[31.369012,29.802483],[31.369044,29.802504],[31.369099,29.802521],[31.369168,29.802521],[31.369202,29.802469],[31.369284,29.802469],[31.369311,29.802443],[31.369361,29.802386],[31.369413,29.802377],[31.369492,29.802386],[31.369551,29.802403],[31.369586,29.802397],[31.369654,29.802355],[31.369748,29.802291],[31.369858,29.802224],[31.369954,29.802168],[31.37004,29.802134],[31.370134,29.802103],[31.370215,29.8021],[31.370427,29.802102],[31.370571,29.80211],[31.370671,29.802094],[31.370702,29.802059],[31.370744,29.801963],[31.370733,29.801786],[31.370863,29.801573],[31.370949,29.801577],[31.371154,29.801517],[31.371276,29.801387],[31.371384,29.801289],[31.371497,29.801244],[31.371618,29.801164],[31.371803,29.801025],[31.371882,29.800983],[31.371952,29.800982],[31.372001,29.800994],[31.371978,29.801029],[31.371967,29.801135],[31.372059,29.801174],[31.372212,29.801218],[31.372321,29.801216],[31.37243,29.80127],[31.372654,29.801316],[31.372807,29.801316],[31.373004,29.801328],[31.373098,29.801358],[31.373111,29.801363],[31.373222,29.801415],[31.373271,29.801447],[31.37335,29.801473],[31.373452,29.801495],[31.373528,29.801495],[31.373554,29.801508],[31.373604,29.80153],[31.373667,29.801584],[31.373721,29.801628],[31.373821,29.801654],[31.373887,29.801675],[31.373928,29.801666],[31.373965,29.801633],[31.374012,29.8016],[31.374031,29.801628],[31.374011,29.801649],[31.373997,29.801685],[31.37399,29.801731],[31.374013,29.801714],[31.374152,29.801668],[31.374278,29.801603],[31.374431,29.801564],[31.374553,29.801542],[31.374657,29.801557],[31.374679,29.801579],[31.374699,29.801604],[31.374711,29.801627],[31.374765,29.80162],[31.374835,29.801609],[31.374889,29.801597],[31.375013,29.801661],[31.375114,29.801713],[31.375166,29.801756],[31.375196,29.801743],[31.375223,29.801679],[31.37526,29.801684],[31.375335,29.801727],[31.375419,29.801743],[31.375508,29.801817],[31.375571,29.801813],[31.375611,29.801858],[31.375609,29.801937],[31.375693,29.801953],[31.375855,29.802007],[31.375945,29.802042],[31.376056,29.802099],[31.37613,29.802156],[31.376283,29.802239],[31.376419,29.802296],[31.376577,29.802342],[31.376717,29.802345],[31.376807,29.802326],[31.37693,29.802291],[31.377014,29.80231],[31.377133,29.802288],[31.377295,29.802011],[31.377322,29.802046],[31.37727,29.802128],[31.377224,29.802247],[31.377176,29.80232],[31.377099,29.802344],[31.376966,29.802353],[31.376906,29.802377],[31.376711,29.802383],[31.376467,29.802358],[31.376338,29.802294],[31.376239,29.80226],[31.376147,29.802201],[31.376023,29.802112],[31.37586,29.802031],[31.37572,29.801996],[31.375631,29.801984],[31.375608,29.802028],[31.375621,29.802091],[31.375617,29.802183],[31.375688,29.802315],[31.375739,29.802418],[31.375599,29.802484],[31.375478,29.802479],[31.375267,29.802431],[31.375124,29.80244],[31.375051,29.80232],[31.375131,29.802191],[31.37517,29.802016],[31.375071,29.801944],[31.375128,29.801806],[31.375048,29.801709],[31.374838,29.801695],[31.374623,29.801639],[31.374544,29.801605],[31.374373,29.801647],[31.374244,29.801685],[31.374028,29.801774],[31.373841,29.801822],[31.373648,29.801811],[31.373461,29.801601],[31.373202,29.80148],[31.37291,29.801464],[31.37267,29.801558],[31.372487,29.801618],[31.372446,29.801721],[31.372453,29.801815],[31.372545,29.801876],[31.372591,29.801992],[31.372549,29.802117],[31.372478,29.802147],[31.372472,29.802147],[31.372405,29.802147],[31.372267,29.802144],[31.372249,29.802144],[31.372155,29.802114],[31.372142,29.802108],[31.372049,29.80206],[31.371883,29.802048],[31.371731,29.801972],[31.371706,29.801958],[31.371549,29.801949],[31.371452,29.801949],[31.371301,29.801918],[31.371193,29.801876],[31.37109,29.801907],[31.371047,29.801965],[31.370996,29.802007],[31.370928,29.802007],[31.370879,29.802041],[31.370771,29.802104],[31.370671,29.802132],[31.370569,29.802141],[31.370398,29.802137],[31.370139,29.80213],[31.370047,29.802158],[31.370013,29.802185],[31.369986,29.802201],[31.369946,29.802228],[31.369906,29.80226],[31.369868,29.802265],[31.369732,29.80235],[31.369588,29.802437],[31.369503,29.802463],[31.369401,29.80251],[31.36929,29.802518],[31.369244,29.8025],[31.369217,29.802545],[31.36914,29.802566],[31.369083,29.802566],[31.369046,29.802542],[31.368986,29.802537],[31.368983,29.802556],[31.368948,29.802591],[31.368884,29.802607],[31.368778,29.802588],[31.368659,29.802564],[31.368546,29.802537],[31.368337,29.802519],[31.368214,29.802503],[31.368145,29.802499],[31.368018,29.802456],[31.367912,29.802425],[31.367837,29.802413],[31.367763,29.802415],[31.367676,29.802403],[31.367648,29.80238],[31.367553,29.802326],[31.367453,29.802261],[31.367319,29.802215],[31.367141,29.802173],[31.367027,29.802166],[31.366891,29.802159],[31.366727,29.802135],[31.366573,29.802093],[31.366293,29.801997],[31.366209,29.801965],[31.366167,29.801872],[31.36618,29.801837],[31.366171,29.801794],[31.366136,29.801755],[31.366036,29.801666],[31.366055,29.801609],[31.365994,29.801545],[31.365935,29.801492],[31.365876,29.801489],[31.365825,29.801437],[31.365825,29.801378],[31.365849,29.801346],[31.365832,29.801263],[31.365785,29.801202],[31.365771,29.801115],[31.365656,29.801011],[31.365568,29.800974],[31.365399,29.800863],[31.365356,29.8008],[31.365211,29.800715],[31.365069,29.800669],[31.364984,29.800597],[31.364943,29.800493],[31.364958,29.800439],[31.364956,29.800404],[31.364935,29.800376],[31.364924,29.800334],[31.364951,29.800316],[31.365009,29.800353],[31.365071,29.800379],[31.365078,29.800326],[31.365041,29.800311],[31.365031,29.800284],[31.365063,29.800256],[31.365032,29.800238],[31.365002,29.800232],[31.364963,29.800219],[31.36494,29.800179],[31.364906,29.800157],[31.364823,29.800141],[31.364817,29.800165],[31.364836,29.800183],[31.364844,29.800221],[31.364825,29.80024],[31.364752,29.800286],[31.364725,29.800253],[31.364689,29.800195],[31.364684,29.800187],[31.364662,29.800137],[31.364622,29.800082],[31.364614,29.800079],[31.364604,29.800064],[31.364599,29.800052],[31.364546,29.800031],[31.364472,29.800001],[31.364418,29.799952],[31.364384,29.799908],[31.364396,29.799847],[31.364411,29.799804],[31.364361,29.799693],[31.364346,29.799642],[31.364325,29.799651],[31.364263,29.799695],[31.364198,29.799719],[31.364173,29.799746],[31.364123,29.799688],[31.364102,29.799634],[31.364117,29.799614],[31.364139,29.799586],[31.364157,29.799555],[31.364189,29.799519],[31.364194,29.799488],[31.364194,29.79948],[31.364195,29.799469],[31.364197,29.799462],[31.364213,29.799412],[31.364203,29.799371],[31.364149,29.799333],[31.3641,29.799315],[31.36402,29.799285],[31.363987,29.799277],[31.363967,29.79925],[31.363958,29.79922],[31.363912,29.799204],[31.363858,29.799176],[31.363814,29.799157],[31.363778,29.799155],[31.363765,29.799169],[31.363753,29.799182],[31.363716,29.799156],[31.363676,29.79915],[31.363641,29.799135],[31.363661,29.799173],[31.36369,29.799191],[31.363678,29.799214],[31.363655,29.799204],[31.363604,29.799194],[31.363585,29.79918],[31.363575,29.799159],[31.363523,29.799157],[31.36351,29.799176],[31.363514,29.799195],[31.36352,29.799218],[31.363536,29.799237],[31.363515,29.799258],[31.363407,29.799207],[31.363269,29.799146],[31.363133,29.799106],[31.36294,29.799061],[31.362739,29.799012],[31.362595,29.798979],[31.362482,29.798936],[31.362376,29.798872],[31.362253,29.798833],[31.362181,29.798806],[31.362075,29.798763],[31.362006,29.798754],[31.361943,29.798763],[31.36188,29.798782],[31.361827,29.798782],[31.361796,29.798742],[31.361827,29.798712],[31.361638,29.798714],[31.361459,29.798721],[31.361372,29.798731],[31.36124,29.798795],[31.361067,29.798866],[31.360713,29.799028],[31.360573,29.799102],[31.360439,29.799174],[31.360341,29.799213],[31.360187,29.79928],[31.360101,29.799315],[31.359922,29.799451],[31.359685,29.799653],[31.359575,29.799729],[31.359466,29.799818],[31.359381,29.799874],[31.359313,29.799896],[31.359254,29.799944],[31.359208,29.799975],[31.359111,29.800061],[31.359053,29.800124],[31.358982,29.800219],[31.35886,29.800401],[31.358748,29.800557],[31.358679,29.800661],[31.358646,29.800715],[31.358657,29.800748],[31.358704,29.800785],[31.358738,29.800818],[31.358796,29.800846],[31.358873,29.800907],[31.358959,29.800997],[31.359023,29.801053],[31.359099,29.8011],[31.359177,29.801153],[31.359235,29.801203],[31.359282,29.801255],[31.359329,29.801308],[31.359385,29.80139],[31.359436,29.801465],[31.359449,29.801494],[31.359455,29.801526],[31.359432,29.801566],[31.359333,29.80166],[31.359239,29.801746],[31.359189,29.80178],[31.359081,29.801829],[31.358995,29.80188],[31.358933,29.80192],[31.358868,29.801994],[31.358799,29.802049],[31.358707,29.802083],[31.358192,29.802319],[31.357948,29.802436],[31.357829,29.802491],[31.357799,29.802516],[31.357684,29.802618],[31.357312,29.802951],[31.357264,29.802998],[31.357245,29.803014],[31.357038,29.803141],[31.356843,29.803264],[31.356758,29.80332],[31.3567,29.803363],[31.356638,29.803417],[31.356589,29.803466],[31.356535,29.803481],[31.356064,29.803475],[31.356028,29.803442],[31.356109,29.803368],[31.356132,29.803378]]]},"properties":{"Name":"مخر سيل*","Shape_Length":0.060974492547913435,"Shape_Area":3.5439944933563147e-06}},{"type":"Feature","id":128,"geometry":{"type":"Polygon","coordinates":[[[31.22473,27.345189],[31.225572,27.344461],[31.226291,27.345084],[31.22547,27.345809],[31.22473,27.345189]]]},"properties":{"Name":"بحيرة*","Shape_Length":0.004124652709999058,"Shape_Area":1.0465738982148997e-06}},{"type":"Feature","id":129,"geometry":{"type":"Polygon","coordinates":[[[32.815867,25.793582],[32.815908,25.793196],[32.816872,25.793236],[32.816851,25.793642],[32.815867,25.793582]]]},"properties":{"Name":"بحيرة*","Shape_Length":0.002745116140496016,"Shape_Area":3.87205658183192e-07}},{"type":"Feature","id":130,"geometry":{"type":"Polygon","coordinates":[[[30.900552,27.813015],[30.900958,27.812034],[30.902825,27.8124],[30.902332,27.813375],[30.900552,27.813015]]]},"properties":{"Name":"بحيرة*","Shape_Length":0.0058734020635977,"Shape_Area":1.9465393822164976e-06}}]}