{"type":"FeatureCollection","features":[{"type":"Feature","id":1,"geometry":{"type":"Point","coordinates":[31.760722,26.662178]},"properties":{"م":1,"اسم_ا":"دراسة تحديث حماية منطقة الصوامعة شرق بمدينة ساقلته بسوهاج","تاريخ":"فبراير 2024","المنش":"سد","اسم__1":"سد قائم A1","المحا":"سوهاج","المنط":"الصوامعة","الإدا":"أسيوط","السعة":" ","ملاحظ":"قائم","Field20":" "}},{"type":"Feature","id":2,"geometry":{"type":"Point","coordinates":[31.759444,26.654722]},"properties":{"م":2,"اسم_ا":"دراسة تحديث حماية منطقة الصوامعة شرق بمدينة ساقلته بسوهاج","تاريخ":"فبراير 2024","المنش":"سد","اسم__1":"سد قائم A2","المحا":"سوهاج","المنط":"الصوامعة","الإدا":"أسيوط","السعة":" ","ملاحظ":"قائم","Field20":" "}},{"type":"Feature","id":3,"geometry":{"type":"Point","coordinates":[31.756389,26.652822]},"properties":{"م":3,"اسم_ا":"دراسة تحديث حماية منطقة الصوامعة شرق بمدينة ساقلته بسوهاج","تاريخ":"فبراير 2024","المنش":"سد","اسم__1":"سد قائم A3","المحا":"سوهاج","المنط":"الصوامعة","الإدا":"أسيوط","السعة":" ","ملاحظ":"قائم","Field20":" "}},{"type":"Feature","id":4,"geometry":{"type":"Point","coordinates":[32.20125,26.218367]},"properties":{"م":4,"اسم_ا":"تحديث دراسة حماية المنطقة السكنية بمخرج وادي البلايش","تاريخ":"يوليو 2025","المنش":"سد","اسم__1":"سد مقترح M1","المحا":"سوهاج","المنط":"البلايش والمطامير","الإدا":"أسيوط","السعة":"220","ملاحظ":"مقترح","Field20":" "}},{"type":"Feature","id":5,"geometry":{"type":"Point","coordinates":[32.1775,26.205278]},"properties":{"م":5,"اسم_ا":"تحديث دراسة حماية المنطقة السكنية بمخرج وادي البلايش","تاريخ":"يوليو 2025","المنش":"بحيرة صناعية","اسم__1":"بحيرة صناعية ب1","المحا":"سوهاج","المنط":"البلايش والمطامير","الإدا":"أسيوط","السعة":"270","ملاحظ":"مقترح","Field20":" "}},{"type":"Feature","id":6,"geometry":{"type":"Point","coordinates":[32.183056,26.209167]},"properties":{"م":6,"اسم_ا":"تحديث دراسة حماية المنطقة السكنية بمخرج وادي البلايش","تاريخ":"يوليو 2025","المنش":"حاجز ترابي","اسم__1":"حاجز ترابي 1","المحا":"سوهاج","المنط":"البلايش والمطامير","الإدا":"أسيوط","السعة":"350","ملاحظ":"مقترح","Field20":" "}},{"type":"Feature","id":7,"geometry":{"type":"Point","coordinates":[32.270833,26.446944]},"properties":{"م":7,"اسم_ا":"تحديث دراسة حماية المنطقة السكنية بمخرج وادي البلايش","تاريخ":"يوليو 2025","المنش":"سد","اسم__1":"سد إعاقة M1","المحا":"سوهاج","المنط":"البلايش والمطامير","الإدا":"أسيوط","السعة":"1750","ملاحظ":"مقترح","Field20":" "}},{"type":"Feature","id":8,"geometry":{"type":"Point","coordinates":[32.2516,26.264028]},"properties":{"م":8,"اسم_ا":"تحديث دراسة حماية المنطقة السكنية بمخرج وادي البلايش","تاريخ":"يوليو 2025","المنش":"سد","اسم__1":"سد إعاقة M2","المحا":"سوهاج","المنط":"البلايش والمطامير","الإدا":"أسيوط","السعة":"1500","ملاحظ":"مقترح","Field20":" "}},{"type":"Feature","id":9,"geometry":{"type":"Point","coordinates":[32.330497,26.237861]},"properties":{"م":9,"اسم_ا":"تحديث دراسة حماية المنطقة السكنية بمخرج وادي البلايش","تاريخ":"يوليو 2025","المنش":"سد","اسم__1":"سد إعاقة M3","المحا":"سوهاج","المنط":"البلايش والمطامير","الإدا":"أسيوط","السعة":"965","ملاحظ":"مقترح","Field20":" "}},{"type":"Feature","id":10,"geometry":{"type":"Point","coordinates":[32.238528,26.302536]},"properties":{"م":10,"اسم_ا":"تحديث دراسة حماية المنطقة السكنية بمخرج وادي البلايش","تاريخ":"يوليو 2025","المنش":"سد","اسم__1":"سد إعاقة M4","المحا":"سوهاج","المنط":"البلايش والمطامير","الإدا":"أسيوط","السعة":"382","ملاحظ":"مقترح","Field20":" "}},{"type":"Feature","id":11,"geometry":{"type":"Point","coordinates":[32.226389,26.273889]},"properties":{"م":11,"اسم_ا":"تحديث دراسة حماية المنطقة السكنية بمخرج وادي البلايش","تاريخ":"يوليو 2025","المنش":"بحيرة صناعية","اسم__1":"بحيرة مقترحة ب1","المحا":"سوهاج","المنط":"البلايش والمطامير","الإدا":"أسيوط","السعة":"2670","ملاحظ":"مقترح","Field20":" "}},{"type":"Feature","id":12,"geometry":{"type":"Point","coordinates":[32.22,26.273056]},"properties":{"م":12,"اسم_ا":"تحديث دراسة حماية المنطقة السكنية بمخرج وادي البلايش","تاريخ":"يوليو 2025","المنش":"حاجز ترابي","اسم__1":"حاجز ترابي 1","المحا":"سوهاج","المنط":"البلايش والمطامير","الإدا":"أسيوط","السعة":" ","ملاحظ":"مقترح","Field20":" "}},{"type":"Feature","id":13,"geometry":{"type":"Point","coordinates":[32.227761,26.585389]},"properties":{"م":13,"اسم_ا":"تحديث دراسة حماية البنية الأسايية بمخرج وادي قصب بسوهاج","تاريخ":"نوفمبر 2023","المنش":"سد","اسم__1":"سد إعاقة K3","المحا":"سوهاج","المنط":"البلايش والمطامير","الإدا":"أسيوط","السعة":"650","ملاحظ":"مقترح","Field20":" "}},{"type":"Feature","id":14,"geometry":{"type":"Point","coordinates":[32.131003,26.488056]},"properties":{"م":14,"اسم_ا":"تحديث دراسة حماية البنية الأسايية بمخرج وادي قصب بسوهاج","تاريخ":"نوفمبر 2023","المنش":"بحيرة صناعية","اسم__1":"بحيرة صناعية مقترحة ب1","المحا":"سوهاج","المنط":"البلايش والمطامير","الإدا":"أسيوط","السعة":"1000.5","ملاحظ":"مقترح","Field20":" "}},{"type":"Feature","id":15,"geometry":{"type":"Point","coordinates":[32.12405,26.484694]},"properties":{"م":15,"اسم_ا":"تحديث دراسة حماية البنية الأسايية بمخرج وادي قصب بسوهاج","تاريخ":"نوفمبر 2023","المنش":"حاجز ترابي","اسم__1":"حاجز ترابي ح1","المحا":"سوهاج","المنط":"البلايش والمطامير","الإدا":"أسيوط","السعة":"105","ملاحظ":"مقترح","Field20":" "}},{"type":"Feature","id":16,"geometry":{"type":"Point","coordinates":[32.195722,26.593525]},"properties":{"م":16,"اسم_ا":"تحديث دراسة حماية البنية الأسايية بمخرج وادي قصب بسوهاج","تاريخ":"نوفمبر 2023","المنش":"سد","اسم__1":"سد إعاقة تأهيل K1","المحا":"سوهاج","المنط":"البلايش والمطامير","الإدا":"أسيوط","السعة":"1320","ملاحظ":"تأهيل","Field20":" "}},{"type":"Feature","id":17,"geometry":{"type":"Point","coordinates":[32.208753,26.558847]},"properties":{"م":17,"اسم_ا":"تحديث دراسة حماية البنية الأسايية بمخرج وادي قصب بسوهاج","تاريخ":"نوفمبر 2023","المنش":"سد","اسم__1":"سد إعاقة تأهيل K2","المحا":"سوهاج","المنط":"البلايش والمطامير","الإدا":"أسيوط","السعة":"1300","ملاحظ":"تأهيل","Field20":" "}},{"type":"Feature","id":18,"geometry":{"type":"Point","coordinates":[32.190022,26.54685]},"properties":{"م":18,"اسم_ا":"تحديث دراسة حماية البنية الأسايية بمخرج وادي قصب بسوهاج","تاريخ":"نوفمبر 2023","المنش":"سد","اسم__1":"سد إعاقة تأهيل K3","المحا":"سوهاج","المنط":"البلايش والمطامير","الإدا":"أسيوط","السعة":"1000","ملاحظ":"تأهيل","Field20":" "}},{"type":"Feature","id":19,"geometry":{"type":"Point","coordinates":[32.054461,27.991092]},"properties":{"م":19,"اسم_ا":"تحديث دراسة حماية البنية الأسايية بمخرج وادي قصب بسوهاج","تاريخ":"نوفمبر 2023","المنش":"سد","اسم__1":"سد إعاقة تأهيل K4","المحا":"سوهاج","المنط":"البلايش والمطامير","الإدا":"أسيوط","السعة":"572","ملاحظ":"تأهيل","Field20":" "}},{"type":"Feature","id":20,"geometry":{"type":"Point","coordinates":[32.203556,26.564006]},"properties":{"م":20,"اسم_ا":"تحديث دراسة حماية البنية الأسايية بمخرج وادي قصب بسوهاج","تاريخ":"نوفمبر 2023","المنش":"سد","اسم__1":"سد إعاقة تأهيل K5","المحا":"سوهاج","المنط":"البلايش والمطامير","الإدا":"أسيوط","السعة":"1950","ملاحظ":"تأهيل","Field20":" "}},{"type":"Feature","id":21,"geometry":{"type":"Point","coordinates":[32.227164,26.585917]},"properties":{"م":21,"اسم_ا":"تحديث دراسة حماية البنية الأسايية بمخرج وادي قصب بسوهاج","تاريخ":"نوفمبر 2023","المنش":"سد","اسم__1":"سد إعاقة تأهيل K6","المحا":"سوهاج","المنط":"البلايش والمطامير","الإدا":"أسيوط","السعة":"5670","ملاحظ":"تأهيل","Field20":" "}},{"type":"Feature","id":22,"geometry":{"type":"Point","coordinates":[32.190022,26.54685]},"properties":{"م":22,"اسم_ا":"تحديث دراسة حماية البنية الأسايية بمخرج وادي قصب بسوهاج","تاريخ":"نوفمبر 2023","المنش":"سد","اسم__1":"سد إعاقة تأهيل K5","المحا":"سوهاج","المنط":"البلايش والمطامير","الإدا":"أسيوط","السعة":"4400","ملاحظ":"تأهيل","Field20":" "}},{"type":"Feature","id":23,"geometry":{"type":"Point","coordinates":[32.421944,26.638625]},"properties":{"م":23,"اسم_ا":"تحديث دراسة حماية البنية الأساسية بمخرج وادي أبو نافوخ بسوهاج","تاريخ":"يناير 2024","المنش":"سد","اسم__1":"سد قائم N1-2","المحا":"سوهاج","المنط":"البلايش والمطامير","الإدا":"أسيوط","السعة":"850","ملاحظ":"قائم","Field20":" "}},{"type":"Feature","id":24,"geometry":{"type":"Point","coordinates":[32.341667,26.647692]},"properties":{"م":24,"اسم_ا":"تحديث دراسة حماية البنية الأساسية بمخرج وادي أبو نافوخ بسوهاج","تاريخ":"يناير 2024","المنش":"سد","اسم__1":"سد قائم N1-1","المحا":"سوهاج","المنط":"البلايش والمطامير","الإدا":"أسيوط","السعة":"630","ملاحظ":"قائم","Field20":" "}},{"type":"Feature","id":25,"geometry":{"type":"Point","coordinates":[32.232628,26.499211]},"properties":{"م":25,"اسم_ا":"تحديث دراسة حماية البنية الأساسية بمخرج وادي أبو نافوخ بسوهاج","تاريخ":"يناير 2024","المنش":"سد","اسم__1":"سد قائم N1","المحا":"سوهاج","المنط":"البلايش والمطامير","الإدا":"أسيوط","السعة":"1935","ملاحظ":"قائم","Field20":" "}},{"type":"Feature","id":26,"geometry":{"type":"Point","coordinates":[32.195889,26.453761]},"properties":{"م":26,"اسم_ا":"تحديث دراسة حماية البنية الأساسية بمخرج وادي أبو نافوخ بسوهاج","تاريخ":"يناير 2024","المنش":"سد","اسم__1":"سد مقترح N1-N","المحا":"سوهاج","المنط":"البلايش والمطامير","الإدا":"أسيوط","السعة":"2837","ملاحظ":"مقترح","Field20":" "}},{"type":"Feature","id":27,"geometry":{"type":"Point","coordinates":[32.179411,26.397556]},"properties":{"م":27,"اسم_ا":"تحديث دراسة حماية البنية الأساسية بمخرج وادي أبو نافوخ بسوهاج","تاريخ":"يناير 2024","المنش":"سد","اسم__1":"سد قائم N2","المحا":"سوهاج","المنط":"البلايش والمطامير","الإدا":"أسيوط","السعة":"5200","ملاحظ":"قائم","Field20":" "}},{"type":"Feature","id":28,"geometry":{"type":"Point","coordinates":[32.140278,26.324292]},"properties":{"م":28,"اسم_ا":"تحديث دراسة حماية البنية الأساسية بمخرج وادي أبو نافوخ بسوهاج","تاريخ":"يناير 2024","المنش":"سد","اسم__1":"سد قائم N3","المحا":"سوهاج","المنط":"البلايش والمطامير","الإدا":"أسيوط","السعة":" ","ملاحظ":"قائم","Field20":" "}},{"type":"Feature","id":29,"geometry":{"type":"Point","coordinates":[32.152289,26.318611]},"properties":{"م":29,"اسم_ا":"تحديث دراسة حماية البنية الأساسية بمخرج وادي أبو نافوخ بسوهاج","تاريخ":"يناير 2024","المنش":"سد","اسم__1":"سد قائم N4","المحا":"سوهاج","المنط":"البلايش والمطامير","الإدا":"أسيوط","السعة":" ","ملاحظ":"قائم","Field20":" "}},{"type":"Feature","id":30,"geometry":{"type":"Point","coordinates":[32.224167,26.469444]},"properties":{"م":30,"اسم_ا":"تحديث دراسة حماية البنية الأساسية بمخرج وادي أبو نافوخ بسوهاج","تاريخ":"يناير 2024","المنش":"بحيرة صناعية","اسم__1":"بحيرة مقترحة ب1","المحا":"سوهاج","المنط":"البلايش والمطامير","الإدا":"أسيوط","السعة":" ","ملاحظ":"مقترح","Field20":" "}},{"type":"Feature","id":31,"geometry":{"type":"Point","coordinates":[32.215833,26.467828]},"properties":{"م":31,"اسم_ا":"تحديث دراسة حماية البنية الأساسية بمخرج وادي أبو نافوخ بسوهاج","تاريخ":"يناير 2024","المنش":"حاجز ترابي","اسم__1":"حاجز مقترح ترابي ح1","المحا":"سوهاج","المنط":"البلايش والمطامير","الإدا":"أسيوط","السعة":" ","ملاحظ":"مقترح","Field20":" "}},{"type":"Feature","id":32,"geometry":{"type":"Point","coordinates":[32.157811,26.327167]},"properties":{"م":32,"اسم_ا":"تحديث دراسة حماية البنية الأساسية بمخرج وادي أبو نافوخ بسوهاج","تاريخ":"يناير 2024","المنش":"بحيرة صناعية","اسم__1":"بحيرة مقترحة ب2","المحا":"سوهاج","المنط":"البلايش والمطامير","الإدا":"أسيوط","السعة":" ","ملاحظ":"مقترح","Field20":" "}},{"type":"Feature","id":33,"geometry":{"type":"Point","coordinates":[32.323056,26.143664]},"properties":{"م":33,"اسم_ا":"تحديث دراسة حماية البنية الأساسية بمخرج وادي أبو نافوخ بسوهاج","تاريخ":"يناير 2024","المنش":"حاجز ترابي","اسم__1":"حاجز ترابي ح2","المحا":"سوهاج","المنط":"البلايش والمطامير","الإدا":"أسيوط","السعة":" ","ملاحظ":"مقترح","Field20":" "}},{"type":"Feature","id":34,"geometry":{"type":"Point","coordinates":[32.162275,26.31525]},"properties":{"م":34,"اسم_ا":"تحديث دراسة حماية البنية الأساسية بمخرج وادي أبو نافوخ بسوهاج","تاريخ":"يناير 2024","المنش":"حاجز","اسم__1":"حاجز ترابي ح3","المحا":"سوهاج","المنط":"البلايش والمطامير","الإدا":"أسيوط","السعة":" ","ملاحظ":"مقترح","Field20":" "}},{"type":"Feature","id":35,"geometry":{"type":"Point","coordinates":[32.370181,26.210472]},"properties":{"م":35,"اسم_ا":"التقرير النهائي لدراسة حماية البنية الأساسية بمخرج وادي الشيخ علي بقنا","تاريخ":"مايو 2024","المنش":"حاجز إعاقة","اسم__1":"حاجز إعاقة ح1","المحا":"قنا","المنط":"وادي الشيخ علي","الإدا":"أسيوط","السعة":"30","ملاحظ":"مقترح","Field20":" "}},{"type":"Feature","id":36,"geometry":{"type":"Point","coordinates":[32.388306,26.208806]},"properties":{"م":36,"اسم_ا":"التقرير النهائي لدراسة حماية البنية الأساسية بمخرج وادي الشيخ علي بقنا","تاريخ":"مايو 2024","المنش":"حاجز إعاقة","اسم__1":"حاجز إعاقة ح2","المحا":"قنا","المنط":"وادي الشيخ علي","الإدا":"أسيوط","السعة":"100","ملاحظ":"مقترح","Field20":" "}},{"type":"Feature","id":37,"geometry":{"type":"Point","coordinates":[32.398053,26.201989]},"properties":{"م":37,"اسم_ا":"التقرير النهائي لدراسة حماية البنية الأساسية بمخرج وادي الشيخ علي بقنا","تاريخ":"مايو 2024","المنش":"حاجز إعاقة","اسم__1":"حاجز إعاقة ح3","المحا":"قنا","المنط":"وادي الشيخ علي","الإدا":"أسيوط","السعة":"50","ملاحظ":"مقترح","Field20":" "}},{"type":"Feature","id":38,"geometry":{"type":"Point","coordinates":[32.400928,26.199556]},"properties":{"م":38,"اسم_ا":"التقرير النهائي لدراسة حماية البنية الأساسية بمخرج وادي الشيخ علي بقنا","تاريخ":"مايو 2024","المنش":"حاجز إعاقة","اسم__1":"حاجز إعاقة ح4","المحا":"قنا","المنط":"وادي الشيخ علي","الإدا":"أسيوط","السعة":"50","ملاحظ":"مقترح","Field20":" "}},{"type":"Feature","id":39,"geometry":{"type":"Point","coordinates":[32.471708,26.217661]},"properties":{"م":39,"اسم_ا":"التقرير النهائي لدراسة حماية البنية الأساسية بمخرج وادي الشيخ عمر بقنا","تاريخ":"مارس 2024","المنش":"سد","اسم__1":"سد D3 مقترح","المحا":"قنا","المنط":"وادي الشيخ عمر","الإدا":"أسيوط","السعة":"2030","ملاحظ":"مقترح","Field20":" "}},{"type":"Feature","id":40,"geometry":{"type":"Point","coordinates":[32.429889,26.237331]},"properties":{"م":40,"اسم_ا":"التقرير النهائي لدراسة حماية البنية الأساسية بمخرج وادي الشيخ عمر بقنا","تاريخ":"مارس 2024","المنش":"بحيرة صناعية","اسم__1":"بحيرة مقترحة ب1","المحا":"قنا","المنط":"وادي الشيخ عمر","الإدا":"أسيوط","السعة":"750","ملاحظ":"مقترح","Field20":" "}},{"type":"Feature","id":41,"geometry":{"type":"Point","coordinates":[32.393278,26.236389]},"properties":{"م":41,"اسم_ا":"التقرير النهائي لدراسة حماية البنية الأساسية بمخرج وادي الشيخ عمر بقنا","تاريخ":"مارس 2024","المنش":"حاجز ترابي","اسم__1":"حاجز ترابي مقترح 1","المحا":"قنا","المنط":"وادي الشيخ عمر","الإدا":"أسيوط","السعة":"3920","ملاحظ":"مقترح","Field20":" "}},{"type":"Feature","id":42,"geometry":{"type":"Point","coordinates":[32.464,26.231111]},"properties":{"م":42,"اسم_ا":"التقرير النهائي لدراسة حماية البنية الأساسية بمخرج وادي الشيخ عمر بقنا","تاريخ":"مارس 2024","المنش":"حوض تهدئة","اسم__1":"حوض تهدئة مقترح ب2","المحا":"قنا","المنط":"وادي الشيخ عمر","الإدا":"أسيوط","السعة":"89","ملاحظ":"مقترح","Field20":" "}},{"type":"Feature","id":43,"geometry":{"type":"Point","coordinates":[32.651558,26.199847]},"properties":{"م":43,"اسم_ا":"التقرير النهائي لدراسة تحديد مدى استيعاب المسقى الخصوصي وفرع 1 ترعة المخادمة لمياه السيول المتوقعة من مخر سيل الشيخ عيسى بقنا","تاريخ":"فبراير 2025","المنش":"مخر سيل","اسم__1":"مخر الشيخ عيسى","المحا":"قنا","المنط":"وادي الشيخ عيسى","الإدا":"أسيوط","السعة":" ","ملاحظ":"تأهيل","Field20":" "}},{"type":"Feature","id":44,"geometry":{"type":"Point","coordinates":[32.818697,25.790603]},"properties":{"م":44,"اسم_ا":"دراسة حماية قرية العقب الجديدة من اخطار السيول","تاريخ":"مايو 2023","المنش":"بحيرة صناعية","اسم__1":"البحيرة الصناعية القائمة","المحا":"قنا","المنط":"قرية العقب الجديدة","الإدا":"توسع إسنا","السعة":" ","ملاحظ":"قائم","Field20":" "}},{"type":"Feature","id":45,"geometry":{"type":"Point","coordinates":[32.818956,25.791039]},"properties":{"م":45,"اسم_ا":"دراسة حماية قرية العقب الجديدة من اخطار السيول","تاريخ":"مايو 2023","المنش":"حاجز ترابي","اسم__1":"الحاجز الترابي خلف البحيرة","المحا":"قنا","المنط":"قرية العقب الجديدة","الإدا":"توسع إسنا","السعة":" ","ملاحظ":"قائم","Field20":" "}},{"type":"Feature","id":46,"geometry":{"type":"Point","coordinates":[32.20984,25.830331]},"properties":{"م":46,"اسم_ا":"دراسة وادي درب الرزيقات بمنطقة البطحة","تاريخ":"مايو 2023","المنش":"بحيرة صناعية","اسم__1":"البحيرة ب1","المحا":"قنا","المنط":"وادي درب الرزيقات (البطحة)","الإدا":"توسع إسنا","السعة":"1500","ملاحظ":"قائم","Field20":" "}},{"type":"Feature","id":47,"geometry":{"type":"Point","coordinates":[32.187676,25.827147]},"properties":{"م":47,"اسم_ا":"دراسة وادي درب الرزيقات بمنطقة البطحة","تاريخ":"مايو 2023","المنش":"حاجز ترابي","اسم__1":"الحاجز الترابي خلف ب1","المحا":"قنا","المنط":"وادي درب الرزيقات (البطحة)","الإدا":"توسع إسنا","السعة":"750","ملاحظ":"قائم","Field20":" "}},{"type":"Feature","id":48,"geometry":{"type":"Point","coordinates":[32.28057,25.821303]},"properties":{"م":48,"اسم_ا":"دراسة وادي درب الرزيقات بمنطقة البطحة","تاريخ":"مايو 2023","المنش":"بحيرة صناعية","اسم__1":"البحيرة ب2","المحا":"قنا","المنط":"وادي درب الرزيقات (البطحة)","الإدا":"توسع إسنا","السعة":"850","ملاحظ":"قائم","Field20":" "}},{"type":"Feature","id":49,"geometry":{"type":"Point","coordinates":[32.276441,25.822581]},"properties":{"م":49,"اسم_ا":"دراسة وادي درب الرزيقات بمنطقة البطحة","تاريخ":"مايو 2023","المنش":"حاجز ترابي","اسم__1":"الحاجز الترابي خلف ب2","المحا":"قنا","المنط":"وادي درب الرزيقات (البطحة)","الإدا":"توسع إسنا","السعة":"315","ملاحظ":"قائم","Field20":" "}},{"type":"Feature","id":50,"geometry":{"type":"Point","coordinates":[32.213295,25.965563]},"properties":{"م":50,"اسم_ا":"دراسة وادي درب الرزيقات بمنطقة البطحة","تاريخ":"مايو 2023","المنش":"قناة صناعية","اسم__1":"القناة الصناعية","المحا":"قنا","المنط":"وادي درب الرزيقات (البطحة)","الإدا":"توسع إسنا","السعة":" ","ملاحظ":"قائم","Field20":" "}},{"type":"Feature","id":51,"geometry":{"type":"Point","coordinates":[32.213559,25.918982]},"properties":{"م":51,"اسم_ا":"دراسة وادي درب الرزيقات بمنطقة البطحة","تاريخ":"مايو 2023","المنش":"بحيرة صناعية","اسم__1":"البحيرة ب3","المحا":"قنا","المنط":"وادي درب الرزيقات (البطحة)","الإدا":"توسع إسنا","السعة":"1210","ملاحظ":"مقترح","Field20":" "}},{"type":"Feature","id":52,"geometry":{"type":"Point","coordinates":[32.188674,25.921694]},"properties":{"م":52,"اسم_ا":"دراسة وادي درب الرزيقات بمنطقة البطحة","تاريخ":"مايو 2023","المنش":"حاجز ترابي","اسم__1":"الحاجز الترابي خلف ب3","المحا":"قنا","المنط":"وادي درب الرزيقات (البطحة)","الإدا":"توسع إسنا","السعة":"655","ملاحظ":"مقترح","Field20":" "}},{"type":"Feature","id":53,"geometry":{"type":"Point","coordinates":[32.835323,25.757419]},"properties":{"م":53,"اسم_ا":"دراسة اعمال الحماية من اخطار السيول بوادي بنات بري","تاريخ":"يوليو 2023","المنش":"بحيرة صناعية","اسم__1":"بحيرة W1","المحا":"الأقصر","المنط":"وادي بنات بري","الإدا":"توسع إسنا","السعة":"645","ملاحظ":"تأهيل","Field20":" "}},{"type":"Feature","id":54,"geometry":{"type":"Point","coordinates":[32.877694,25.744152]},"properties":{"م":54,"اسم_ا":"دراسة اعمال الحماية من اخطار السيول بوادي بنات بري","تاريخ":"يوليو 2023","المنش":"بحيرة صناعية","اسم__1":"بحيرة W2","المحا":"الأقصر","المنط":"وادي بنات بري","الإدا":"توسع إسنا","السعة":" ","ملاحظ":"قائم","Field20":" "}},{"type":"Feature","id":55,"geometry":{"type":"Point","coordinates":[32.843966,25.713469]},"properties":{"م":55,"اسم_ا":"دراسة اعمال الحماية من اخطار السيول بوادي بنات بري","تاريخ":"يوليو 2023","المنش":"بحيرة صناعية","اسم__1":"بحيرة W3","المحا":"الأقصر","المنط":"وادي بنات بري","الإدا":"توسع إسنا","السعة":"315","ملاحظ":"تأهيل","Field20":" "}},{"type":"Feature","id":56,"geometry":{"type":"Point","coordinates":[32.782859,25.644278]},"properties":{"م":56,"اسم_ا":"دراسة اعمال الحماية من اخطار السيول بوادي المدامود","تاريخ":"يوليو 2023","المنش":"بحيرة صناعية","اسم__1":"بحيرة W4","المحا":"الأقصر","المنط":"وادي المدامود","الإدا":"توسع إسنا","السعة":" ","ملاحظ":"قائم","Field20":" "}},{"type":"Feature","id":57,"geometry":{"type":"Point","coordinates":[32.880559,25.461056]},"properties":{"م":57,"اسم_ا":"دراسة اعمال الحماية من اخطار السيول بوادي المدامود","تاريخ":"يوليو 2023","المنش":"بحيرة صناعية","اسم__1":"بحيرة W5","المحا":"الأقصر","المنط":"وادي المدامود","الإدا":"توسع إسنا","السعة":"298","ملاحظ":"تأهيل","Field20":" "}},{"type":"Feature","id":58,"geometry":{"type":"Point","coordinates":[32.821038,25.554414]},"properties":{"م":58,"اسم_ا":"دراسة اعمال الحماية من اخطار السيول بوادي المدامود","تاريخ":"يوليو 2023","المنش":"بحيرة صناعية","اسم__1":"بحيرة W6","المحا":"الأقصر","المنط":"وادي المدامود","الإدا":"توسع إسنا","السعة":"1000","ملاحظ":"تأهيل","Field20":" "}},{"type":"Feature","id":59,"geometry":{"type":"Point","coordinates":[32.819982,25.614618]},"properties":{"م":59,"اسم_ا":"دراسة اعمال الحماية من اخطار السيول بوادي المدامود","تاريخ":"يوليو 2023","المنش":"بحيرة صناعية","اسم__1":"بحيرة W7","المحا":"الأقصر","المنط":"وادي المدامود","الإدا":"توسع إسنا","السعة":"702","ملاحظ":"تأهيل","Field20":" "}},{"type":"Feature","id":60,"geometry":{"type":"Point","coordinates":[32.906269,24.143703]},"properties":{"م":60,"اسم_ا":"دراسة حماية منطقة ابو الريش ونجع الشديدة من اخطار السيول","تاريخ":"يوليو 2023","المنش":"سد","اسم__1":"سد ابو الريش قبلي - W1","المحا":"اسوان","المنط":"ابو الريش ونجع الشديدة","الإدا":"توسع إسنا","السعة":"35.4","ملاحظ":"قائم","Field20":" "}},{"type":"Feature","id":61,"geometry":{"type":"Point","coordinates":[32.895728,24.164056]},"properties":{"م":61,"اسم_ا":"دراسة حماية منطقة ابو الريش ونجع الشديدة من اخطار السيول","تاريخ":"يوليو 2023","المنش":"سد","اسم__1":"سد ابو الريش قبلي - W2","المحا":"اسوان","المنط":"ابو الريش ونجع الشديدة","الإدا":"توسع إسنا","السعة":"36.8","ملاحظ":"قائم","Field20":" "}},{"type":"Feature","id":62,"geometry":{"type":"Point","coordinates":[32.889458,24.167697]},"properties":{"م":62,"اسم_ا":"دراسة حماية منطقة ابو الريش ونجع الشديدة من اخطار السيول","تاريخ":"يوليو 2023","المنش":"سد","اسم__1":"نجع الشديدة - W3","المحا":"اسوان","المنط":"ابو الريش ونجع الشديدة","الإدا":"توسع إسنا","السعة":"45.85","ملاحظ":"قائم","Field20":" "}},{"type":"Feature","id":63,"geometry":{"type":"Point","coordinates":[32.891489,24.175319]},"properties":{"م":63,"اسم_ا":"دراسة حماية منطقة ابو الريش ونجع الشديدة من اخطار السيول","تاريخ":"يوليو 2023","المنش":"سد","اسم__1":"سد نجع الشديدة - W4(1)","المحا":"اسوان","المنط":"ابو الريش ونجع الشديدة","الإدا":"توسع إسنا","السعة":"42.5","ملاحظ":"قائم","Field20":" "}},{"type":"Feature","id":64,"geometry":{"type":"Point","coordinates":[32.888422,24.170433]},"properties":{"م":64,"اسم_ا":"دراسة حماية منطقة ابو الريش ونجع الشديدة من اخطار السيول","تاريخ":"يوليو 2023","المنش":"سد","اسم__1":"نجع الشديدة - W4(2)","المحا":"اسوان","المنط":"ابو الريش ونجع الشديدة","الإدا":"توسع إسنا","السعة":"14.4","ملاحظ":"قائم","Field20":" "}},{"type":"Feature","id":65,"geometry":{"type":"Point","coordinates":[32.888158,24.181597]},"properties":{"م":65,"اسم_ا":"دراسة حماية منطقة ابو الريش ونجع الشديدة من اخطار السيول","تاريخ":"يوليو 2023","المنش":"سد","اسم__1":"سد نجع الشديدة - W5","المحا":"اسوان","المنط":"ابو الريش ونجع الشديدة","الإدا":"توسع إسنا","السعة":"27.6","ملاحظ":"قائم","Field20":" "}},{"type":"Feature","id":66,"geometry":{"type":"Point","coordinates":[31.237222,28.988333]},"properties":{"م":66,"اسم_ا":"حماية منطقة وادي غراب من اخطار السيول","تاريخ":"2023","المنش":"بحيرة صناعية","اسم__1":"بحيرة ب1","المحا":"بني سويف","المنط":"وادي غراب","الإدا":"بني سويف","السعة":"147","ملاحظ":"مقترح","Field20":" "}},{"type":"Feature","id":67,"geometry":{"type":"Point","coordinates":[31.233889,28.9875]},"properties":{"م":67,"اسم_ا":"حماية منطقة وادي غراب من اخطار السيول","تاريخ":"2023","المنش":"حاجز","اسم__1":"حاجز ح1","المحا":"بني سويف","المنط":"وادي غراب","الإدا":"بني سويف","السعة":"225","ملاحظ":"مقترح","Field20":" "}},{"type":"Feature","id":68,"geometry":{"type":"Point","coordinates":[31.161389,28.970278]},"properties":{"م":68,"اسم_ا":"حماية منطقة وادي غراب من اخطار السيول","تاريخ":"2023","المنش":"بحيرة صناعية","اسم__1":" بحيرة ب2","المحا":"بني سويف","المنط":"وادي غراب","الإدا":"بني سويف","السعة":"160","ملاحظ":"مقترح","Field20":" "}},{"type":"Feature","id":69,"geometry":{"type":"Point","coordinates":[31.161944,28.9675]},"properties":{"م":69,"اسم_ا":"حماية منطقة وادي غراب من اخطار السيول","تاريخ":"2023","المنش":"حاجز","اسم__1":"حاجز ح2","المحا":"بني سويف","المنط":"وادي غراب","الإدا":"بني سويف","السعة":"160","ملاحظ":"مقترح","Field20":" "}},{"type":"Feature","id":70,"geometry":{"type":"Point","coordinates":[31.015,28.849167]},"properties":{"م":70,"اسم_ا":"حماية منطقة وادي فقيرة من اخطار السيول","تاريخ":"2023","المنش":"بحيرة صناعية","اسم__1":"بحيرة ب3","المحا":"بني سويف","المنط":"وادي فقيرة","الإدا":"بني سويف","السعة":"197","ملاحظ":"مقترح","Field20":" "}},{"type":"Feature","id":71,"geometry":{"type":"Point","coordinates":[31.008611,28.8525]},"properties":{"م":71,"اسم_ا":"حماية منطقة وادي فقيرة من اخطار السيول","تاريخ":"2023","المنش":"حاجز","اسم__1":"حاجز ح3","المحا":"بني سويف","المنط":"وادي فقيرة","الإدا":"بني سويف","السعة":"1100","ملاحظ":"مقترح","Field20":" "}},{"type":"Feature","id":72,"geometry":{"type":"Point","coordinates":[30.964167,28.869167]},"properties":{"م":72,"اسم_ا":"حماية منطقة وادي فقيرة من اخطار السيول","تاريخ":"2023","المنش":"بحيرة صناعية","اسم__1":"بحيرة ب4","المحا":"بني سويف","المنط":"وادي فقيرة","الإدا":"بني سويف","السعة":"268","ملاحظ":"مقترح","Field20":" "}},{"type":"Feature","id":73,"geometry":{"type":"Point","coordinates":[30.959167,28.868889]},"properties":{"م":73,"اسم_ا":"حماية منطقة وادي فقيرة من اخطار السيول","تاريخ":"2023","المنش":"حاجز","اسم__1":"حاجز ح4","المحا":"بني سويف","المنط":"وادي فقيرة","الإدا":"بني سويف","السعة":"700","ملاحظ":"مقترح","Field20":" "}},{"type":"Feature","id":74,"geometry":{"type":"Point","coordinates":[30.979444,28.869444]},"properties":{"م":74,"اسم_ا":"حماية منطقة وادي فقيرة من اخطار السيول","تاريخ":"2023","المنش":"سد","اسم__1":"سد م1","المحا":"بني سويف","المنط":"وادي فقيرة","الإدا":"بني سويف","السعة":"550","ملاحظ":"تأهيل","Field20":" "}},{"type":"Feature","id":75,"geometry":{"type":"Point","coordinates":[30.955556,28.873889]},"properties":{"م":75,"اسم_ا":"حماية منطقة وادي فقيرة من اخطار السيول","تاريخ":"2023","المنش":"بربخ","اسم__1":"بربخ 8","المحا":"بني سويف","المنط":"وادي فقيرة","الإدا":"بني سويف","السعة":"تصرف 48 م3/ث","ملاحظ":"تأهيل","Field20":" "}},{"type":"Feature","id":76,"geometry":{"type":"Point","coordinates":[30.945556,28.877778]},"properties":{"م":76,"اسم_ا":"حماية منطقة وادي فقيرة من اخطار السيول","تاريخ":"2023","المنش":"مخر سيل","اسم__1":"مخر سيل","المحا":"بني سويف","المنط":"وادي فقيرة","الإدا":"بني سويف","السعة":"تصرف 48 م3/ث","ملاحظ":"مقترح","Field20":" "}},{"type":"Feature","id":77,"geometry":{"type":"Point","coordinates":[30.869444,28.391667]},"properties":{"م":77,"اسم_ا":"حماية منطقة وادي الطرفة من اخطار السيول","تاريخ":"2023","المنش":"بحيرة صناعية","اسم__1":"بحيرة ب1","المحا":"المنيا","المنط":"وادي الطرفة","الإدا":"بني سويف","السعة":"279","ملاحظ":"مقترح","Field20":" "}},{"type":"Feature","id":78,"geometry":{"type":"Point","coordinates":[30.864722,28.396389]},"properties":{"م":78,"اسم_ا":"حماية منطقة وادي الطرفة من اخطار السيول","تاريخ":"2023","المنش":"حاجز","اسم__1":"حاجز ح1","المحا":"المنيا","المنط":"وادي الطرفة","الإدا":"بني سويف","السعة":"308","ملاحظ":"مقترح","Field20":" "}},{"type":"Feature","id":79,"geometry":{"type":"Point","coordinates":[30.861389,28.399167]},"properties":{"م":79,"اسم_ا":"حماية منطقة وادي الطرفة من اخطار السيول","تاريخ":"2023","المنش":"بحيرة صناعية","اسم__1":"بحيرة ب2","المحا":"المنيا","المنط":"وادي الطرفة","الإدا":"بني سويف","السعة":"68","ملاحظ":"مقترح","Field20":" "}},{"type":"Feature","id":80,"geometry":{"type":"Point","coordinates":[30.858056,28.399722]},"properties":{"م":80,"اسم_ا":"حماية منطقة وادي الطرفة من اخطار السيول","تاريخ":"2023","المنش":"حاجز","اسم__1":"حاجز ح2","المحا":"المنيا","المنط":"وادي الطرفة","الإدا":"بني سويف","السعة":"308","ملاحظ":"مقترح","Field20":" "}},{"type":"Feature","id":81,"geometry":{"type":"Point","coordinates":[30.855556,28.401389]},"properties":{"م":81,"اسم_ا":"حماية منطقة وادي الطرفة من اخطار السيول","تاريخ":"2023","المنش":"بحيرة صناعية","اسم__1":"بحيرة ب3","المحا":"المنيا","المنط":"وادي الطرفة","الإدا":"بني سويف","السعة":"164","ملاحظ":"مقترح","Field20":" "}},{"type":"Feature","id":82,"geometry":{"type":"Point","coordinates":[30.85,28.403333]},"properties":{"م":82,"اسم_ا":"حماية منطقة وادي الطرفة من اخطار السيول","تاريخ":"2023","المنش":"حاجز","اسم__1":"حاجز ح3","المحا":"المنيا","المنط":"وادي الطرفة","الإدا":"بني سويف","السعة":"308","ملاحظ":"مقترح","Field20":" "}},{"type":"Feature","id":83,"geometry":{"type":"Point","coordinates":[30.873333,28.392778]},"properties":{"م":83,"اسم_ا":"حماية منطقة وادي الطرفة من اخطار السيول","تاريخ":"2023","المنش":"حاجز","اسم__1":"حاجز جانبي","المحا":"المنيا","المنط":"وادي الطرفة","الإدا":"بني سويف","السعة":"توجيه فقط","ملاحظ":"مقترح","Field20":" "}},{"type":"Feature","id":84,"geometry":{"type":"Point","coordinates":[30.871667,28.390556]},"properties":{"م":84,"اسم_ا":"حماية منطقة وادي الطرفة من اخطار السيول","تاريخ":"2023","المنش":"حاجز","اسم__1":"حاجز جانبي","المحا":"المنيا","المنط":"وادي الطرفة","الإدا":"بني سويف","السعة":"توجيه فقط","ملاحظ":"مقترح","Field20":" "}},{"type":"Feature","id":85,"geometry":{"type":"Point","coordinates":[30.833333,28.416667]},"properties":{"م":85,"اسم_ا":"حماية منطقة وادي الطرفة من اخطار السيول","تاريخ":"2023","المنش":"مخر سيل","اسم__1":"مخر سيل","المحا":"المنيا","المنط":"وادي الطرفة","الإدا":"بني سويف","السعة":"تصرف 433 م3/ث","ملاحظ":"تأهيل","Field20":" "}},{"type":"Feature","id":86,"geometry":{"type":"Point","coordinates":[31.543333,27.308056]},"properties":{"م":86,"اسم_ا":"حماية منطقة وادي الأسيوطي من اخطار السيول","تاريخ":"2023","المنش":"سد","اسم__1":"سد A1","المحا":"أسيوط","المنط":"وادي الأسيوطي","الإدا":"أسيوط","السعة":"2430","ملاحظ":"تأهيل","Field20":" "}},{"type":"Feature","id":87,"geometry":{"type":"Point","coordinates":[31.588333,27.355]},"properties":{"م":87,"اسم_ا":"حماية منطقة وادي الأسيوطي من اخطار السيول","تاريخ":"2023","المنش":"سد","اسم__1":"سد A2","المحا":"أسيوط","المنط":"وادي الأسيوطي","الإدا":"أسيوط","السعة":"3000","ملاحظ":"قائم","Field20":" "}},{"type":"Feature","id":88,"geometry":{"type":"Point","coordinates":[31.540556,27.454722]},"properties":{"م":88,"اسم_ا":"حماية منطقة وادي الأسيوطي من اخطار السيول","تاريخ":"2023","المنش":"سد","اسم__1":"سد A3","المحا":"أسيوط","المنط":"وادي الأسيوطي","الإدا":"أسيوط","السعة":"1600","ملاحظ":"قائم","Field20":" "}},{"type":"Feature","id":89,"geometry":{"type":"Point","coordinates":[31.923611,27.093611]},"properties":{"م":89,"اسم_ا":"حماية منطقة وادي الأسيوطي من اخطار السيول","تاريخ":"2023","المنش":"سد","اسم__1":"سد D1","المحا":"أسيوط","المنط":"وادي الأسيوطي","الإدا":"أسيوط","السعة":"1700","ملاحظ":"مقترح","Field20":" "}},{"type":"Feature","id":90,"geometry":{"type":"Point","coordinates":[31.808056,27.158333]},"properties":{"م":90,"اسم_ا":"حماية منطقة وادي الأسيوطي من اخطار السيول","تاريخ":"2023","المنش":"سد","اسم__1":"سد D2","المحا":"أسيوط","المنط":"وادي الأسيوطي","الإدا":"أسيوط","السعة":"550","ملاحظ":"مقترح","Field20":" "}},{"type":"Feature","id":91,"geometry":{"type":"Point","coordinates":[31.785833,27.196667]},"properties":{"م":91,"اسم_ا":"حماية منطقة وادي الأسيوطي من اخطار السيول","تاريخ":"2023","المنش":"سد","اسم__1":"سد D3","المحا":"أسيوط","المنط":"وادي الأسيوطي","الإدا":"أسيوط","السعة":"650","ملاحظ":"مقترح","Field20":" "}},{"type":"Feature","id":92,"geometry":{"type":"Point","coordinates":[31.649722,27.21]},"properties":{"م":92,"اسم_ا":"حماية منطقة وادي الأسيوطي من اخطار السيول","تاريخ":"2023","المنش":"سد","اسم__1":"سد D4","المحا":"أسيوط","المنط":"وادي الأسيوطي","الإدا":"أسيوط","السعة":"500","ملاحظ":"مقترح","Field20":" "}},{"type":"Feature","id":93,"geometry":{"type":"Point","coordinates":[31.686111,27.333333]},"properties":{"م":93,"اسم_ا":"حماية منطقة وادي الأسيوطي من اخطار السيول","تاريخ":"2023","المنش":"سد","اسم__1":"سد D5","المحا":"أسيوط","المنط":"وادي الأسيوطي","الإدا":"أسيوط","السعة":"3000","ملاحظ":"مقترح","Field20":" "}},{"type":"Feature","id":94,"geometry":{"type":"Point","coordinates":[31.675278,27.325278]},"properties":{"م":94,"اسم_ا":"حماية منطقة وادي الأسيوطي من اخطار السيول","تاريخ":"2023","المنش":"سد","اسم__1":"سد D7","المحا":"أسيوط","المنط":"وادي الأسيوطي","الإدا":"أسيوط","السعة":"2200","ملاحظ":"مقترح","Field20":" "}},{"type":"Feature","id":95,"geometry":{"type":"Point","coordinates":[31.658611,27.343611]},"properties":{"م":95,"اسم_ا":"حماية منطقة وادي الأسيوطي من اخطار السيول","تاريخ":"2023","المنش":"سد","اسم__1":"سد D8","المحا":"أسيوط","المنط":"وادي الأسيوطي","الإدا":"أسيوط","السعة":"2350","ملاحظ":"مقترح","Field20":" "}},{"type":"Feature","id":96,"geometry":{"type":"Point","coordinates":[31.656944,27.362222]},"properties":{"م":96,"اسم_ا":"حماية منطقة وادي الأسيوطي من اخطار السيول","تاريخ":"2023","المنش":"سد","اسم__1":"سد D9","المحا":"أسيوط","المنط":"وادي الأسيوطي","الإدا":"أسيوط","السعة":"1100","ملاحظ":"مقترح","Field20":" "}},{"type":"Feature","id":97,"geometry":{"type":"Point","coordinates":[31.646667,27.360833]},"properties":{"م":97,"اسم_ا":"حماية منطقة وادي الأسيوطي من اخطار السيول","تاريخ":"2023","المنش":"سد","اسم__1":"سد D10","المحا":"أسيوط","المنط":"وادي الأسيوطي","الإدا":"أسيوط","السعة":"2800","ملاحظ":"مقترح","Field20":" "}},{"type":"Feature","id":98,"geometry":{"type":"Point","coordinates":[31.501667,27.506944]},"properties":{"م":98,"اسم_ا":"حماية منطقة وادي الأسيوطي من اخطار السيول","تاريخ":"2023","المنش":"سد","اسم__1":"سد D11","المحا":"أسيوط","المنط":"وادي الأسيوطي","الإدا":"أسيوط","السعة":"815","ملاحظ":"مقترح","Field20":" "}},{"type":"Feature","id":99,"geometry":{"type":"Point","coordinates":[31.480556,27.5275]},"properties":{"م":99,"اسم_ا":"حماية منطقة وادي الأسيوطي من اخطار السيول","تاريخ":"2023","المنش":"سد","اسم__1":"سد D12","المحا":"أسيوط","المنط":"وادي الأسيوطي","الإدا":"أسيوط","السعة":"236","ملاحظ":"مقترح","Field20":" "}},{"type":"Feature","id":100,"geometry":{"type":"Point","coordinates":[31.465,27.351389]},"properties":{"م":100,"اسم_ا":"حماية منطقة وادي الأسيوطي من اخطار السيول","تاريخ":"2023","المنش":"بحيرة صناعية","اسم__1":"بحيرة ب1","المحا":"أسيوط","المنط":"وادي الأسيوطي","الإدا":"أسيوط","السعة":"590","ملاحظ":"مقترح","Field20":" "}},{"type":"Feature","id":101,"geometry":{"type":"Point","coordinates":[31.474444,27.350833]},"properties":{"م":101,"اسم_ا":"حماية منطقة وادي الأسيوطي من اخطار السيول","تاريخ":"2023","المنش":"حاجز","اسم__1":"حاجز ح1","المحا":"أسيوط","المنط":"وادي الأسيوطي","الإدا":"أسيوط","السعة":"4410","ملاحظ":"مقترح","Field20":" "}},{"type":"Feature","id":102,"geometry":{"type":"Point","coordinates":[31.451389,27.54]},"properties":{"م":102,"اسم_ا":"حماية منطقة وادي الأسيوطي من اخطار السيول","تاريخ":"2023","المنش":"حاجز","اسم__1":"حاجز","المحا":"أسيوط","المنط":"وادي الأسيوطي","الإدا":"أسيوط","السعة":"272","ملاحظ":"قائم","Field20":" "}},{"type":"Feature","id":103,"geometry":{"type":"Point","coordinates":[31.669444,26.492222]},"properties":{"م":103,"اسم_ا":"حماية منطقة جامعة سوهاج من اخطار السيول","تاريخ":"2023","المنش":"سد","اسم__1":"سد D1","المحا":"سوهاج","المنط":"جامعة سوهاج","الإدا":"أسيوط","السعة":"113","ملاحظ":"تأهيل","Field20":" "}},{"type":"Feature","id":104,"geometry":{"type":"Point","coordinates":[31.663611,26.472778]},"properties":{"م":104,"اسم_ا":"حماية منطقة جامعة سوهاج من اخطار السيول","تاريخ":"2023","المنش":"سد","اسم__1":"سد D2","المحا":"سوهاج","المنط":"جامعة سوهاج","الإدا":"أسيوط","السعة":"11","ملاحظ":"تأهيل","Field20":" "}},{"type":"Feature","id":105,"geometry":{"type":"Point","coordinates":[31.661667,26.470556]},"properties":{"م":105,"اسم_ا":"حماية منطقة جامعة سوهاج من اخطار السيول","تاريخ":"2023","المنش":"سد","اسم__1":"سد D3","المحا":"سوهاج","المنط":"جامعة سوهاج","الإدا":"أسيوط","السعة":"22","ملاحظ":"قائم","Field20":" "}},{"type":"Feature","id":106,"geometry":{"type":"Point","coordinates":[31.6575,26.4675]},"properties":{"م":106,"اسم_ا":"حماية منطقة جامعة سوهاج من اخطار السيول","تاريخ":"2023","المنش":"سد","اسم__1":"سد D4","المحا":"سوهاج","المنط":"جامعة سوهاج","الإدا":"أسيوط","السعة":"27","ملاحظ":"قائم","Field20":" "}},{"type":"Feature","id":107,"geometry":{"type":"Point","coordinates":[31.651111,26.462778]},"properties":{"م":107,"اسم_ا":"حماية منطقة جامعة سوهاج من اخطار السيول","تاريخ":"2023","المنش":"سد","اسم__1":"سد D5","المحا":"سوهاج","المنط":"جامعة سوهاج","الإدا":"أسيوط","السعة":"77","ملاحظ":"تأهيل","Field20":" "}},{"type":"Feature","id":108,"geometry":{"type":"Point","coordinates":[31.651111,26.46]},"properties":{"م":108,"اسم_ا":"حماية منطقة جامعة سوهاج من اخطار السيول","تاريخ":"2023","المنش":"سد","اسم__1":"D6 سد","المحا":"سوهاج","المنط":"جامعة سوهاج","الإدا":"أسيوط","السعة":"8","ملاحظ":"قائم","Field20":" "}},{"type":"Feature","id":109,"geometry":{"type":"Point","coordinates":[31.649444,26.457778]},"properties":{"م":109,"اسم_ا":"حماية منطقة جامعة سوهاج من اخطار السيول","تاريخ":"2023","المنش":"سد","اسم__1":"D7 سد","المحا":"سوهاج","المنط":"جامعة سوهاج","الإدا":"أسيوط","السعة":"17","ملاحظ":"تأهيل","Field20":" "}},{"type":"Feature","id":110,"geometry":{"type":"Point","coordinates":[31.6475,26.451111]},"properties":{"م":110,"اسم_ا":"حماية منطقة جامعة سوهاج من اخطار السيول","تاريخ":"2023","المنش":"سد","اسم__1":"سد A1","المحا":"سوهاج","المنط":"جامعة سوهاج","الإدا":"أسيوط","السعة":"22","ملاحظ":"مقترح","Field20":" "}},{"type":"Feature","id":111,"geometry":{"type":"Point","coordinates":[31.6475,26.449167]},"properties":{"م":111,"اسم_ا":"حماية منطقة جامعة سوهاج من اخطار السيول","تاريخ":"2023","المنش":"سد","اسم__1":"سد A2","المحا":"سوهاج","المنط":"جامعة سوهاج","الإدا":"أسيوط","السعة":"20","ملاحظ":"مقترح","Field20":" "}},{"type":"Feature","id":112,"geometry":{"type":"Point","coordinates":[31.647778,26.441944]},"properties":{"م":112,"اسم_ا":"حماية منطقة مدينة سوهاج الجديدة من اخطار السيول","تاريخ":"2023","المنش":"سد","اسم__1":"سد D1","المحا":"سوهاج","المنط":"مدينة سوهاج الجديدة","الإدا":"أسيوط","السعة":"6","ملاحظ":"قائم","Field20":" "}},{"type":"Feature","id":113,"geometry":{"type":"Point","coordinates":[31.644444,26.441667]},"properties":{"م":113,"اسم_ا":"حماية منطقة مدينة سوهاج الجديدة من اخطار السيول","تاريخ":"2023","المنش":"سد","اسم__1":"سد D2","المحا":"سوهاج","المنط":"مدينة سوهاج الجديدة","الإدا":"أسيوط","السعة":"500","ملاحظ":"قائم","Field20":" "}},{"type":"Feature","id":114,"geometry":{"type":"Point","coordinates":[31.646944,26.440556]},"properties":{"م":114,"اسم_ا":"حماية منطقة مدينة سوهاج الجديدة من اخطار السيول","تاريخ":"2023","المنش":"سد","اسم__1":"سد D3","المحا":"سوهاج","المنط":"مدينة سوهاج الجديدة","الإدا":"أسيوط","السعة":"38","ملاحظ":"قائم","Field20":" "}},{"type":"Feature","id":115,"geometry":{"type":"Point","coordinates":[31.646944,26.436944]},"properties":{"م":115,"اسم_ا":"حماية منطقة مدينة سوهاج الجديدة من اخطار السيول","تاريخ":"2023","المنش":"سد","اسم__1":"سد D4","المحا":"سوهاج","المنط":"مدينة سوهاج الجديدة","الإدا":"أسيوط","السعة":"17","ملاحظ":"قائم","Field20":" "}},{"type":"Feature","id":116,"geometry":{"type":"Point","coordinates":[31.645833,26.435556]},"properties":{"م":116,"اسم_ا":"حماية منطقة مدينة سوهاج الجديدة من اخطار السيول","تاريخ":"2023","المنش":"سد","اسم__1":"سد D5","المحا":"سوهاج","المنط":"مدينة سوهاج الجديدة","الإدا":"أسيوط","السعة":"13","ملاحظ":"قائم","Field20":" "}},{"type":"Feature","id":117,"geometry":{"type":"Point","coordinates":[31.646667,26.43]},"properties":{"م":117,"اسم_ا":"حماية منطقة مدينة سوهاج الجديدة من اخطار السيول","تاريخ":"2023","المنش":"سد","اسم__1":"D6 سد","المحا":"سوهاج","المنط":"مدينة سوهاج الجديدة","الإدا":"أسيوط","السعة":"54","ملاحظ":"قائم","Field20":" "}},{"type":"Feature","id":118,"geometry":{"type":"Point","coordinates":[31.649722,26.425833]},"properties":{"م":118,"اسم_ا":"حماية منطقة مدينة سوهاج الجديدة من اخطار السيول","تاريخ":"2023","المنش":"سد","اسم__1":"D7 سد","المحا":"سوهاج","المنط":"مدينة سوهاج الجديدة","الإدا":"أسيوط","السعة":"30","ملاحظ":"قائم","Field20":" "}},{"type":"Feature","id":119,"geometry":{"type":"Point","coordinates":[31.649722,26.424167]},"properties":{"م":119,"اسم_ا":"حماية منطقة مدينة سوهاج الجديدة من اخطار السيول","تاريخ":"2023","المنش":"سد","اسم__1":"سد D8","المحا":"سوهاج","المنط":"مدينة سوهاج الجديدة","الإدا":"أسيوط","السعة":"47","ملاحظ":"قائم","Field20":" "}},{"type":"Feature","id":120,"geometry":{"type":"Point","coordinates":[31.649722,26.416111]},"properties":{"م":120,"اسم_ا":"حماية منطقة مدينة سوهاج الجديدة من اخطار السيول","تاريخ":"2023","المنش":"سد","اسم__1":"سد D9","المحا":"سوهاج","المنط":"مدينة سوهاج الجديدة","الإدا":"أسيوط","السعة":"94","ملاحظ":"قائم","Field20":" "}},{"type":"Feature","id":121,"geometry":{"type":"Point","coordinates":[31.636111,26.407222]},"properties":{"م":121,"اسم_ا":"حماية منطقة مدينة سوهاج الجديدة من اخطار السيول","تاريخ":"2023","المنش":"سد","اسم__1":"سد D10","المحا":"سوهاج","المنط":"مدينة سوهاج الجديدة","الإدا":"أسيوط","السعة":"161","ملاحظ":"قائم","Field20":" "}},{"type":"Feature","id":122,"geometry":{"type":"Point","coordinates":[31.636944,26.402222]},"properties":{"م":122,"اسم_ا":"حماية منطقة مدينة سوهاج الجديدة من اخطار السيول","تاريخ":"2023","المنش":"سد","اسم__1":"سد D11","المحا":"سوهاج","المنط":"مدينة سوهاج الجديدة","الإدا":"أسيوط","السعة":"577","ملاحظ":"قائم","Field20":" "}},{"type":"Feature","id":123,"geometry":{"type":"Point","coordinates":[31.605,26.381944]},"properties":{"م":123,"اسم_ا":"حماية منطقة مدينة سوهاج الجديدة من اخطار السيول","تاريخ":"2023","المنش":"سد","اسم__1":"سد D12","المحا":"سوهاج","المنط":"مدينة سوهاج الجديدة","الإدا":"أسيوط","السعة":"42","ملاحظ":"قائم","Field20":" "}},{"type":"Feature","id":124,"geometry":{"type":"Point","coordinates":[31.648611,26.447222]},"properties":{"م":124,"اسم_ا":"حماية منطقة مدينة سوهاج الجديدة من اخطار السيول","تاريخ":"2023","المنش":"سد","اسم__1":"سد م1","المحا":"سوهاج","المنط":"مدينة سوهاج الجديدة","الإدا":"أسيوط","السعة":"9","ملاحظ":"مقترح","Field20":" "}},{"type":"Feature","id":125,"geometry":{"type":"Point","coordinates":[31.665833,26.446111]},"properties":{"م":125,"اسم_ا":"حماية منطقة مدينة سوهاج الجديدة من اخطار السيول","تاريخ":"2023","المنش":"سد","اسم__1":"سد م2","المحا":"سوهاج","المنط":"مدينة سوهاج الجديدة","الإدا":"أسيوط","السعة":"4","ملاحظ":"مقترح","Field20":" "}},{"type":"Feature","id":126,"geometry":{"type":"Point","coordinates":[31.536944,26.403611]},"properties":{"م":126,"اسم_ا":"حماية منطقة مدينة سوهاج الجديدة من اخطار السيول","تاريخ":"2023","المنش":"سد","اسم__1":"سد م3","المحا":"سوهاج","المنط":"مدينة سوهاج الجديدة","الإدا":"أسيوط","السعة":"20","ملاحظ":"مقترح","Field20":" "}},{"type":"Feature","id":127,"geometry":{"type":"Point","coordinates":[31.535833,26.431389]},"properties":{"م":127,"اسم_ا":"حماية منطقة مدينة سوهاج الجديدة من اخطار السيول","تاريخ":"2023","المنش":"سد","اسم__1":"سد م4","المحا":"سوهاج","المنط":"مدينة سوهاج الجديدة","الإدا":"أسيوط","السعة":"43","ملاحظ":"مقترح","Field20":" "}},{"type":"Feature","id":128,"geometry":{"type":"Point","coordinates":[31.637778,26.385278]},"properties":{"م":128,"اسم_ا":"حماية منطقة مدينة سوهاج الجديدة من اخطار السيول","تاريخ":"2023","المنش":"بحيرة صناعية","اسم__1":"بحيرة ب1","المحا":"سوهاج","المنط":"مدينة سوهاج الجديدة","الإدا":"أسيوط","السعة":"250","ملاحظ":"مقترح","Field20":" "}},{"type":"Feature","id":129,"geometry":{"type":"Point","coordinates":[31.641389,26.378611]},"properties":{"م":129,"اسم_ا":"حماية منطقة مدينة سوهاج الجديدة من اخطار السيول","تاريخ":"2023","المنش":"حاجز","اسم__1":"حاجز ح1","المحا":"سوهاج","المنط":"مدينة سوهاج الجديدة","الإدا":"أسيوط","السعة":"340","ملاحظ":"مقترح","Field20":" "}},{"type":"Feature","id":130,"geometry":{"type":"Point","coordinates":[32.833333,25.833333]},"properties":{"م":130,"اسم_ا":"حماية منطقة حجازة من اخطار السيول","تاريخ":"2023","المنش":"بحيرة صناعية","اسم__1":"بحيرة ب1","المحا":"قنا","المنط":"حجازة","الإدا":"اسنا","السعة":"815","ملاحظ":"قائم","Field20":" "}},{"type":"Feature","id":131,"geometry":{"type":"Point","coordinates":[33.586229,26.027459]},"properties":{"م":131,"اسم_ا":"حماية منطقة الكلاحين\n من اخطار السيول","تاريخ":"نوفمبر 2021","المنش":"سد","اسم__1":"سد إعاقة (م1)","المحا":"قنا","المنط":"منطقة الكلاحين","الإدا":"أسنا","السعة":"2000","ملاحظ":"مقترح","Field20":" "}},{"type":"Feature","id":132,"geometry":{"type":"Point","coordinates":[33.529594,25.998508]},"properties":{"م":132,"اسم_ا":"حماية منطقة الكلاحين\n من اخطار السيول","تاريخ":"نوفمبر 2021","المنش":"سد","اسم__1":"سد إعاقة (م2)","المحا":"قنا","المنط":"منطقة الكلاحين","الإدا":"أسنا","السعة":"2287","ملاحظ":"مقترح","Field20":" "}},{"type":"Feature","id":133,"geometry":{"type":"Point","coordinates":[33.499737,25.84072]},"properties":{"م":133,"اسم_ا":"حماية منطقة الكلاحين\n من اخطار السيول","تاريخ":"نوفمبر 2021","المنش":"سد","اسم__1":"سد إعاقة (م3)","المحا":"قنا","المنط":"منطقة الكلاحين","الإدا":"أسنا","السعة":"2000","ملاحظ":"مقترح","Field20":" "}},{"type":"Feature","id":134,"geometry":{"type":"Point","coordinates":[33.367941,25.74881]},"properties":{"م":134,"اسم_ا":"حماية منطقة الكلاحين\n من اخطار السيول","تاريخ":"نوفمبر 2021","المنش":"سد","اسم__1":"سد إعاقة (م4)","المحا":"قنا","المنط":"منطقة الكلاحين","الإدا":"أسنا","السعة":"2350","ملاحظ":"مقترح","Field20":" "}},{"type":"Feature","id":135,"geometry":{"type":"Point","coordinates":[33.43897,25.970684]},"properties":{"م":135,"اسم_ا":"حماية منطقة الكلاحين\n من اخطار السيول","تاريخ":"نوفمبر 2021","المنش":"بحيرة صناعية","اسم__1":"بحيرة (ب 1)","المحا":"قنا","المنط":"منطقة الكلاحين","الإدا":"أسنا","السعة":"800","ملاحظ":"مقترح","Field20":" "}},{"type":"Feature","id":136,"geometry":{"type":"Point","coordinates":[33.231466,25.97008]},"properties":{"م":136,"اسم_ا":"حماية منطقة الكلاحين\n من اخطار السيول","تاريخ":"نوفمبر 2021","المنش":"بحيرة صناعية","اسم__1":"بحيرة (ب 2)","المحا":"قنا","المنط":"منطقة الكلاحين","الإدا":"أسنا","السعة":"1161","ملاحظ":"مقترح","Field20":" "}},{"type":"Feature","id":137,"geometry":{"type":"Point","coordinates":[33.19448,25.91422]},"properties":{"م":137,"اسم_ا":"حماية منطقة الكلاحين\n من اخطار السيول","تاريخ":"نوفمبر 2021","المنش":"بحيرة صناعية","اسم__1":"بحيرة (ب 3)","المحا":"قنا","المنط":"منطقة الكلاحين","الإدا":"أسنا","السعة":"1875","ملاحظ":"مقترح","Field20":" "}},{"type":"Feature","id":138,"geometry":{"type":"Point","coordinates":[33.138773,25.937349]},"properties":{"م":138,"اسم_ا":"حماية منطقة الكلاحين\n من اخطار السيول","تاريخ":"نوفمبر 2021","المنش":"بحيرة صناعية","اسم__1":"بحيرة (ب 4)","المحا":"قنا","المنط":"منطقة الكلاحين","الإدا":"أسنا","السعة":"567","ملاحظ":"مقترح","Field20":" "}},{"type":"Feature","id":139,"geometry":{"type":"Point","coordinates":[33.099968,25.948375]},"properties":{"م":139,"اسم_ا":"حماية منطقة الكلاحين\n من اخطار السيول","تاريخ":"نوفمبر 2021","المنش":"بحيرة صناعية","اسم__1":"بحيرة (ب 5)","المحا":"قنا","المنط":"منطقة الكلاحين","الإدا":"أسنا","السعة":"360","ملاحظ":"مقترح","Field20":" "}},{"type":"Feature","id":140,"geometry":{"type":"Point","coordinates":[32.947213,25.979865]},"properties":{"م":140,"اسم_ا":"حماية منطقة الكلاحين\n من اخطار السيول","تاريخ":"نوفمبر 2021","المنش":"بحيرة صناعية","اسم__1":"بحيرة (ب 6)","المحا":"قنا","المنط":"منطقة الكلاحين","الإدا":"أسنا","السعة":"270.75","ملاحظ":"مقترح","Field20":" "}},{"type":"Feature","id":141,"geometry":{"type":"Point","coordinates":[33.524053,25.782249]},"properties":{"م":141,"اسم_ا":"حماية منطقة الكلاحين\n من اخطار السيول","تاريخ":"نوفمبر 2021","المنش":"بحيرة صناعية","اسم__1":"بحيرة (ب 7)","المحا":"قنا","المنط":"منطقة الكلاحين","الإدا":"أسنا","السعة":"2268.75","ملاحظ":"مقترح","Field20":" "}},{"type":"Feature","id":142,"geometry":{"type":"Point","coordinates":[33.23898,25.838984]},"properties":{"م":142,"اسم_ا":"حماية منطقة الكلاحين\n من اخطار السيول","تاريخ":"نوفمبر 2021","المنش":"بحيرة صناعية","اسم__1":"بحيرة (ب 8)","المحا":"قنا","المنط":"منطقة الكلاحين","الإدا":"أسنا","السعة":"2745.186","ملاحظ":"مقترح","Field20":" "}},{"type":"Feature","id":143,"geometry":{"type":"Point","coordinates":[33.138139,25.838241]},"properties":{"م":143,"اسم_ا":"حماية منطقة الكلاحين\n من اخطار السيول","تاريخ":"نوفمبر 2021","المنش":"بحيرة صناعية","اسم__1":"بحيرة (ب 9)","المحا":"قنا","المنط":"منطقة الكلاحين","الإدا":"أسنا","السعة":"333.9","ملاحظ":"مقترح","Field20":" "}},{"type":"Feature","id":144,"geometry":{"type":"Point","coordinates":[33.016225,25.868993]},"properties":{"م":144,"اسم_ا":"حماية منطقة الكلاحين\n من اخطار السيول","تاريخ":"نوفمبر 2021","المنش":"بحيرة صناعية","اسم__1":"بحيرة (ب 10)","المحا":"قنا","المنط":"منطقة الكلاحين","الإدا":"أسنا","السعة":"162.8","ملاحظ":"مقترح","Field20":" "}},{"type":"Feature","id":145,"geometry":{"type":"Point","coordinates":[33.431948,25.96649]},"properties":{"م":145,"اسم_ا":"حماية منطقة الكلاحين\n من اخطار السيول","تاريخ":"نوفمبر 2021","المنش":"حاجز ترابي","اسم__1":"حاجز ترابى خلف البحيرة ب1(ح1)","المحا":"قنا","المنط":"منطقة الكلاحين","الإدا":"أسنا","السعة":"1200","ملاحظ":"مقترح","Field20":" "}},{"type":"Feature","id":146,"geometry":{"type":"Point","coordinates":[33.228645,25.964338]},"properties":{"م":146,"اسم_ا":"حماية منطقة الكلاحين\n من اخطار السيول","تاريخ":"نوفمبر 2021","المنش":"حاجز ترابي","اسم__1":"حاجز ترابى خلف البحيرة ب2(ح2)","المحا":"قنا","المنط":"منطقة الكلاحين","الإدا":"أسنا","السعة":"2596.7","ملاحظ":"مقترح","Field20":" "}},{"type":"Feature","id":147,"geometry":{"type":"Point","coordinates":[33.174428,25.923147]},"properties":{"م":147,"اسم_ا":"حماية منطقة الكلاحين\n من اخطار السيول","تاريخ":"نوفمبر 2021","المنش":"حاجز ترابي","اسم__1":"حاجز ترابى خلف البحيرة ب3(ح3)","المحا":"قنا","المنط":"منطقة الكلاحين","الإدا":"أسنا","السعة":"5500","ملاحظ":"مقترح","Field20":" "}},{"type":"Feature","id":148,"geometry":{"type":"Point","coordinates":[33.128708,25.939807]},"properties":{"م":148,"اسم_ا":"حماية منطقة الكلاحين\n من اخطار السيول","تاريخ":"نوفمبر 2021","المنش":"حاجز ترابي","اسم__1":"حاجز ترابى خلف البحيرة ب4(ح4)","المحا":"قنا","المنط":"منطقة الكلاحين","الإدا":"أسنا","السعة":"400","ملاحظ":"مقترح","Field20":" "}},{"type":"Feature","id":149,"geometry":{"type":"Point","coordinates":[33.103333,25.953333]},"properties":{"م":149,"اسم_ا":"حماية منطقة الكلاحين\n من اخطار السيول","تاريخ":"نوفمبر 2021","المنش":"حاجز ترابي","اسم__1":"حاجز ترابى خلف البحيرة ب5(ح5)","المحا":"قنا","المنط":"منطقة الكلاحين","الإدا":"أسنا","السعة":"350","ملاحظ":"مقترح","Field20":" "}},{"type":"Feature","id":150,"geometry":{"type":"Point","coordinates":[32.946667,25.974444]},"properties":{"م":150,"اسم_ا":"حماية منطقة الكلاحين\n من اخطار السيول","تاريخ":"نوفمبر 2021","المنش":"حاجز ترابي","اسم__1":"حاجز ترابى خلف البحيرة ب6(ح6)","المحا":"قنا","المنط":"منطقة الكلاحين","الإدا":"أسنا","السعة":"265","ملاحظ":"مقترح","Field20":" "}},{"type":"Feature","id":151,"geometry":{"type":"Point","coordinates":[33.514167,25.771944]},"properties":{"م":151,"اسم_ا":"حماية منطقة الكلاحين\n من اخطار السيول","تاريخ":"نوفمبر 2021","المنش":"حاجز ترابي","اسم__1":"حاجز ترابى خلف البحيرة ب7(ح7)","المحا":"قنا","المنط":"منطقة الكلاحين","الإدا":"أسنا","السعة":"6850","ملاحظ":"مقترح","Field20":" "}},{"type":"Feature","id":152,"geometry":{"type":"Point","coordinates":[33.236667,25.843611]},"properties":{"م":152,"اسم_ا":"حماية منطقة الكلاحين\n من اخطار السيول","تاريخ":"نوفمبر 2021","المنش":"حاجز ترابي","اسم__1":"حاجز ترابى خلف البحيرة ب8(ح8)","المحا":"قنا","المنط":"منطقة الكلاحين","الإدا":"أسنا","السعة":"1310.2","ملاحظ":"مقترح","Field20":" "}},{"type":"Feature","id":153,"geometry":{"type":"Point","coordinates":[33.133889,25.841667]},"properties":{"م":153,"اسم_ا":"حماية منطقة الكلاحين\n من اخطار السيول","تاريخ":"نوفمبر 2021","المنش":"حاجز ترابي","اسم__1":"حاجز ترابى خلف البحيرة ب9(ح9)","المحا":"قنا","المنط":"منطقة الكلاحين","الإدا":"أسنا","السعة":"700","ملاحظ":"مقترح","Field20":" "}},{"type":"Feature","id":154,"geometry":{"type":"Point","coordinates":[33.021667,25.875833]},"properties":{"م":154,"اسم_ا":"حماية منطقة الكلاحين\n من اخطار السيول","تاريخ":"نوفمبر 2021","المنش":"حاجز ترابي","اسم__1":"حاجز ترابى خلف البحيرة ب10(ح10)","المحا":"قنا","المنط":"منطقة الكلاحين","الإدا":"أسنا","السعة":"175","ملاحظ":"مقترح","Field20":" "}},{"type":"Feature","id":155,"geometry":{"type":"Point","coordinates":[32.570278,26.237222]},"properties":{"م":155,"اسم_ا":"دراسة قريتى ( ابودياب شرق -المخادمة )\nبوادى الزئبقه من اخطار السيول","تاريخ":"يوليو 2023","المنش":"بحيرة صناعية","اسم__1":"بحيرة (ب1)","المحا":"قنا","المنط":"الزيبقة","الإدا":"أسنا","السعة":"120","ملاحظ":"مقترح","Field20":" "}},{"type":"Feature","id":156,"geometry":{"type":"Point","coordinates":[32.563889,26.239444]},"properties":{"م":156,"اسم_ا":"دراسة قريتى ( ابودياب شرق -المخادمة )\nبوادى الزئبقه من اخطار السيول","تاريخ":"يوليو 2023","المنش":"بحيرة صناعية","اسم__1":"بحيرة (ب2)","المحا":"قنا","المنط":"الزيبقة","الإدا":"أسنا","السعة":"30","ملاحظ":"مقترح","Field20":" "}},{"type":"Feature","id":157,"geometry":{"type":"Point","coordinates":[32.545278,26.252778]},"properties":{"م":157,"اسم_ا":"دراسة قريتى ( ابودياب شرق -المخادمة )\nبوادى الزئبقه من اخطار السيول","تاريخ":"يوليو 2023","المنش":"بحيرة صناعية","اسم__1":"بحيرة (ب4)","المحا":"قنا","المنط":"الزيبقة","الإدا":"أسنا","السعة":"750","ملاحظ":"مقترح","Field20":" "}},{"type":"Feature","id":158,"geometry":{"type":"Point","coordinates":[32.529722,26.225]},"properties":{"م":158,"اسم_ا":"دراسة قريتى ( ابودياب شرق -المخادمة )\nبوادى الزئبقه من اخطار السيول","تاريخ":"يوليو 2023","المنش":"بحيرة صناعية","اسم__1":"بحيرة (ب5)","المحا":"قنا","المنط":"الزيبقة","الإدا":"أسنا","السعة":"150","ملاحظ":"مقترح","Field20":" "}},{"type":"Feature","id":159,"geometry":{"type":"Point","coordinates":[32.566667,26.235556]},"properties":{"م":159,"اسم_ا":"دراسة قريتى ( ابودياب شرق -المخادمة )\nبوادى الزئبقه من اخطار السيول","تاريخ":"يوليو 2023","المنش":"حاجز ترابي","اسم__1":"حاجز ترابى (ح1)","المحا":"قنا","المنط":"الزيبقة","الإدا":"أسنا","السعة":"300","ملاحظ":"مقترح","Field20":" "}},{"type":"Feature","id":160,"geometry":{"type":"Point","coordinates":[32.561389,26.237778]},"properties":{"م":160,"اسم_ا":"دراسة قريتى ( ابودياب شرق -المخادمة )\nبوادى الزئبقه من اخطار السيول","تاريخ":"يوليو 2023","المنش":"حاجز ترابي","اسم__1":"حاجز ترابى (ح2)","المحا":"قنا","المنط":"الزيبقة","الإدا":"أسنا","السعة":"40","ملاحظ":"مقترح","Field20":" "}},{"type":"Feature","id":161,"geometry":{"type":"Point","coordinates":[32.540833,26.251667]},"properties":{"م":161,"اسم_ا":"دراسة قريتى ( ابودياب شرق -المخادمة )\nبوادى الزئبقه من اخطار السيول","تاريخ":"يوليو 2023","المنش":"حاجز ترابي","اسم__1":"حاجز ترابى (ح4)","المحا":"قنا","المنط":"الزيبقة","الإدا":"أسنا","السعة":"510","ملاحظ":"مقترح","Field20":" "}},{"type":"Feature","id":162,"geometry":{"type":"Point","coordinates":[32.524444,26.222778]},"properties":{"م":162,"اسم_ا":"دراسة قريتى ( ابودياب شرق -المخادمة )\nبوادى الزئبقه من اخطار السيول","تاريخ":"يوليو 2023","المنش":"حاجز ترابي","اسم__1":"حاجز ترابى (ح5)","المحا":"قنا","المنط":"الزيبقة","الإدا":"أسنا","السعة":"457","ملاحظ":"مقترح","Field20":" "}},{"type":"Feature","id":163,"geometry":{"type":"Point","coordinates":[31.500833,29.580278]},"properties":{"م":163,"اسم_ا":"دراسة حماية الصف\n من اخطار السيول","تاريخ":"اغسطس 2024","المنش":"سد","اسم__1":"سد D1","المحا":"الجيزة","المنط":"الصف","الإدا":"بنى سويف","السعة":"148.5","ملاحظ":"مقترح","Field20":" "}},{"type":"Feature","id":164,"geometry":{"type":"Point","coordinates":[31.520833,29.570278]},"properties":{"م":164,"اسم_ا":"دراسة حماية الصف\n من اخطار السيول","تاريخ":"اغسطس 2024","المنش":"سد","اسم__1":"سد D2","المحا":"الجيزة","المنط":"الصف","الإدا":"بنى سويف","السعة":"615","ملاحظ":"مقترح","Field20":" "}},{"type":"Feature","id":165,"geometry":{"type":"Point","coordinates":[31.481111,29.571111]},"properties":{"م":165,"اسم_ا":"دراسة حماية الصف\n من اخطار السيول","تاريخ":"اغسطس 2024","المنش":"سد","اسم__1":"سد D3","المحا":"الجيزة","المنط":"الصف","الإدا":"بنى سويف","السعة":"1017","ملاحظ":"مقترح","Field20":" "}},{"type":"Feature","id":166,"geometry":{"type":"Point","coordinates":[31.4925,29.572222]},"properties":{"م":166,"اسم_ا":"دراسة حماية الصف\n من اخطار السيول","تاريخ":"اغسطس 2024","المنش":"سد","اسم__1":"سد D4","المحا":"الجيزة","المنط":"الصف","الإدا":"بنى سويف","السعة":"1280","ملاحظ":"مقترح","Field20":" "}},{"type":"Feature","id":167,"geometry":{"type":"Point","coordinates":[31.568889,29.573611]},"properties":{"م":167,"اسم_ا":"دراسة حماية الصف\n من اخطار السيول","تاريخ":"اغسطس 2024","المنش":"سد","اسم__1":"سد D5","المحا":"الجيزة","المنط":"الصف","الإدا":"بنى سويف","السعة":"760","ملاحظ":"مقترح","Field20":" "}},{"type":"Feature","id":168,"geometry":{"type":"Point","coordinates":[31.570833,29.581389]},"properties":{"م":168,"اسم_ا":"دراسة حماية الصف\n من اخطار السيول","تاريخ":"اغسطس 2024","المنش":"سد","اسم__1":"سد D6","المحا":"الجيزة","المنط":"الصف","الإدا":"بنى سويف","السعة":"172.8","ملاحظ":"مقترح","Field20":" "}},{"type":"Feature","id":169,"geometry":{"type":"Point","coordinates":[31.405,29.5425]},"properties":{"م":169,"اسم_ا":"دراسة حماية الصف\n من اخطار السيول","تاريخ":"اغسطس 2024","المنش":"سد","اسم__1":"سد D7","المحا":"الجيزة","المنط":"الصف","الإدا":"بنى سويف","السعة":"79","ملاحظ":"مقترح","Field20":" "}},{"type":"Feature","id":170,"geometry":{"type":"Point","coordinates":[31.450556,29.573611]},"properties":{"م":170,"اسم_ا":"دراسة حماية الصف\n من اخطار السيول","تاريخ":"اغسطس 2024","المنش":"بحيرة صناعية","اسم__1":"بحيرة B1","المحا":"الجيزة","المنط":"الصف","الإدا":"بنى سويف","السعة":"119","ملاحظ":"مقترح","Field20":" "}},{"type":"Feature","id":171,"geometry":{"type":"Point","coordinates":[31.423611,29.562222]},"properties":{"م":171,"اسم_ا":"دراسة حماية الصف\n من اخطار السيول","تاريخ":"اغسطس 2024","المنش":"بحيرة صناعية","اسم__1":"بحيرة B2","المحا":"الجيزة","المنط":"الصف","الإدا":"بنى سويف","السعة":"72","ملاحظ":"مقترح","Field20":" "}},{"type":"Feature","id":172,"geometry":{"type":"Point","coordinates":[31.438611,29.570278]},"properties":{"م":172,"اسم_ا":"دراسة حماية الصف\n من اخطار السيول","تاريخ":"اغسطس 2024","المنش":"بحيرة صناعية","اسم__1":"بحيرة B3","المحا":"الجيزة","المنط":"الصف","الإدا":"بنى سويف","السعة":"143","ملاحظ":"مقترح","Field20":" "}},{"type":"Feature","id":173,"geometry":{"type":"Point","coordinates":[31.450556,29.569167]},"properties":{"م":173,"اسم_ا":"دراسة حماية الصف\n من اخطار السيول","تاريخ":"اغسطس 2024","المنش":"حاجز ترابي","اسم__1":"حاجز ترابى ح 1","المحا":"الجيزة","المنط":"الصف","الإدا":"بنى سويف","السعة":"184","ملاحظ":"مقترح","Field20":" "}},{"type":"Feature","id":174,"geometry":{"type":"Point","coordinates":[31.421667,29.565278]},"properties":{"م":174,"اسم_ا":"دراسة حماية الصف\n من اخطار السيول","تاريخ":"اغسطس 2024","المنش":"حاجز ترابي","اسم__1":"حاجز ترابى ح 2","المحا":"الجيزة","المنط":"الصف","الإدا":"بنى سويف","السعة":"65","ملاحظ":"مقترح","Field20":" "}},{"type":"Feature","id":175,"geometry":{"type":"Point","coordinates":[31.435833,29.569167]},"properties":{"م":175,"اسم_ا":"دراسة حماية الصف\n من اخطار السيول","تاريخ":"اغسطس 2024","المنش":"حاجز ترابي","اسم__1":"حاجز ترابى ح 3","المحا":"الجيزة","المنط":"الصف","الإدا":"بنى سويف","السعة":"524","ملاحظ":"مقترح","Field20":" "}},{"type":"Feature","id":176,"geometry":{"type":"Point","coordinates":[30.927944,29.283352]},"properties":{"م":176,"اسم_ا":"تحديث دراسة حماية عزبة محمود السيد - مركز الفيوم - محافظة الفيوم من أخطار السيول","تاريخ":"نوفمبر 2024","المنش":"حاجز ترابي","اسم__1":"بحيرة مقترحة ب1","المحا":"الفيوم","المنط":"عزبة محمود السيد","الإدا":"بني سويف","السعة":"97","ملاحظ":"مقترح","Field20":" "}},{"type":"Feature","id":177,"geometry":{"type":"Point","coordinates":[30.92648,29.28173]},"properties":{"م":177,"اسم_ا":"تحديث دراسة حماية عزبة محمود السيد - مركز الفيوم - محافظة الفيوم من أخطار السيول","تاريخ":"نوفمبر 2024","المنش":"حاجز ترابي","اسم__1":"حاجز ترابى ح1","المحا":"الفيوم","المنط":"عزبة محمود السيد","الإدا":"بني سويف","السعة":"21","ملاحظ":"مقترح","Field20":" "}},{"type":"Feature","id":178,"geometry":{"type":"Point","coordinates":[31.092295,28.659181]},"properties":{"م":178,"اسم_ا":"تحديث دراسة حماية المنطقة السكنية بمخرج وادى الشيخ من أخطار السيول - محافظة المنيا","تاريخ":"نوفمبر 2024","المنش":"سد","اسم__1":"سد M1","المحا":"المنيا","المنط":"وادي الشيخ","الإدا":"بني سويف","السعة":"1274","ملاحظ":"مقترح","Field20":" "}},{"type":"Feature","id":179,"geometry":{"type":"Point","coordinates":[31.061753,28.670857]},"properties":{"م":179,"اسم_ا":"تحديث دراسة حماية المنطقة السكنية بمخرج وادى الشيخ من أخطار السيول - محافظة المنيا","تاريخ":"نوفمبر 2024","المنش":"سد","اسم__1":"سد M2","المحا":"المنيا","المنط":"وادي الشيخ","الإدا":"بني سويف","السعة":"2086","ملاحظ":"مقترح","Field20":" "}},{"type":"Feature","id":180,"geometry":{"type":"Point","coordinates":[31.044681,28.714308]},"properties":{"م":180,"اسم_ا":"تحديث دراسة حماية المنطقة السكنية بمخرج وادى الشيخ من أخطار السيول - محافظة المنيا","تاريخ":"نوفمبر 2024","المنش":"حاجز","اسم__1":"حاجز H1","المحا":"المنيا","المنط":"وادي الشيخ","الإدا":"بني سويف","السعة":"101","ملاحظ":"مقترح","Field20":" "}},{"type":"Feature","id":181,"geometry":{"type":"Point","coordinates":[31.044568,28.718803]},"properties":{"م":181,"اسم_ا":"تحديث دراسة حماية المنطقة السكنية بمخرج وادى الشيخ من أخطار السيول - محافظة المنيا","تاريخ":"نوفمبر 2024","المنش":"حاجز","اسم__1":"حاجز H2","المحا":"المنيا","المنط":"وادي الشيخ","الإدا":"بني سويف","السعة":"125","ملاحظ":"مقترح","Field20":" "}},{"type":"Feature","id":182,"geometry":{"type":"Point","coordinates":[30.955033,28.74378]},"properties":{"م":182,"اسم_ا":"تحديث دراسة حماية المنطقة السكنية بمخرج وادى الشيخ من أخطار السيول - محافظة المنيا","تاريخ":"نوفمبر 2024","المنش":"حاجز","اسم__1":"حاجز H3","المحا":"المنيا","المنط":"وادي الشيخ","الإدا":"بني سويف","السعة":"525","ملاحظ":"مقترح","Field20":" "}},{"type":"Feature","id":183,"geometry":{"type":"Point","coordinates":[31.030655,28.660683]},"properties":{"م":183,"اسم_ا":"تحديث دراسة حماية المنطقة السكنية بمخرج وادى الشيخ من أخطار السيول - محافظة المنيا","تاريخ":"نوفمبر 2024","المنش":"بحيرة صناعية","اسم__1":"بحيرة (ب2)","المحا":"المنيا","المنط":"وادي الشيخ","الإدا":"بني سويف","السعة":"79.85","ملاحظ":"مقترح","Field20":" "}},{"type":"Feature","id":184,"geometry":{"type":"Point","coordinates":[31.022625,28.608561]},"properties":{"م":184,"اسم_ا":"تحديث دراسة حماية المنطقة السكنية بمخرج وادى الشيخ من أخطار السيول - محافظة المنيا","تاريخ":"نوفمبر 2024","المنش":"بحيرة صناعية","اسم__1":"بحيرة (ب3)","المحا":"المنيا","المنط":"وادي الشيخ","الإدا":"بني سويف","السعة":"118.82","ملاحظ":"مقترح","Field20":" "}},{"type":"Feature","id":185,"geometry":{"type":"Point","coordinates":[31.029478,28.663128]},"properties":{"م":185,"اسم_ا":"تحديث دراسة حماية المنطقة السكنية بمخرج وادى الشيخ من أخطار السيول - محافظة المنيا","تاريخ":"نوفمبر 2024","المنش":"حاجز ترابي","اسم__1":"حاجز ترابى (ح2) خلف البحيرة","المحا":"المنيا","المنط":"وادي الشيخ","الإدا":"بني سويف","السعة":"164","ملاحظ":"مقترح","Field20":" "}},{"type":"Feature","id":186,"geometry":{"type":"Point","coordinates":[31.019426,28.608108]},"properties":{"م":186,"اسم_ا":"تحديث دراسة حماية المنطقة السكنية بمخرج وادى الشيخ من أخطار السيول - محافظة المنيا","تاريخ":"نوفمبر 2024","المنش":"حاجز ترابي","اسم__1":"حاجز ترابى (ح3) خلف البحيرة","المحا":"المنيا","المنط":"وادي الشيخ","الإدا":"بني سويف","السعة":"64.5","ملاحظ":"مقترح","Field20":" "}},{"type":"Feature","id":187,"geometry":{"type":"Point","coordinates":[31.550956,26.929132]},"properties":{"م":187,"اسم_ا":"تحديث دراسة حماية المنطقة بين العتمانية و الهمامية من أخطار السيول بمحافظة أسيوط","تاريخ":"أكتوبر 2024","المنش":"حاجز إعاقة","اسم__1":"حاجز إعاقة ركامى A1","المحا":"أسيوط","المنط":"الهمامية والعتمانية","الإدا":"أسيوط","السعة":"150","ملاحظ":"مقترح","Field20":" "}},{"type":"Feature","id":188,"geometry":{"type":"Point","coordinates":[31.503642,26.918532]},"properties":{"م":188,"اسم_ا":"تحديث دراسة حماية المنطقة بين العتمانية و الهمامية من أخطار السيول بمحافظة أسيوط","تاريخ":"أكتوبر 2024","المنش":"حاجز إعاقة","اسم__1":"حاجز إعاقة ركامى A2","المحا":"أسيوط","المنط":"الهمامية والعتمانية","الإدا":"أسيوط","السعة":"20","ملاحظ":"مقترح","Field20":" "}},{"type":"Feature","id":189,"geometry":{"type":"Point","coordinates":[31.572691,26.931355]},"properties":{"م":189,"اسم_ا":"تحديث دراسة حماية المنطقة بين العتمانية و الهمامية من أخطار السيول بمحافظة أسيوط","تاريخ":"أكتوبر 2024","المنش":"بحيرة صناعية","اسم__1":"بحيرة (ب1)","المحا":"أسيوط","المنط":"الهمامية والعتمانية","الإدا":"أسيوط","السعة":"442","ملاحظ":"مقترح","Field20":" "}},{"type":"Feature","id":190,"geometry":{"type":"Point","coordinates":[31.574574,26.927655]},"properties":{"م":190,"اسم_ا":"تحديث دراسة حماية المنطقة بين العتمانية و الهمامية من أخطار السيول بمحافظة أسيوط","تاريخ":"أكتوبر 2024","المنش":"بحيرة صناعية","اسم__1":"حاجز ترابى (ح1)","المحا":"أسيوط","المنط":"الهمامية والعتمانية","الإدا":"أسيوط","السعة":"300","ملاحظ":"مقترح","Field20":" "}},{"type":"Feature","id":191,"geometry":{"type":"Point","coordinates":[31.009934,26.132202]},"properties":{"م":191,"اسم_ا":"تحديث دراسة حماية المنطقة بين العتمانية و الهمامية من أخطار السيول بمحافظة أسيوط","تاريخ":"أكتوبر 2024","المنش":"سد","اسم__1":"سد D5","المحا":"أسيوط","المنط":"الهمامية والعتمانية","الإدا":"أسيوط","السعة":"43.5","ملاحظ":"قائم","Field20":" "}},{"type":"Feature","id":192,"geometry":{"type":"Point","coordinates":[31.527664,26.928088]},"properties":{"م":192,"اسم_ا":"تحديث دراسة حماية المنطقة بين العتمانية و الهمامية من أخطار السيول بمحافظة أسيوط","تاريخ":"أكتوبر 2024","المنش":"سد","اسم__1":"سد D1","المحا":"أسيوط","المنط":"الهمامية والعتمانية","الإدا":"أسيوط","السعة":"55","ملاحظ":"قائم","Field20":" "}},{"type":"Feature","id":193,"geometry":{"type":"Point","coordinates":[31.525294,26.927824]},"properties":{"م":193,"اسم_ا":"تحديث دراسة حماية المنطقة بين العتمانية و الهمامية من أخطار السيول بمحافظة أسيوط","تاريخ":"أكتوبر 2024","المنش":"سد","اسم__1":"سد D2","المحا":"أسيوط","المنط":"الهمامية والعتمانية","الإدا":"أسيوط","السعة":"27","ملاحظ":"قائم","Field20":" "}},{"type":"Feature","id":194,"geometry":{"type":"Point","coordinates":[31.520559,26.926333]},"properties":{"م":194,"اسم_ا":"تحديث دراسة حماية المنطقة بين العتمانية و الهمامية من أخطار السيول بمحافظة أسيوط","تاريخ":"أكتوبر 2024","المنش":"سد","اسم__1":"سد D3","المحا":"أسيوط","المنط":"الهمامية والعتمانية","الإدا":"أسيوط","السعة":"18","ملاحظ":"قائم","Field20":" "}},{"type":"Feature","id":195,"geometry":{"type":"Point","coordinates":[31.517962,26.917479]},"properties":{"م":195,"اسم_ا":"تحديث دراسة حماية المنطقة بين العتمانية و الهمامية من أخطار السيول بمحافظة أسيوط","تاريخ":"أكتوبر 2024","المنش":"سد","اسم__1":"سد D4","المحا":"أسيوط","المنط":"الهمامية والعتمانية","الإدا":"أسيوط","السعة":"160","ملاحظ":"قائم","Field20":" "}},{"type":"Feature","id":196,"geometry":{"type":"Point","coordinates":[32.557517,25.432075]},"properties":{"م":196,"اسم_ا":"دراسة حماية ( نجع الهنادى- نجع الطوناب - نجع الحميدات - قرية المطاعنة شرق- قرية الدير - نجع الحليلة- قرية الحلة - نجع الفاخورة - قرية زرنيخ - نجع","تاريخ":"نوفمبر 2024","المنش":"بحيرة صناعية","اسم__1":"بجيرة ب1","المحا":"الأقصر","المنط":"أودية الدبابية (المرحلة الخامسة","الإدا":"إسنا","السعة":"22","ملاحظ":"مقترح","Field20":" "}},{"type":"Feature","id":197,"geometry":{"type":"Point","coordinates":[32.557517,25.432075]},"properties":{"م":197,"اسم_ا":"دراسة حماية ( نجع الهنادى- نجع الطوناب - نجع الحميدات - قرية المطاعنة شرق- قرية الدير - نجع الحليلة- قرية الحلة - نجع الفاخورة - قرية زرنيخ - نجع","تاريخ":"نوفمبر 2024","المنش":"بحيرة صناعية","اسم__1":"بجيرة ب2","المحا":"الأقصر","المنط":"أودية الدبابية (المرحلة الخامسة","الإدا":"إسنا","السعة":"49.27","ملاحظ":"مقترح","Field20":" "}},{"type":"Feature","id":198,"geometry":{"type":"Point","coordinates":[32.577033,25.41793]},"properties":{"م":198,"اسم_ا":"دراسة حماية ( نجع الهنادى- نجع الطوناب - نجع الحميدات - قرية المطاعنة شرق- قرية الدير - نجع الحليلة- قرية الحلة - نجع الفاخورة - قرية زرنيخ - نجع","تاريخ":"نوفمبر 2024","المنش":"بحيرة صناعية","اسم__1":"بجيرة ب3","المحا":"الأقصر","المنط":"أودية الدبابية (المرحلة الخامسة","الإدا":"إسنا","السعة":"25.02","ملاحظ":"مقترح","Field20":" "}},{"type":"Feature","id":199,"geometry":{"type":"Point","coordinates":[32.586101,25.41272]},"properties":{"م":199,"اسم_ا":"دراسة حماية ( نجع الهنادى- نجع الطوناب - نجع الحميدات - قرية المطاعنة شرق- قرية الدير - نجع الحليلة- قرية الحلة - نجع الفاخورة - قرية زرنيخ - نجع","تاريخ":"نوفمبر 2024","المنش":"بحيرة صناعية","اسم__1":"بجيرة ب4","المحا":"الأقصر","المنط":"أودية الدبابية (المرحلة الخامسة","الإدا":"إسنا","السعة":"103.048","ملاحظ":"مقترح","Field20":" "}},{"type":"Feature","id":200,"geometry":{"type":"Point","coordinates":[32.589622,25.390227]},"properties":{"م":200,"اسم_ا":"دراسة حماية ( نجع الهنادى- نجع الطوناب - نجع الحميدات - قرية المطاعنة شرق- قرية الدير - نجع الحليلة- قرية الحلة - نجع الفاخورة - قرية زرنيخ - نجع","تاريخ":"نوفمبر 2024","المنش":"بحيرة صناعية","اسم__1":"بجيرة ب5","المحا":"الأقصر","المنط":"أودية الدبابية (المرحلة الخامسة","الإدا":"إسنا","السعة":"41.506","ملاحظ":"مقترح","Field20":" "}},{"type":"Feature","id":201,"geometry":{"type":"Point","coordinates":[32.598683,25.382869]},"properties":{"م":201,"اسم_ا":"دراسة حماية ( نجع الهنادى- نجع الطوناب - نجع الحميدات - قرية المطاعنة شرق- قرية الدير - نجع الحليلة- قرية الحلة - نجع الفاخورة - قرية زرنيخ - نجع","تاريخ":"نوفمبر 2024","المنش":"بحيرة صناعية","اسم__1":"بجيرة ب6","المحا":"الأقصر","المنط":"أودية الدبابية (المرحلة الخامسة","الإدا":"إسنا","السعة":"31","ملاحظ":"مقترح","Field20":" "}},{"type":"Feature","id":202,"geometry":{"type":"Point","coordinates":[32.615063,25.380504]},"properties":{"م":202,"اسم_ا":"دراسة حماية ( نجع الهنادى- نجع الطوناب - نجع الحميدات - قرية المطاعنة شرق- قرية الدير - نجع الحليلة- قرية الحلة - نجع الفاخورة - قرية زرنيخ - نجع","تاريخ":"نوفمبر 2024","المنش":"بحيرة صناعية","اسم__1":"بجيرة ب7","المحا":"الأقصر","المنط":"أودية الدبابية (المرحلة الخامسة","الإدا":"إسنا","السعة":"52","ملاحظ":"مقترح","Field20":" "}},{"type":"Feature","id":203,"geometry":{"type":"Point","coordinates":[32.627733,25.376969]},"properties":{"م":203,"اسم_ا":"دراسة حماية ( نجع الهنادى- نجع الطوناب - نجع الحميدات - قرية المطاعنة شرق- قرية الدير - نجع الحليلة- قرية الحلة - نجع الفاخورة - قرية زرنيخ - نجع","تاريخ":"نوفمبر 2024","المنش":"بحيرة صناعية","اسم__1":"بجيرة ب8","المحا":"الأقصر","المنط":"أودية الدبابية (المرحلة الخامسة","الإدا":"إسنا","السعة":"92","ملاحظ":"مقترح","Field20":" "}},{"type":"Feature","id":204,"geometry":{"type":"Point","coordinates":[32.655873,25.373103]},"properties":{"م":204,"اسم_ا":"دراسة حماية ( نجع الهنادى- نجع الطوناب - نجع الحميدات - قرية المطاعنة شرق- قرية الدير - نجع الحليلة- قرية الحلة - نجع الفاخورة - قرية زرنيخ - نجع","تاريخ":"نوفمبر 2024","المنش":"بحيرة صناعية","اسم__1":"بجيرة ب9","المحا":"الأقصر","المنط":"أودية الدبابية (المرحلة الخامسة","الإدا":"إسنا","السعة":"196","ملاحظ":"مقترح","Field20":" "}},{"type":"Feature","id":205,"geometry":{"type":"Point","coordinates":[32.663729,25.351413]},"properties":{"م":205,"اسم_ا":"دراسة حماية ( نجع الهنادى- نجع الطوناب - نجع الحميدات - قرية المطاعنة شرق- قرية الدير - نجع الحليلة- قرية الحلة - نجع الفاخورة - قرية زرنيخ - نجع","تاريخ":"نوفمبر 2024","المنش":"بحيرة صناعية","اسم__1":"بجيرة ب10","المحا":"الأقصر","المنط":"أودية الدبابية (المرحلة الخامسة","الإدا":"إسنا","السعة":"138.5","ملاحظ":"مقترح","Field20":" "}},{"type":"Feature","id":206,"geometry":{"type":"Point","coordinates":[32.749534,25.352487]},"properties":{"م":206,"اسم_ا":"دراسة حماية ( نجع الهنادى- نجع الطوناب - نجع الحميدات - قرية المطاعنة شرق- قرية الدير - نجع الحليلة- قرية الحلة - نجع الفاخورة - قرية زرنيخ - نجع","تاريخ":"نوفمبر 2024","المنش":"بحيرة صناعية","اسم__1":"بجيرة ب11","المحا":"الأقصر","المنط":"أودية الدبابية (المرحلة الخامسة","الإدا":"إسنا","السعة":"322.855","ملاحظ":"مقترح","Field20":" "}},{"type":"Feature","id":207,"geometry":{"type":"Point","coordinates":[32.67375,25.33433]},"properties":{"م":207,"اسم_ا":"دراسة حماية ( نجع الهنادى- نجع الطوناب - نجع الحميدات - قرية المطاعنة شرق- قرية الدير - نجع الحليلة- قرية الحلة - نجع الفاخورة - قرية زرنيخ - نجع","تاريخ":"نوفمبر 2024","المنش":"بحيرة صناعية","اسم__1":"بجيرة ب12","المحا":"الأقصر","المنط":"أودية الدبابية (المرحلة الخامسة","الإدا":"إسنا","السعة":"1347.998","ملاحظ":"مقترح","Field20":" "}},{"type":"Feature","id":208,"geometry":{"type":"Point","coordinates":[32.634837,25.297285]},"properties":{"م":208,"اسم_ا":"دراسة حماية ( نجع الهنادى- نجع الطوناب - نجع الحميدات - قرية المطاعنة شرق- قرية الدير - نجع الحليلة- قرية الحلة - نجع الفاخورة - قرية زرنيخ - نجع","تاريخ":"نوفمبر 2024","المنش":"بحيرة صناعية","اسم__1":"بجيرة ب13","المحا":"الأقصر","المنط":"أودية الدبابية (المرحلة الخامسة","الإدا":"إسنا","السعة":"92","ملاحظ":"مقترح","Field20":" "}},{"type":"Feature","id":209,"geometry":{"type":"Point","coordinates":[32.64057,25.263192]},"properties":{"م":209,"اسم_ا":"دراسة حماية ( نجع الهنادى- نجع الطوناب - نجع الحميدات - قرية المطاعنة شرق- قرية الدير - نجع الحليلة- قرية الحلة - نجع الفاخورة - قرية زرنيخ - نجع","تاريخ":"نوفمبر 2024","المنش":"بحيرة صناعية","اسم__1":"بجيرة ب14","المحا":"الأقصر","المنط":"أودية الدبابية (المرحلة الخامسة","الإدا":"إسنا","السعة":"202.086","ملاحظ":"مقترح","Field20":" "}},{"type":"Feature","id":210,"geometry":{"type":"Point","coordinates":[32.56153,25.425551]},"properties":{"م":210,"اسم_ا":"دراسة حماية ( نجع الهنادى- نجع الطوناب - نجع الحميدات - قرية المطاعنة شرق- قرية الدير - نجع الحليلة- قرية الحلة - نجع الفاخورة - قرية زرنيخ - نجع","تاريخ":"نوفمبر 2024","المنش":"حاجز ترابي","اسم__1":"حاجز ترابى خلف البحيرة ح1","المحا":"الأقصر","المنط":"أودية الدبابية (المرحلة الخامسة","الإدا":"إسنا","السعة":"60","ملاحظ":"مقترح","Field20":" "}},{"type":"Feature","id":211,"geometry":{"type":"Point","coordinates":[32.56153,25.425551]},"properties":{"م":211,"اسم_ا":"دراسة حماية ( نجع الهنادى- نجع الطوناب - نجع الحميدات - قرية المطاعنة شرق- قرية الدير - نجع الحليلة- قرية الحلة - نجع الفاخورة - قرية زرنيخ - نجع","تاريخ":"نوفمبر 2024","المنش":"حاجز ترابي","اسم__1":"حاجز ترابى خلف البحيرة ح2","المحا":"الأقصر","المنط":"أودية الدبابية (المرحلة الخامسة","الإدا":"إسنا","السعة":"30","ملاحظ":"مقترح","Field20":" "}},{"type":"Feature","id":212,"geometry":{"type":"Point","coordinates":[32.57451,25.417719]},"properties":{"م":212,"اسم_ا":"دراسة حماية ( نجع الهنادى- نجع الطوناب - نجع الحميدات - قرية المطاعنة شرق- قرية الدير - نجع الحليلة- قرية الحلة - نجع الفاخورة - قرية زرنيخ - نجع","تاريخ":"نوفمبر 2024","المنش":"حاجز ترابي","اسم__1":"حاجز ترابى خلف البحيرة ح3","المحا":"الأقصر","المنط":"أودية الدبابية (المرحلة الخامسة","الإدا":"إسنا","السعة":"37.827","ملاحظ":"مقترح","Field20":" "}},{"type":"Feature","id":213,"geometry":{"type":"Point","coordinates":[32.585567,25.409713]},"properties":{"م":213,"اسم_ا":"دراسة حماية ( نجع الهنادى- نجع الطوناب - نجع الحميدات - قرية المطاعنة شرق- قرية الدير - نجع الحليلة- قرية الحلة - نجع الفاخورة - قرية زرنيخ - نجع","تاريخ":"نوفمبر 2024","المنش":"حاجز ترابي","اسم__1":"حاجز ترابى خلف البحيرة ح4","المحا":"الأقصر","المنط":"أودية الدبابية (المرحلة الخامسة","الإدا":"إسنا","السعة":"28","ملاحظ":"مقترح","Field20":" "}},{"type":"Feature","id":214,"geometry":{"type":"Point","coordinates":[32.5878,25.389173]},"properties":{"م":214,"اسم_ا":"دراسة حماية ( نجع الهنادى- نجع الطوناب - نجع الحميدات - قرية المطاعنة شرق- قرية الدير - نجع الحليلة- قرية الحلة - نجع الفاخورة - قرية زرنيخ - نجع","تاريخ":"نوفمبر 2024","المنش":"حاجز ترابي","اسم__1":"حاجز ترابى خلف البحيرة ح5","المحا":"الأقصر","المنط":"أودية الدبابية (المرحلة الخامسة","الإدا":"إسنا","السعة":"25.5","ملاحظ":"مقترح","Field20":" "}},{"type":"Feature","id":215,"geometry":{"type":"Point","coordinates":[32.597093,25.38344]},"properties":{"م":215,"اسم_ا":"دراسة حماية ( نجع الهنادى- نجع الطوناب - نجع الحميدات - قرية المطاعنة شرق- قرية الدير - نجع الحليلة- قرية الحلة - نجع الفاخورة - قرية زرنيخ - نجع","تاريخ":"نوفمبر 2024","المنش":"حاجز ترابي","اسم__1":"حاجز ترابى خلف البحيرة ح6","المحا":"الأقصر","المنط":"أودية الدبابية (المرحلة الخامسة","الإدا":"إسنا","السعة":"25","ملاحظ":"مقترح","Field20":" "}},{"type":"Feature","id":216,"geometry":{"type":"Point","coordinates":[32.613562,25.378984]},"properties":{"م":216,"اسم_ا":"دراسة حماية ( نجع الهنادى- نجع الطوناب - نجع الحميدات - قرية المطاعنة شرق- قرية الدير - نجع الحليلة- قرية الحلة - نجع الفاخورة - قرية زرنيخ - نجع","تاريخ":"نوفمبر 2024","المنش":"حاجز ترابي","اسم__1":"حاجز ترابى خلف البحيرة ح7","المحا":"الأقصر","المنط":"أودية الدبابية (المرحلة الخامسة","الإدا":"إسنا","السعة":"40","ملاحظ":"مقترح","Field20":" "}},{"type":"Feature","id":217,"geometry":{"type":"Point","coordinates":[32.625415,25.375424]},"properties":{"م":217,"اسم_ا":"دراسة حماية ( نجع الهنادى- نجع الطوناب - نجع الحميدات - قرية المطاعنة شرق- قرية الدير - نجع الحليلة- قرية الحلة - نجع الفاخورة - قرية زرنيخ - نجع","تاريخ":"نوفمبر 2024","المنش":"حاجز ترابي","اسم__1":"حاجز ترابى خلف البحيرة ح8","المحا":"الأقصر","المنط":"أودية الدبابية (المرحلة الخامسة","الإدا":"إسنا","السعة":"150","ملاحظ":"مقترح","Field20":" "}},{"type":"Feature","id":218,"geometry":{"type":"Point","coordinates":[32.652902,25.372942]},"properties":{"م":218,"اسم_ا":"دراسة حماية ( نجع الهنادى- نجع الطوناب - نجع الحميدات - قرية المطاعنة شرق- قرية الدير - نجع الحليلة- قرية الحلة - نجع الفاخورة - قرية زرنيخ - نجع","تاريخ":"نوفمبر 2024","المنش":"حاجز ترابي","اسم__1":"حاجز ترابى خلف البحيرة ح9","المحا":"الأقصر","المنط":"أودية الدبابية (المرحلة الخامسة","الإدا":"إسنا","السعة":"160","ملاحظ":"مقترح","Field20":" "}},{"type":"Feature","id":219,"geometry":{"type":"Point","coordinates":[32.660112,25.354161]},"properties":{"م":219,"اسم_ا":"دراسة حماية ( نجع الهنادى- نجع الطوناب - نجع الحميدات - قرية المطاعنة شرق- قرية الدير - نجع الحليلة- قرية الحلة - نجع الفاخورة - قرية زرنيخ - نجع","تاريخ":"نوفمبر 2024","المنش":"حاجز ترابي","اسم__1":"حاجز ترابى خلف البحيرة ح10","المحا":"الأقصر","المنط":"أودية الدبابية (المرحلة الخامسة","الإدا":"إسنا","السعة":"130","ملاحظ":"مقترح","Field20":" "}},{"type":"Feature","id":220,"geometry":{"type":"Point","coordinates":[32.743668,25.353688]},"properties":{"م":220,"اسم_ا":"دراسة حماية ( نجع الهنادى- نجع الطوناب - نجع الحميدات - قرية المطاعنة شرق- قرية الدير - نجع الحليلة- قرية الحلة - نجع الفاخورة - قرية زرنيخ - نجع","تاريخ":"نوفمبر 2024","المنش":"حاجز ترابي","اسم__1":"حاجز ترابى خلف البحيرة ح11","المحا":"الأقصر","المنط":"أودية الدبابية (المرحلة الخامسة","الإدا":"إسنا","السعة":"350","ملاحظ":"مقترح","Field20":" "}},{"type":"Feature","id":221,"geometry":{"type":"Point","coordinates":[32.667166,25.330724]},"properties":{"م":221,"اسم_ا":"دراسة حماية ( نجع الهنادى- نجع الطوناب - نجع الحميدات - قرية المطاعنة شرق- قرية الدير - نجع الحليلة- قرية الحلة - نجع الفاخورة - قرية زرنيخ - نجع","تاريخ":"نوفمبر 2024","المنش":"حاجز ترابي","اسم__1":"حاجز ترابى خلف البحيرة ح12","المحا":"الأقصر","المنط":"أودية الدبابية (المرحلة الخامسة","الإدا":"إسنا","السعة":"2062.046","ملاحظ":"مقترح","Field20":" "}},{"type":"Feature","id":222,"geometry":{"type":"Point","coordinates":[32.634655,25.298509]},"properties":{"م":222,"اسم_ا":"دراسة حماية ( نجع الهنادى- نجع الطوناب - نجع الحميدات - قرية المطاعنة شرق- قرية الدير - نجع الحليلة- قرية الحلة - نجع الفاخورة - قرية زرنيخ - نجع","تاريخ":"نوفمبر 2024","المنش":"حاجز ترابي","اسم__1":"حاجز ترابى خلف البحيرة ح13","المحا":"الأقصر","المنط":"أودية الدبابية (المرحلة الخامسة","الإدا":"إسنا","السعة":"12.5","ملاحظ":"مقترح","Field20":" "}},{"type":"Feature","id":223,"geometry":{"type":"Point","coordinates":[32.637112,25.264509]},"properties":{"م":223,"اسم_ا":"دراسة حماية ( نجع الهنادى- نجع الطوناب - نجع الحميدات - قرية المطاعنة شرق- قرية الدير - نجع الحليلة- قرية الحلة - نجع الفاخورة - قرية زرنيخ - نجع","تاريخ":"نوفمبر 2024","المنش":"حاجز ترابي","اسم__1":"حاجز ترابى خلف البحيرة ح14","المحا":"الأقصر","المنط":"أودية الدبابية (المرحلة الخامسة","الإدا":"إسنا","السعة":"190","ملاحظ":"مقترح","Field20":" "}},{"type":"Feature","id":224,"geometry":{"type":"Point","coordinates":[31.406319,29.808889]},"properties":{"م":224,"اسم_ا":"دراسة حماية البنية التحتية لمنطقة وادى الحلاونة وادى الجبو","تاريخ":"يناير 2022","المنش":"حائط توجيه","اسم__1":"حاجزالتوجيه المقترح ( w1 , w2 )","المحا":"القاهرة","المنط":"منطقة  وادى الحلاونة","الإدا":"بني سويف","السعة":"9000","ملاحظ":"مقترح","Field20":" "}},{"type":"Feature","id":225,"geometry":{"type":"Point","coordinates":[31.386944,29.807325]},"properties":{"م":225,"اسم_ا":"دراسة حماية البنية التحتية لمنطقة وادى الحلاونة وادى الجبو","تاريخ":"يناير 2023","المنش":"بحيرة صناعية","اسم__1":"البحيرة القائمة w3","المحا":"القاهرة","المنط":"منطقة  وادى الحلاونة","الإدا":"بني سويف","السعة":"65.69","ملاحظ":"قائم","Field20":" "}},{"type":"Feature","id":226,"geometry":{"type":"Point","coordinates":[30.933333,27.830556]},"properties":{"م":226,"اسم_ا":"حماية منطقة الشيخ عبادة \n من اخطار السيول","تاريخ":"يناير 2024","المنش":"سد","اسم__1":"سد D1","المحا":"المنيا","المنط":"وادى الزئبقة","الإدا":"أسيوط","السعة":"438","ملاحظ":"مقترح","Field20":" "}},{"type":"Feature","id":227,"geometry":{"type":"Point","coordinates":[30.933333,27.830556]},"properties":{"م":227,"اسم_ا":"حماية منطقة الشيخ عبادة \n من اخطار السيول","تاريخ":"يناير 2024","المنش":"سد","اسم__1":"سد D2","المحا":"المنيا","المنط":"وادى الزئبقة","الإدا":"أسيوط","السعة":"600","ملاحظ":"مقترح","Field20":" "}},{"type":"Feature","id":228,"geometry":{"type":"Point","coordinates":[30.903889,27.814444]},"properties":{"م":228,"اسم_ا":"حماية منطقة الشيخ عبادة \n من اخطار السيول","تاريخ":"يناير 2024","المنش":"بحيرة صناعية","اسم__1":"البحيرة القائمة w4","المحا":"المنيا","المنط":"وادى الزئبقة","الإدا":"أسيوط","السعة":"186.75","ملاحظ":"قائم","Field20":" "}},{"type":"Feature","id":229,"geometry":{"type":"Point","coordinates":[30.811389,27.811389]},"properties":{"م":229,"اسم_ا":"حماية منطقة الشيخ عبادة \n من اخطار السيول","تاريخ":"يناير 2024","المنش":"حاجز ترابي","اسم__1":"حاجز ترابى ح 1","المحا":"المنيا","المنط":"وادى الزئبقة","الإدا":"أسيوط","السعة":"439.5","ملاحظ":"قائم","Field20":" "}},{"type":"Feature","id":230,"geometry":{"type":"Point","coordinates":[31.656389,29.743611]},"properties":{"م":230,"اسم_ا":"حماية منطقة غمازة \n من اخطار السيول","تاريخ":"أغسطس 2024","المنش":"سد","اسم__1":"سد ركامى  D1","المحا":"الجيزة","المنط":"منطقة غمازة (وادى الهيرة )","الإدا":"بني سويف","السعة":" ","ملاحظ":"مقترح","Field20":" "}},{"type":"Feature","id":231,"geometry":{"type":"Point","coordinates":[31.608611,29.725833]},"properties":{"م":231,"اسم_ا":"حماية منطقة غمازة \n من اخطار السيول","تاريخ":"أغسطس 2024","المنش":"سد","اسم__1":"سد ركامى  D2","المحا":"الجيزة","المنط":"منطقة غمازة (وادى الهيرة )","الإدا":"بني سويف","السعة":" ","ملاحظ":"مقترح","Field20":" "}},{"type":"Feature","id":232,"geometry":{"type":"Point","coordinates":[31.476944,29.696111]},"properties":{"م":232,"اسم_ا":"حماية منطقة غمازة \n من اخطار السيول","تاريخ":"أغسطس 2024","المنش":"سد","اسم__1":"سد ركامى  D3","المحا":"الجيزة","المنط":"منطقة غمازة (وادى الهيرة )","الإدا":"بني سويف","السعة":" ","ملاحظ":"مقترح","Field20":" "}},{"type":"Feature","id":233,"geometry":{"type":"Point","coordinates":[31.463056,29.6825]},"properties":{"م":233,"اسم_ا":"حماية منطقة غمازة \n من اخطار السيول","تاريخ":"أغسطس 2024","المنش":"سد","اسم__1":"سد ركامى  D4","المحا":"الجيزة","المنط":"منطقة غمازة (وادى الهيرة )","الإدا":"بني سويف","السعة":" ","ملاحظ":"مقترح","Field20":" "}},{"type":"Feature","id":234,"geometry":{"type":"Point","coordinates":[31.447222,29.717222]},"properties":{"م":234,"اسم_ا":"حماية منطقة غمازة \n من اخطار السيول","تاريخ":"أغسطس 2024","المنش":"بحيرة صناعية","اسم__1":"بحيرة 1 ب1","المحا":"الجيزة","المنط":"منطقة غمازة (وادى الهيرة )","الإدا":"بني سويف","السعة":"84.296","ملاحظ":"مقترح","Field20":" "}},{"type":"Feature","id":235,"geometry":{"type":"Point","coordinates":[31.443611,29.715278]},"properties":{"م":235,"اسم_ا":"حماية منطقة غمازة \n من اخطار السيول","تاريخ":"أغسطس 2024","المنش":"حاجز ترابي","اسم__1":"حاجز ترابى ح 1","المحا":"الجيزة","المنط":"منطقة غمازة (وادى الهيرة )","الإدا":"بني سويف","السعة":"84.296","ملاحظ":"مقترح","Field20":" "}},{"type":"Feature","id":236,"geometry":{"type":"Point","coordinates":[31.429167,29.6925]},"properties":{"م":236,"اسم_ا":"حماية منطقة غمازة \n من اخطار السيول","تاريخ":"أغسطس 2024","المنش":"بحيرة صناعية","اسم__1":"بحيرة ب2","المحا":"الجيزة","المنط":"منطقة غمازة (وادى الهيرة )","الإدا":"بني سويف","السعة":"66.98","ملاحظ":"مقترح","Field20":" "}},{"type":"Feature","id":237,"geometry":{"type":"Point","coordinates":[31.426111,29.691111]},"properties":{"م":237,"اسم_ا":"حماية منطقة غمازة \n من اخطار السيول","تاريخ":"أغسطس 2024","المنش":"حاجز ترابي","اسم__1":"حاجز ترابى ح 2","المحا":"الجيزة","المنط":"منطقة غمازة (وادى الهيرة )","الإدا":"بني سويف","السعة":"66.98","ملاحظ":"مقترح","Field20":" "}},{"type":"Feature","id":238,"geometry":{"type":"Point","coordinates":[31.430833,29.724167]},"properties":{"م":238,"اسم_ا":"حماية منطقة غمازة \n من اخطار السيول","تاريخ":"أغسطس 2024","المنش":"بحيرة صناعية","اسم__1":"بحيرة ب 3","المحا":"الجيزة","المنط":"منطقة غمازة (وادى الهيرة )","الإدا":"بني سويف","السعة":"59.95","ملاحظ":"مقترح","Field20":" "}},{"type":"Feature","id":239,"geometry":{"type":"Point","coordinates":[31.428333,29.726944]},"properties":{"م":239,"اسم_ا":"حماية منطقة غمازة \n من اخطار السيول","تاريخ":"أغسطس 2024","المنش":"حاجز ترابي","اسم__1":"حاجز ترابى ح 3","المحا":"الجيزة","المنط":"منطقة غمازة (وادى الهيرة )","الإدا":"بني سويف","السعة":"59.95","ملاحظ":"مقترح","Field20":" "}},{"type":"Feature","id":240,"geometry":{"type":"Point","coordinates":[31.458056,29.881667]},"properties":{"م":240,"اسم_ا":"حماية منطقة وادى حوف \n من اخطار السيول","تاريخ":"مايو 2024","المنش":"سد","اسم__1":"سد م 1","المحا":"القاهرة","المنط":"وادى حوف","الإدا":"بني سويف","السعة":"600","ملاحظ":"مقترح","Field20":" "}},{"type":"Feature","id":241,"geometry":{"type":"Point","coordinates":[31.443889,29.869167]},"properties":{"م":241,"اسم_ا":"حماية منطقة وادى حوف \n من اخطار السيول","تاريخ":"مايو 2024","المنش":"سد","اسم__1":"سد م 2","المحا":"القاهرة","المنط":"وادى حوف","الإدا":"بني سويف","السعة":"120","ملاحظ":"مقترح","Field20":" "}},{"type":"Feature","id":242,"geometry":{"type":"Point","coordinates":[31.388611,29.882222]},"properties":{"م":242,"اسم_ا":"حماية منطقة وادى حوف \n من اخطار السيول","تاريخ":"مايو 2024","المنش":"سد","اسم__1":"سد م 3","المحا":"القاهرة","المنط":"وادى حوف","الإدا":"بني سويف","السعة":"140","ملاحظ":"مقترح","Field20":" "}},{"type":"Feature","id":243,"geometry":{"type":"Point","coordinates":[31.405278,29.866667]},"properties":{"م":243,"اسم_ا":"حماية منطقة وادى حوف \n من اخطار السيول","تاريخ":"مايو 2024","المنش":"بحيرة صناعية","اسم__1":"البحيرة المقامة  ب1","المحا":"القاهرة","المنط":"وادى حوف","الإدا":"بني سويف","السعة":"78","ملاحظ":"قائم","Field20":" "}},{"type":"Feature","id":244,"geometry":{"type":"Point","coordinates":[31.401111,29.869722]},"properties":{"م":244,"اسم_ا":"حماية منطقة وادى حوف \n من اخطار السيول","تاريخ":"مايو 2024","المنش":"حاجز ترابي","اسم__1":"حاجز ترابى ح1","المحا":"القاهرة","المنط":"وادى حوف","الإدا":"بني سويف","السعة":"328","ملاحظ":"قائم","Field20":" "}},{"type":"Feature","id":245,"geometry":{"type":"Point","coordinates":[30.967722,27.710361]},"properties":{"م":245,"اسم_ا":"مخر سيل وادي البرشاوي","تاريخ":"فبراير 2024","المنش":"سد","اسم__1":"سد1","المحا":"المنيا","المنط":"مخر سيل البرشاوي","الإدا":"أسيوط","السعة":"800","ملاحظ":"مقترح","Field20":" "}},{"type":"Feature","id":246,"geometry":{"type":"Point","coordinates":[30.958222,27.703383]},"properties":{"م":246,"اسم_ا":"مخر سيل وادي البرشاوي","تاريخ":"فبراير 2024","المنش":"سد","اسم__1":"سد2","المحا":"المنيا","المنط":"مخر سيل البرشاوي","الإدا":"أسيوط","السعة":"87","ملاحظ":"مقترح","Field20":" "}},{"type":"Feature","id":247,"geometry":{"type":"Point","coordinates":[30.940361,27.696944]},"properties":{"م":247,"اسم_ا":"مخر سيل وادي البرشاوي","تاريخ":"فبراير 2024","المنش":"سد","اسم__1":"سد3","المحا":"المنيا","المنط":"مخر سيل البرشاوي","الإدا":"أسيوط","السعة":"251","ملاحظ":"مقترح","Field20":" "}},{"type":"Feature","id":248,"geometry":{"type":"Point","coordinates":[31.242222,27.0035]},"properties":{"م":248,"اسم_ا":"تحديث دراسة حماية منطقة البلايزة من أخطار السيول","تاريخ":"مايو 2024","المنش":"بحيرة صناعية","اسم__1":"حاجز1","المحا":"أسيوط","المنط":"البلايزة","الإدا":"أسيوط","السعة":"113.4","ملاحظ":"قائم","Field20":" "}},{"type":"Feature","id":249,"geometry":{"type":"Point","coordinates":[31.243889,27.013278]},"properties":{"م":249,"اسم_ا":"تحديث دراسة حماية منطقة البلايزة من أخطار السيول","تاريخ":"مايو 2024","المنش":"بحيرة صناعية","اسم__1":"حاجز2","المحا":"أسيوط","المنط":"البلايزة","الإدا":"أسيوط","السعة":"46.7","ملاحظ":"قائم","Field20":" "}},{"type":"Feature","id":250,"geometry":{"type":"Point","coordinates":[31.392408,27.010069]},"properties":{"م":250,"اسم_ا":"تحديث دراسة حماية المنطقة الجديدة بالنزلة المستجدة من أخطار السيول مركز أبو تيج محافظة أسيوط","تاريخ":"مارس 2024","المنش":"حاجز إعاقة","اسم__1":"حاجز إعاقة (م1)","المحا":"أسيوط","المنط":"المنطقة السكنية بالنزلة المستجدة","الإدا":"أسيوط","السعة":"4.7","ملاحظ":"قائم","Field20":" "}},{"type":"Feature","id":251,"geometry":{"type":"Point","coordinates":[31.395417,27.006683]},"properties":{"م":251,"اسم_ا":"تحديث دراسة حماية المنطقة الجديدة بالنزلة المستجدة من أخطار السيول مركز أبو تيج محافظة أسيوط","تاريخ":"مارس 2024","المنش":"حاجز إعاقة","اسم__1":"حاجز إعاقة (م2)","المحا":"أسيوط","المنط":"المنطقة السكنية بالنزلة المستجدة","الإدا":"أسيوط","السعة":"35.2","ملاحظ":"قائم","Field20":" "}},{"type":"Feature","id":252,"geometry":{"type":"Point","coordinates":[31.391944,27.075833]},"properties":{"م":252,"اسم_ا":"تحديث دراسة حماية المنطقة الجديدة بالنزلة المستجدة من أخطار السيول مركز أبو تيج محافظة أسيوط","تاريخ":"مارس 2024","المنش":"حاجز","اسم__1":"حاجز ركامي","المحا":"أسيوط","المنط":"المنطقة السكنية بالنزلة المستجدة","الإدا":"أسيوط","السعة":"67","ملاحظ":"مقترح","Field20":" "}},{"type":"Feature","id":253,"geometry":{"type":"Point","coordinates":[31.3925,27.076111]},"properties":{"م":253,"اسم_ا":"تحديث دراسة حماية المنطقة الجديدة بالنزلة المستجدة من أخطار السيول مركز أبو تيج محافظة أسيوط","تاريخ":"مارس 2024","المنش":"حاجز","اسم__1":"حاجز مباني دبش بالمونة","المحا":"أسيوط","المنط":"المنطقة السكنية بالنزلة المستجدة","الإدا":"أسيوط","السعة":"29.54","ملاحظ":"مقترح","Field20":" "}},{"type":"Feature","id":254,"geometry":{"type":"Point","coordinates":[31.395278,27.073028]},"properties":{"م":254,"اسم_ا":"تحديث دراسة حماية المنطقة الجديدة بالنزلة المستجدة من أخطار السيول مركز أبو تيج محافظة أسيوط","تاريخ":"مارس 2024","المنش":"حوض تهدئة","اسم__1":"حوض التهدئة","المحا":"أسيوط","المنط":"المنطقة السكنية بالنزلة المستجدة","الإدا":"أسيوط","السعة":" ","ملاحظ":"مقترح","Field20":" "}},{"type":"Feature","id":255,"geometry":{"type":"Point","coordinates":[31.802486,26.619444]},"properties":{"م":255,"اسم_ا":"تحديث دراسة أعمال الحماية للأودية التي تصب بمخر سيل السلاموني (محافظة سوهاج)","تاريخ":"مايو 2024","المنش":"حائط توجيه","اسم__1":"حاجز توجيه","المحا":"سوهاج","المنط":"وادي نقب أيوب","الإدا":"أسيوط","السعة":" ","ملاحظ":"قائم","Field20":" "}},{"type":"Feature","id":256,"geometry":{"type":"Point","coordinates":[31.801325,26.618611]},"properties":{"م":256,"اسم_ا":"تحديث دراسة أعمال الحماية للأودية التي تصب بمخر سيل السلاموني (محافظة سوهاج)","تاريخ":"مايو 2024","المنش":"قناة صناعية","اسم__1":"قناه صناعية فرعية(A1)","المحا":"سوهاج","المنط":"وادي نقب أيوب","الإدا":"أسيوط","السعة":" ","ملاحظ":"قائم","Field20":" "}},{"type":"Feature","id":257,"geometry":{"type":"Point","coordinates":[31.783528,26.619078]},"properties":{"م":257,"اسم_ا":"تحديث دراسة أعمال الحماية للأودية التي تصب بمخر سيل السلاموني (محافظة سوهاج)","تاريخ":"مايو 2024","المنش":"بربخ","اسم__1":"بربخ","المحا":"سوهاج","المنط":"وادي نقب أيوب","الإدا":"أسيوط","السعة":" ","ملاحظ":"قائم","Field20":" "}},{"type":"Feature","id":258,"geometry":{"type":"Point","coordinates":[31.793806,26.620806]},"properties":{"م":258,"اسم_ا":"تحديث دراسة أعمال الحماية للأودية التي تصب بمخر سيل السلاموني (محافظة سوهاج)","تاريخ":"مايو 2024","المنش":"سد","اسم__1":"سد حماية","المحا":"سوهاج","المنط":"وادي بئر العين (مخر سيل الكوثر)","الإدا":"أسيوط","السعة":" ","ملاحظ":"قائم","Field20":" "}},{"type":"Feature","id":259,"geometry":{"type":"Point","coordinates":[31.800219,26.623039]},"properties":{"م":259,"اسم_ا":"تحديث دراسة أعمال الحماية للأودية التي تصب بمخر سيل السلاموني (محافظة سوهاج)","تاريخ":"مايو 2024","المنش":"بحيرة صناعية","اسم__1":"بحيرة صناعية","المحا":"سوهاج","المنط":"وادي بئر العين (مخر سيل الكوثر)","الإدا":"أسيوط","السعة":" ","ملاحظ":"قائم","Field20":" "}},{"type":"Feature","id":260,"geometry":{"type":"Point","coordinates":[31.794722,26.622839]},"properties":{"م":260,"اسم_ا":"تحديث دراسة أعمال الحماية للأودية التي تصب بمخر سيل السلاموني (محافظة سوهاج)","تاريخ":"مايو 2024","المنش":"قناة صناعية","اسم__1":"قناه صناعية (مخر سيل الكوثر)","المحا":"سوهاج","المنط":"وادي بئر العين (مخر سيل الكوثر)","الإدا":"أسيوط","السعة":" ","ملاحظ":"قائم","Field20":" "}},{"type":"Feature","id":261,"geometry":{"type":"Point","coordinates":[31.774444,26.61905]},"properties":{"م":261,"اسم_ا":"تحديث دراسة أعمال الحماية للأودية التي تصب بمخر سيل السلاموني (محافظة سوهاج)","تاريخ":"مايو 2024","المنش":"هدار","اسم__1":"مساقط مياه(هدارات)","المحا":"سوهاج","المنط":"وادي بئر العين (مخر سيل الكوثر)","الإدا":"أسيوط","السعة":" ","ملاحظ":"قائم","Field20":" "}},{"type":"Feature","id":262,"geometry":{"type":"Point","coordinates":[31.771667,26.615983]},"properties":{"م":262,"اسم_ا":"تحديث دراسة أعمال الحماية للأودية التي تصب بمخر سيل السلاموني (محافظة سوهاج)","تاريخ":"مايو 2024","المنش":"قناة صناعية","اسم__1":"قناه صناعية فرعية(A2)","المحا":"سوهاج","المنط":"وادي بئر العين (مخر سيل الكوثر)","الإدا":"أسيوط","السعة":" ","ملاحظ":"قائم","Field20":" "}},{"type":"Feature","id":263,"geometry":{"type":"Point","coordinates":[31.771883,26.615983]},"properties":{"م":263,"اسم_ا":"تحديث دراسة أعمال الحماية للأودية التي تصب بمخر سيل السلاموني (محافظة سوهاج)","تاريخ":"مايو 2024","المنش":"قناة صناعية","اسم__1":"قناه صناعية (مخر سيل السلاموني)","المحا":"سوهاج","المنط":"السلاموني","الإدا":"أسيوط","السعة":" ","ملاحظ":"قائم","Field20":" "}},{"type":"Feature","id":264,"geometry":{"type":"Point","coordinates":[31.7727,26.615267]},"properties":{"م":264,"اسم_ا":"تحديث دراسة أعمال الحماية للأودية التي تصب بمخر سيل السلاموني (محافظة سوهاج)","تاريخ":"مايو 2024","المنش":"هدار","اسم__1":"مساقط مياه(هدارات)","المحا":"سوهاج","المنط":"السلاموني","الإدا":"أسيوط","السعة":" ","ملاحظ":"قائم","Field20":" "}},{"type":"Feature","id":265,"geometry":{"type":"Point","coordinates":[31.776944,26.612036]},"properties":{"م":265,"اسم_ا":"تحديث دراسة أعمال الحماية للأودية التي تصب بمخر سيل السلاموني (محافظة سوهاج)","تاريخ":"مايو 2024","المنش":"كوبري","اسم__1":"الكباري","المحا":"سوهاج","المنط":"السلاموني","الإدا":"أسيوط","السعة":" ","ملاحظ":"قائم","Field20":" "}},{"type":"Feature","id":266,"geometry":{"type":"Point","coordinates":[31.773278,26.605144]},"properties":{"م":266,"اسم_ا":"تحديث دراسة أعمال الحماية للأودية التي تصب بمخر سيل السلاموني (محافظة سوهاج)","تاريخ":"مايو 2024","المنش":"قناة صناعية","اسم__1":"قناه صناعية (وصلة مخر سيل السلاموني )","المحا":"سوهاج","المنط":"السلاموني","الإدا":"أسيوط","السعة":" ","ملاحظ":"قائم","Field20":" "}},{"type":"Feature","id":267,"geometry":{"type":"Point","coordinates":[31.793902,26.621338]},"properties":{"م":267,"اسم_ا":"تحديث دراسة أعمال الحماية للأودية التي تصب بمخر سيل السلاموني (محافظة سوهاج)","تاريخ":"مايو 2024","المنش":"حاجز","اسم__1":"حاجز 1","المحا":"سوهاج","المنط":"السلاموني","الإدا":"أسيوط","السعة":"500","ملاحظ":"مقترح","Field20":" "}},{"type":"Feature","id":268,"geometry":{"type":"Point","coordinates":[31.795179,26.622944]},"properties":{"م":268,"اسم_ا":"تحديث دراسة أعمال الحماية للأودية التي تصب بمخر سيل السلاموني (محافظة سوهاج)","تاريخ":"مايو 2024","المنش":"بحيرة صناعية","اسم__1":"مصيدة رسوبيات","المحا":"سوهاج","المنط":"السلاموني","الإدا":"أسيوط","السعة":"400","ملاحظ":"مقترح","Field20":" "}},{"type":"Feature","id":269,"geometry":{"type":"Point","coordinates":[31.648472,26.740403]},"properties":{"م":269,"اسم_ا":"دراسة تحديث حماية منطقة الجلاوية بمدينة ساقلته من أخطار السيول محافظة سوهاج","تاريخ":"فبراير 2024","المنش":"بحيرة صناعية","اسم__1":"البحيرة الصناعية","المحا":"سوهاج","المنط":"الجلاوية","الإدا":"أسيوط","السعة":"861.6","ملاحظ":"قائم","Field20":" "}},{"type":"Feature","id":270,"geometry":{"type":"Point","coordinates":[31.645222,26.744258]},"properties":{"م":270,"اسم_ا":" ","تاريخ":"فبراير 2024","المنش":"حاجز ترابي","اسم__1":"الجسر الترابي","المحا":"سوهاج","المنط":"الجلاوية","الإدا":"أسيوط","السعة":" ","ملاحظ":"قائم","Field20":" "}},{"type":"Feature","id":271,"geometry":{"type":"Point","coordinates":[32.47198,27.059335]},"properties":{"م":271,"اسم_ا":"دراسة حماية مخرج وادي قنا من أخطار السيول","تاريخ":"أبريل 2022","المنش":"سد","اسم__1":" سد D1","المحا":"بني سويف","المنط":"وادي قنا شرق النيل","الإدا":"إسنا","السعة":"3300","ملاحظ":"مقترح","Field20":" "}},{"type":"Feature","id":272,"geometry":{"type":"Point","coordinates":[32.529996,26.992133]},"properties":{"م":272,"اسم_ا":"دراسة حماية مخرج وادي قنا من أخطار السيول","تاريخ":"أبريل 2023","المنش":"سد","اسم__1":" سدD2","المحا":"بني سويف","المنط":"وادي قنا شرق النيل","الإدا":"إسنا","السعة":"4100","ملاحظ":"مقترح","Field20":" "}},{"type":"Feature","id":273,"geometry":{"type":"Point","coordinates":[32.960478,26.981721]},"properties":{"م":273,"اسم_ا":"دراسة حماية مخرج وادي قنا من أخطار السيول","تاريخ":"أبريل 2024","المنش":"سد","اسم__1":" سدD3","المحا":"بني سويف","المنط":"وادي قنا شرق النيل","الإدا":"إسنا","السعة":"4200","ملاحظ":"مقترح","Field20":" "}},{"type":"Feature","id":274,"geometry":{"type":"Point","coordinates":[33.023716,26.848171]},"properties":{"م":274,"اسم_ا":"دراسة حماية مخرج وادي قنا من أخطار السيول","تاريخ":"أبريل 2025","المنش":"حاجز ترابي","اسم__1":" حاجز ترابيB1","المحا":"بني سويف","المنط":"وادي قنا شرق النيل","الإدا":"إسنا","السعة":"2868","ملاحظ":"مقترح","Field20":" "}},{"type":"Feature","id":275,"geometry":{"type":"Point","coordinates":[32.65003,27.17835]},"properties":{"م":275,"اسم_ا":"دراسة حماية مخرج وادي قنا من أخطار السيول","تاريخ":"أبريل 2026","المنش":"بحيرة صناعية","اسم__1":"B2 بحيرة","المحا":"بني سويف","المنط":"وادي قنا شرق النيل","الإدا":"إسنا","السعة":"941","ملاحظ":"مقترح","Field20":" "}},{"type":"Feature","id":276,"geometry":{"type":"Point","coordinates":[32.664831,27.136459]},"properties":{"م":276,"اسم_ا":"دراسة حماية مخرج وادي قنا من أخطار السيول","تاريخ":"أبريل 2027","المنش":"بحيرة صناعية","اسم__1":"B3 بحيرة","المحا":"بني سويف","المنط":"وادي قنا شرق النيل","الإدا":"إسنا","السعة":"4783","ملاحظ":"مقترح","Field20":" "}},{"type":"Feature","id":277,"geometry":{"type":"Point","coordinates":[32.664747,27.109085]},"properties":{"م":277,"اسم_ا":"دراسة حماية مخرج وادي قنا من أخطار السيول","تاريخ":"أبريل 2028","المنش":"بحيرة صناعية","اسم__1":"B4 بحيرة","المحا":"بني سويف","المنط":"وادي قنا شرق النيل","الإدا":"إسنا","السعة":"3715","ملاحظ":"مقترح","Field20":" "}},{"type":"Feature","id":278,"geometry":{"type":"Point","coordinates":[32.707079,27.036228]},"properties":{"م":278,"اسم_ا":"دراسة حماية مخرج وادي قنا من أخطار السيول","تاريخ":"أبريل 2029","المنش":"بحيرة صناعية","اسم__1":"B5 بحيرة","المحا":"بني سويف","المنط":"وادي قنا شرق النيل","الإدا":"إسنا","السعة":"4592","ملاحظ":"مقترح","Field20":" "}},{"type":"Feature","id":279,"geometry":{"type":"Point","coordinates":[32.756716,26.959636]},"properties":{"م":279,"اسم_ا":"دراسة حماية مخرج وادي قنا من أخطار السيول","تاريخ":"أبريل 2030","المنش":"بحيرة صناعية","اسم__1":"B6 بحيرة","المحا":"بني سويف","المنط":"وادي قنا شرق النيل","الإدا":"إسنا","السعة":"5015","ملاحظ":"مقترح","Field20":" "}},{"type":"Feature","id":280,"geometry":{"type":"Point","coordinates":[32.756995,26.702872]},"properties":{"م":280,"اسم_ا":"دراسة حماية مخرج وادي قنا من أخطار السيول","تاريخ":"أبريل 2031","المنش":"بحيرة صناعية","اسم__1":"B7 بحيرة","المحا":"بني سويف","المنط":"وادي قنا شرق النيل","الإدا":"إسنا","السعة":"13194","ملاحظ":"مقترح","Field20":" "}},{"type":"Feature","id":281,"geometry":{"type":"Point","coordinates":[32.600176,26.838927]},"properties":{"م":281,"اسم_ا":"دراسة حماية مخرج وادي قنا من أخطار السيول","تاريخ":"أبريل 2032","المنش":"بحيرة صناعية","اسم__1":"B8 بحيرة","المحا":"بني سويف","المنط":"وادي قنا شرق النيل","الإدا":"إسنا","السعة":"3208","ملاحظ":"مقترح","Field20":" "}},{"type":"Feature","id":282,"geometry":{"type":"Point","coordinates":[32.560587,26.915371]},"properties":{"م":282,"اسم_ا":"دراسة حماية مخرج وادي قنا من أخطار السيول","تاريخ":"أبريل 2033","المنش":"بحيرة صناعية","اسم__1":"B9-1  بحيرة","المحا":"بني سويف","المنط":"وادي قنا شرق النيل","الإدا":"إسنا","السعة":"2643","ملاحظ":"مقترح","Field20":" "}},{"type":"Feature","id":283,"geometry":{"type":"Point","coordinates":[32.560904,26.833847]},"properties":{"م":283,"اسم_ا":"دراسة حماية مخرج وادي قنا من أخطار السيول","تاريخ":"أبريل 2034","المنش":"بحيرة صناعية","اسم__1":"B9-2   بحيرة","المحا":"بني سويف","المنط":"وادي قنا شرق النيل","الإدا":"إسنا","السعة":"1206","ملاحظ":"مقترح","Field20":" "}},{"type":"Feature","id":284,"geometry":{"type":"Point","coordinates":[32.5793,26.790834]},"properties":{"م":284,"اسم_ا":"دراسة حماية مخرج وادي قنا من أخطار السيول","تاريخ":"أبريل 2035","المنش":"بحيرة صناعية","اسم__1":"B10  بحيرة","المحا":"بني سويف","المنط":"وادي قنا شرق النيل","الإدا":"إسنا","السعة":"2521","ملاحظ":"مقترح","Field20":" "}},{"type":"Feature","id":285,"geometry":{"type":"Point","coordinates":[32.590921,26.749274]},"properties":{"م":285,"اسم_ا":"دراسة حماية مخرج وادي قنا من أخطار السيول","تاريخ":"أبريل 2036","المنش":"بحيرة صناعية","اسم__1":"B11  بحيرة","المحا":"بني سويف","المنط":"وادي قنا شرق النيل","الإدا":"إسنا","السعة":"1009","ملاحظ":"مقترح","Field20":" "}},{"type":"Feature","id":286,"geometry":{"type":"Point","coordinates":[32.723731,26.653253]},"properties":{"م":286,"اسم_ا":"دراسة حماية مخرج وادي قنا من أخطار السيول","تاريخ":"أبريل 2037","المنش":"بحيرة صناعية","اسم__1":"B12  بحيرة","المحا":"بني سويف","المنط":"وادي قنا شرق النيل","الإدا":"إسنا","السعة":"2077","ملاحظ":"مقترح","Field20":" "}},{"type":"Feature","id":287,"geometry":{"type":"Point","coordinates":[32.801526,26.377325]},"properties":{"م":287,"اسم_ا":"دراسة حماية مخرج وادي قنا من أخطار السيول","تاريخ":"أبريل 2038","المنش":"بحيرة صناعية","اسم__1":"B13  بحيرة","المحا":"بني سويف","المنط":"وادي قنا شرق النيل","الإدا":"إسنا","السعة":"2894","ملاحظ":"مقترح","Field20":" "}},{"type":"Feature","id":288,"geometry":{"type":"Point","coordinates":[32.629011,26.412883]},"properties":{"م":288,"اسم_ا":"دراسة حماية مخرج وادي قنا من أخطار السيول","تاريخ":"أبريل 2039","المنش":"بحيرة صناعية","اسم__1":"B14-1 بحيرة","المحا":"بني سويف","المنط":"وادي قنا شرق النيل","الإدا":"إسنا","السعة":"3285","ملاحظ":"مقترح","Field20":" "}},{"type":"Feature","id":289,"geometry":{"type":"Point","coordinates":[32.638089,26.380823]},"properties":{"م":289,"اسم_ا":"دراسة حماية مخرج وادي قنا من أخطار السيول","تاريخ":"أبريل 2040","المنش":"بحيرة صناعية","اسم__1":"B14-2 بحيرة","المحا":"بني سويف","المنط":"وادي قنا شرق النيل","الإدا":"إسنا","السعة":"1063","ملاحظ":"مقترح","Field20":" "}},{"type":"Feature","id":290,"geometry":{"type":"Point","coordinates":[32.687067,26.309911]},"properties":{"م":290,"اسم_ا":"دراسة حماية مخرج وادي قنا من أخطار السيول","تاريخ":"أبريل 2041","المنش":"بحيرة صناعية","اسم__1":"B15 بحيرة","المحا":"بني سويف","المنط":"وادي قنا شرق النيل","الإدا":"إسنا","السعة":"618","ملاحظ":"مقترح","Field20":" "}},{"type":"Feature","id":291,"geometry":{"type":"Point","coordinates":[33.005788,26.800683]},"properties":{"م":291,"اسم_ا":"دراسة حماية مخرج وادي قنا من أخطار السيول","تاريخ":"أبريل 2042","المنش":"بحيرة صناعية","اسم__1":"B16 بحيرة","المحا":"بني سويف","المنط":"وادي قنا شرق النيل","الإدا":"إسنا","السعة":"1743","ملاحظ":"مقترح","Field20":" "}},{"type":"Feature","id":292,"geometry":{"type":"Point","coordinates":[32.925889,26.720034]},"properties":{"م":292,"اسم_ا":"دراسة حماية مخرج وادي قنا من أخطار السيول","تاريخ":"أبريل 2043","المنش":"بحيرة صناعية","اسم__1":"B17 بحيرة","المحا":"بني سويف","المنط":"وادي قنا شرق النيل","الإدا":"إسنا","السعة":"1626","ملاحظ":"مقترح","Field20":" "}},{"type":"Feature","id":293,"geometry":{"type":"Point","coordinates":[33.158608,26.456501]},"properties":{"م":293,"اسم_ا":"دراسة حماية مخرج وادي قنا من أخطار السيول","تاريخ":"أبريل 2044","المنش":"بحيرة صناعية","اسم__1":"B18 بحيرة","المحا":"بني سويف","المنط":"وادي قنا شرق النيل","الإدا":"إسنا","السعة":"1600","ملاحظ":"مقترح","Field20":" "}},{"type":"Feature","id":294,"geometry":{"type":"Point","coordinates":[33.097468,26.412474]},"properties":{"م":294,"اسم_ا":"دراسة حماية مخرج وادي قنا من أخطار السيول","تاريخ":"أبريل 2045","المنش":"بحيرة صناعية","اسم__1":"B19 بحيرة","المحا":"بني سويف","المنط":"وادي قنا شرق النيل","الإدا":"إسنا","السعة":"805","ملاحظ":"مقترح","Field20":" "}},{"type":"Feature","id":295,"geometry":{"type":"Point","coordinates":[33.036643,26.353737]},"properties":{"م":295,"اسم_ا":"دراسة حماية مخرج وادي قنا من أخطار السيول","تاريخ":"أبريل 2046","المنش":"بحيرة صناعية","اسم__1":"B20 بحيرة","المحا":"بني سويف","المنط":"وادي قنا شرق النيل","الإدا":"إسنا","السعة":"1880","ملاحظ":"مقترح","Field20":" "}},{"type":"Feature","id":296,"geometry":{"type":"Point","coordinates":[32.885885,26.353664]},"properties":{"م":296,"اسم_ا":"دراسة حماية مخرج وادي قنا من أخطار السيول","تاريخ":"أبريل 2047","المنش":"بحيرة صناعية","اسم__1":"B21 بحيرة","المحا":"بني سويف","المنط":"وادي قنا شرق النيل","الإدا":"إسنا","السعة":"415","ملاحظ":"مقترح","Field20":" "}},{"type":"Feature","id":297,"geometry":{"type":"Point","coordinates":[32.920205,26.388931]},"properties":{"م":297,"اسم_ا":"دراسة حماية مخرج وادي قنا من أخطار السيول","تاريخ":"أبريل 2048","المنش":"بحيرة صناعية","اسم__1":"B22 بحيرة","المحا":"بني سويف","المنط":"وادي قنا شرق النيل","الإدا":"إسنا","السعة":"3222","ملاحظ":"مقترح","Field20":" "}},{"type":"Feature","id":298,"geometry":{"type":"Point","coordinates":[32.910753,26.269201]},"properties":{"م":298,"اسم_ا":"دراسة حماية مخرج وادي قنا من أخطار السيول","تاريخ":"أبريل 2049","المنش":"بحيرة صناعية","اسم__1":"B23 بحيرة","المحا":"بني سويف","المنط":"وادي قنا شرق النيل","الإدا":"إسنا","السعة":"2460","ملاحظ":"مقترح","Field20":" "}},{"type":"Feature","id":299,"geometry":{"type":"Point","coordinates":[32.838822,26.27484]},"properties":{"م":299,"اسم_ا":"دراسة حماية مخرج وادي قنا من أخطار السيول","تاريخ":"أبريل 2050","المنش":"بحيرة صناعية","اسم__1":"B24 بحيرة","المحا":"بني سويف","المنط":"وادي قنا شرق النيل","الإدا":"إسنا","السعة":"2283","ملاحظ":"مقترح","Field20":" "}},{"type":"Feature","id":300,"geometry":{"type":"Point","coordinates":[32.757384,26.256797]},"properties":{"م":300,"اسم_ا":"دراسة حماية مخرج وادي قنا من أخطار السيول","تاريخ":"أبريل 2051","المنش":"قناة صناعية","اسم__1":"قناة","المحا":"بني سويف","المنط":"وادي قنا شرق النيل","الإدا":"إسنا","السعة":" ","ملاحظ":"مقترح","Field20":" "}},{"type":"Feature","id":301,"geometry":{"type":"Point","coordinates":[31.274859,29.241252]},"properties":{"م":301,"اسم_ا":"وادي متين (البحري -القبلي )","تاريخ":"مايو 2023","المنش":"بحيرة صناعية","اسم__1":"بحيرة 1","المحا":"بني سويف","المنط":"بني سويف شرق النيل","الإدا":"بني سويف","السعة":"450","ملاحظ":"مقترح","Field20":" "}},{"type":"Feature","id":302,"geometry":{"type":"Point","coordinates":[31.271144,29.245181]},"properties":{"م":302,"اسم_ا":"وادي متين (البحري -القبلي )","تاريخ":"مايو 2024","المنش":"حاجز","اسم__1":"حاجز 1","المحا":"بني سويف","المنط":"بني سويف شرق النيل","الإدا":"بني سويف","السعة":"210","ملاحظ":"مقترح","Field20":" "}},{"type":"Feature","id":303,"geometry":{"type":"Point","coordinates":[31.271226,29.241905]},"properties":{"م":303,"اسم_ا":"وادي متين (البحري -القبلي )","تاريخ":"مايو 2025","المنش":"حوض تهدئة","اسم__1":"حوض تهدئة","المحا":"بني سويف","المنط":"بني سويف شرق النيل","الإدا":"بني سويف","السعة":"155","ملاحظ":"مقترح","Field20":" "}},{"type":"Feature","id":304,"geometry":{"type":"Point","coordinates":[31.275298,29.208925]},"properties":{"م":304,"اسم_ا":"وادي متين (البحري -القبلي )","تاريخ":"مايو 2026","المنش":"حاجز","اسم__1":"حاجز 2","المحا":"بني سويف","المنط":"بني سويف شرق النيل","الإدا":"بني سويف","السعة":"550","ملاحظ":"مقترح","Field20":" "}},{"type":"Feature","id":305,"geometry":{"type":"Point","coordinates":[31.272202,29.211495]},"properties":{"م":305,"اسم_ا":"وادي متين (البحري -القبلي )","تاريخ":"مايو 2027","المنش":"حاجز","اسم__1":"بحيرة 2","المحا":"بني سويف","المنط":"بني سويف شرق النيل","الإدا":"بني سويف","السعة":"140","ملاحظ":"مقترح","Field20":" "}},{"type":"Feature","id":306,"geometry":{"type":"Point","coordinates":[31.264664,29.223029]},"properties":{"م":306,"اسم_ا":"وادي متين (البحري -القبلي )","تاريخ":"مايو 2028","المنش":"حاجز","اسم__1":"حاجز 3","المحا":"بني سويف","المنط":"بني سويف شرق النيل","الإدا":"بني سويف","السعة":"350","ملاحظ":"مقترح","Field20":" "}},{"type":"Feature","id":307,"geometry":{"type":"Point","coordinates":[32.148656,30.349063]},"properties":{"م":307,"اسم_ا":"دراسة حماية مشروع قطاع أبو سلطان الزراعي من أخطار السيول بمحافظة الاسماعيلية","تاريخ":"يوليو 2023","المنش":"بحيرة صناعية","اسم__1":"بحيرة 1","المحا":"الاسماعيلية","المنط":"أبو سلطان","الإدا":"شرق الدلتا","السعة":"585","ملاحظ":"مقترح","Field20":" "}},{"type":"Feature","id":308,"geometry":{"type":"Point","coordinates":[32.155818,30.35741]},"properties":{"م":308,"اسم_ا":"دراسة حماية مشروع قطاع أبو سلطان الزراعي من أخطار السيول بمحافظة الاسماعيلية","تاريخ":"يوليو 2023","المنش":"حاجز ترابي","اسم__1":"حاجز ترابي","المحا":"الاسماعيلية","المنط":"أبو سلطان","الإدا":"شرق الدلتا","السعة":"1521","ملاحظ":"مقترح","Field20":" "}},{"type":"Feature","id":309,"geometry":{"type":"Point","coordinates":[32.201942,30.350003]},"properties":{"م":309,"اسم_ا":"دراسة حماية مشروع قطاع أبو سلطان الزراعي من أخطار السيول بمحافظة الاسماعيلية","تاريخ":"يوليو 2023","المنش":"بحيرة صناعية","اسم__1":"بحيرة 2","المحا":"الاسماعيلية","المنط":"أبو سلطان","الإدا":"شرق الدلتا","السعة":"480","ملاحظ":"مقترح","Field20":" "}},{"type":"Feature","id":310,"geometry":{"type":"Point","coordinates":[32.20523,30.328295]},"properties":{"م":310,"اسم_ا":"دراسة حماية مشروع قطاع أبو سلطان الزراعي من أخطار السيول بمحافظة الاسماعيلية","تاريخ":"يوليو 2023","المنش":"بحيرة صناعية","اسم__1":"بحيرة 3","المحا":"الاسماعيلية","المنط":"أبو سلطان","الإدا":"شرق الدلتا","السعة":"178","ملاحظ":"مقترح","Field20":" "}},{"type":"Feature","id":311,"geometry":{"type":"Point","coordinates":[31.278019,27.437089]},"properties":{"م":311,"اسم_ا":"تحديث دراسة حماية الوادي الابراهيمي للحماية من أخطار السيول","تاريخ":"مارس 2022","المنش":"سد","اسم__1":"سد1","المحا":"أسيوط","المنط":"أسيوط شرق النيل","الإدا":"أسيوط","السعة":"1,000","ملاحظ":"مقترح","Field20":" "}},{"type":"Feature","id":312,"geometry":{"type":"Point","coordinates":[31.270067,27.420469]},"properties":{"م":312,"اسم_ا":"تحديث دراسة حماية الوادي الابراهيمي للحماية من أخطار السيول","تاريخ":"يوليو 2025","المنش":"سد","اسم__1":"سد2","المحا":"أسيوط","المنط":"أسيوط شرق النيل","الإدا":"أسيوط","السعة":"1,250","ملاحظ":"مقترح","Field20":" "}},{"type":"Feature","id":313,"geometry":{"type":"Point","coordinates":[31.189751,27.388393]},"properties":{"م":313,"اسم_ا":"تحديث دراسة حماية الوادي الابراهيمي للحماية من أخطار السيول","تاريخ":"يوليو 2026","المنش":"سد","اسم__1":"سد3","المحا":"أسيوط","المنط":"أسيوط شرق النيل","الإدا":"أسيوط","السعة":"1450","ملاحظ":"مقترح","Field20":" "}},{"type":"Feature","id":314,"geometry":{"type":"Point","coordinates":[31.175892,27.379945]},"properties":{"م":314,"اسم_ا":"تحديث دراسة حماية الوادي الابراهيمي للحماية من أخطار السيول","تاريخ":"يوليو 2027","المنش":"بحيرة صناعية","اسم__1":"بحيرة 1","المحا":"أسيوط","المنط":"أسيوط شرق النيل","الإدا":"أسيوط","السعة":"600","ملاحظ":"مقترح","Field20":" "}},{"type":"Feature","id":315,"geometry":{"type":"Point","coordinates":[31.174883,27.379904]},"properties":{"م":315,"اسم_ا":"تحديث دراسة حماية الوادي الابراهيمي للحماية من أخطار السيول","تاريخ":"يوليو 2028","المنش":"بحيرة صناعية","اسم__1":"حاجز1","المحا":"أسيوط","المنط":"أسيوط شرق النيل","الإدا":"أسيوط","السعة":" ","ملاحظ":"مقترح","Field20":" "}},{"type":"Feature","id":316,"geometry":{"type":"Point","coordinates":[31.082762,28.741344]},"properties":{"م":316,"اسم_ا":"دراسة حماية المنطقة الواقعة بين وادي الشيخ بالمنيا\n ووادي سنور ببني سويف","تاريخ":"يونيو 2022","المنش":"بحيرة صناعية","اسم__1":"بحيرة 1","المحا":"المنيا","المنط":"المنيا شرق النيل","الإدا":"بني سويف","السعة":"360","ملاحظ":"مقترح","Field20":" "}},{"type":"Feature","id":317,"geometry":{"type":"Point","coordinates":[31.12378,28.803018]},"properties":{"م":317,"اسم_ا":"دراسة حماية المنطقة الواقعة بين وادي الشيخ بالمنيا\n ووادي سنور ببني سويف","تاريخ":"يونيو 2022","المنش":"بحيرة صناعية","اسم__1":"بحيرة 2","المحا":"المنيا","المنط":"المنيا شرق النيل","الإدا":"بني سويف","السعة":"195","ملاحظ":"مقترح","Field20":" "}},{"type":"Feature","id":318,"geometry":{"type":"Point","coordinates":[31.113828,28.780459]},"properties":{"م":318,"اسم_ا":"دراسة حماية المنطقة الواقعة بين وادي الشيخ بالمنيا\n ووادي سنور ببني سويف","تاريخ":"يونيو 2022","المنش":"بحيرة صناعية","اسم__1":"بحيرة 3","المحا":"المنيا","المنط":"المنيا شرق النيل","الإدا":"بني سويف","السعة":"99","ملاحظ":"مقترح","Field20":" "}},{"type":"Feature","id":319,"geometry":{"type":"Point","coordinates":[31.12551,28.779413]},"properties":{"م":319,"اسم_ا":"دراسة حماية المنطقة الواقعة بين وادي الشيخ بالمنيا\n ووادي سنور ببني سويف","تاريخ":"يونيو 2022","المنش":"بحيرة صناعية","اسم__1":"بحيرة 4","المحا":"المنيا","المنط":"المنيا شرق النيل","الإدا":"بني سويف","السعة":"32","ملاحظ":"مقترح","Field20":" "}},{"type":"Feature","id":320,"geometry":{"type":"Point","coordinates":[31.079805,28.741374]},"properties":{"م":320,"اسم_ا":"دراسة حماية المنطقة الواقعة بين وادي الشيخ بالمنيا\n ووادي سنور ببني سويف","تاريخ":"يونيو 2022","المنش":"حاجز","اسم__1":"حاجز1","المحا":"المنيا","المنط":"المنيا شرق النيل","الإدا":"بني سويف","السعة":"62.3","ملاحظ":"مقترح","Field20":" "}},{"type":"Feature","id":321,"geometry":{"type":"Point","coordinates":[31.124141,28.769015]},"properties":{"م":321,"اسم_ا":"دراسة حماية المنطقة الواقعة بين وادي الشيخ بالمنيا\n ووادي سنور ببني سويف","تاريخ":"يونيو 2022","المنش":"حاجز","اسم__1":"حاجز2","المحا":"المنيا","المنط":"المنيا شرق النيل","الإدا":"بني سويف","السعة":"82","ملاحظ":"مقترح","Field20":" "}},{"type":"Feature","id":322,"geometry":{"type":"Point","coordinates":[31.109054,28.779139]},"properties":{"م":322,"اسم_ا":"دراسة حماية المنطقة الواقعة بين وادي الشيخ بالمنيا\n ووادي سنور ببني سويف","تاريخ":"يونيو 2022","المنش":"حاجز","اسم__1":"حاجز3","المحا":"المنيا","المنط":"المنيا شرق النيل","الإدا":"بني سويف","السعة":"250","ملاحظ":"مقترح","Field20":" "}},{"type":"Feature","id":323,"geometry":{"type":"Point","coordinates":[31.104606,28.753753]},"properties":{"م":323,"اسم_ا":"دراسة حماية المنطقة الواقعة بين وادي الشيخ بالمنيا\n ووادي سنور ببني سويف","تاريخ":"يونيو 2022","المنش":"سد","اسم__1":"سد","المحا":"المنيا","المنط":"المنيا شرق النيل","الإدا":"بني سويف","السعة":"1480","ملاحظ":"مقترح","Field20":" "}},{"type":"Feature","id":324,"geometry":{"type":"Point","coordinates":[31.669688,25.709709]},"properties":{"م":324,"اسم_ا":"حماية المنطقة المخصصة لاقامة مدينة جرجا الجديدة","تاريخ":"يناير 2023","المنش":"بحيرة صناعية","اسم__1":"بحيرة ب1 (الوادي W1)","المحا":"سوهاج","المنط":" جرجا الجديدة بسوهاج غرب النيل","الإدا":"أسيوط","السعة":"425","ملاحظ":"مقترح","Field20":" "}},{"type":"Feature","id":325,"geometry":{"type":"Point","coordinates":[31.641165,25.765272]},"properties":{"م":325,"اسم_ا":"حماية المنطقة المخصصة لاقامة مدينة جرجا الجديدة","تاريخ":"يناير 2023","المنش":"بحيرة صناعية","اسم__1":"بحيرة ب2 (الوادي W5)","المحا":"سوهاج","المنط":" جرجا الجديدة بسوهاج غرب النيل","الإدا":"أسيوط","السعة":"425","ملاحظ":"مقترح","Field20":" "}},{"type":"Feature","id":326,"geometry":{"type":"Point","coordinates":[31.472959,25.72065]},"properties":{"م":326,"اسم_ا":"حماية المنطقة المخصصة لاقامة مدينة جرجا الجديدة","تاريخ":"يناير 2023","المنش":"بحيرة صناعية","اسم__1":"بحيرة ب3 (الوادي W6)","المحا":"سوهاج","المنط":" جرجا الجديدة بسوهاج غرب النيل","الإدا":"أسيوط","السعة":"0.45","ملاحظ":"مقترح","Field20":" "}},{"type":"Feature","id":327,"geometry":{"type":"Point","coordinates":[31.619709,26.066913]},"properties":{"م":327,"اسم_ا":"حماية المنطقة المخصصة لاقامة مدينة جرجا الجديدة","تاريخ":"يناير 2023","المنش":"بحيرة صناعية","اسم__1":"بحيرة ب4 (الوادي W7)","المحا":"سوهاج","المنط":" جرجا الجديدة بسوهاج غرب النيل","الإدا":"أسيوط","السعة":"22","ملاحظ":"مقترح","Field20":" "}},{"type":"Feature","id":328,"geometry":{"type":"Point","coordinates":[31.697456,26.039786]},"properties":{"م":328,"اسم_ا":"حماية المنطقة المخصصة لاقامة مدينة جرجا الجديدة","تاريخ":"يناير 2023","المنش":"بحيرة صناعية","اسم__1":"بحيرة ب5 (الوادي W8)","المحا":"سوهاج","المنط":" جرجا الجديدة بسوهاج غرب النيل","الإدا":"أسيوط","السعة":"44","ملاحظ":"مقترح","Field20":" "}},{"type":"Feature","id":329,"geometry":{"type":"Point","coordinates":[31.679828,26.095554]},"properties":{"م":329,"اسم_ا":"حماية المنطقة المخصصة لاقامة مدينة جرجا الجديدة","تاريخ":"يناير 2023","المنش":"بحيرة صناعية","اسم__1":"بحيرة ب6 (الوادي W9)","المحا":"سوهاج","المنط":" جرجا الجديدة بسوهاج غرب النيل","الإدا":"أسيوط","السعة":"350","ملاحظ":"مقترح","Field20":" "}},{"type":"Feature","id":330,"geometry":{"type":"Point","coordinates":[31.677067,25.710684]},"properties":{"م":330,"اسم_ا":"حماية المنطقة المخصصة لاقامة مدينة جرجا الجديدة","تاريخ":"يناير 2023","المنش":"حاجز ترابي","اسم__1":"حاجز ترابي 1ج خلف ب1","المحا":"سوهاج","المنط":" جرجا الجديدة بسوهاج غرب النيل","الإدا":"أسيوط","السعة":"810","ملاحظ":"مقترح","Field20":" "}},{"type":"Feature","id":331,"geometry":{"type":"Point","coordinates":[31.677067,25.710684]},"properties":{"م":331,"اسم_ا":"حماية المنطقة المخصصة لاقامة مدينة جرجا الجديدة","تاريخ":"يناير 2023","المنش":"حاجز ترابي","اسم__1":"حاجز ترابي 2ج خلف ب2","المحا":"سوهاج","المنط":" جرجا الجديدة بسوهاج غرب النيل","الإدا":"أسيوط","السعة":"1,450","ملاحظ":"مقترح","Field20":" "}},{"type":"Feature","id":332,"geometry":{"type":"Point","coordinates":[31.643956,25.764199]},"properties":{"م":332,"اسم_ا":"حماية المنطقة المخصصة لاقامة مدينة جرجا الجديدة","تاريخ":"يناير 2023","المنش":"حاجز ترابي","اسم__1":"حاجز ترابي3 ج خلف ب3","المحا":"سوهاج","المنط":" جرجا الجديدة بسوهاج غرب النيل","الإدا":"أسيوط","السعة":"8120","ملاحظ":"مقترح","Field20":" "}},{"type":"Feature","id":333,"geometry":{"type":"Point","coordinates":[31.486018,25.714133]},"properties":{"م":333,"اسم_ا":"حماية المنطقة المخصصة لاقامة مدينة جرجا الجديدة","تاريخ":"يناير 2023","المنش":"حاجز ترابي","اسم__1":"حاجز ترابي4ج خلف ب4","المحا":"سوهاج","المنط":" جرجا الجديدة بسوهاج غرب النيل","الإدا":"أسيوط","السعة":"1000","ملاحظ":"مقترح","Field20":" "}},{"type":"Feature","id":334,"geometry":{"type":"Point","coordinates":[31.61551,26.119758]},"properties":{"م":334,"اسم_ا":"حماية المنطقة المخصصة لاقامة مدينة جرجا الجديدة","تاريخ":"يناير 2023","المنش":"حاجز ترابي","اسم__1":"حاجز ترابي 5ج خلف ب5","المحا":"سوهاج","المنط":" جرجا الجديدة بسوهاج غرب النيل","الإدا":"أسيوط","السعة":"832","ملاحظ":"مقترح","Field20":" "}},{"type":"Feature","id":335,"geometry":{"type":"Point","coordinates":[31.696303,26.045078]},"properties":{"م":335,"اسم_ا":"حماية المنطقة المخصصة لاقامة مدينة جرجا الجديدة","تاريخ":"يناير 2023","المنش":"حاجز ترابي","اسم__1":"حاجز ترابي 6ج خلف ب6","المحا":"سوهاج","المنط":" جرجا الجديدة بسوهاج غرب النيل","الإدا":"أسيوط","السعة":"600","ملاحظ":"مقترح","Field20":" "}},{"type":"Feature","id":336,"geometry":{"type":"Point","coordinates":[31.676521,26.096437]},"properties":{"م":336,"اسم_ا":"حماية المنطقة المخصصة لاقامة مدينة جرجا الجديدة","تاريخ":"يناير 2023","المنش":"حاجز ترابي","اسم__1":"حاجز ترابي 7ج خلف ب7","المحا":"سوهاج","المنط":" جرجا الجديدة بسوهاج غرب النيل","الإدا":"أسيوط","السعة":"500","ملاحظ":"مقترح","Field20":" "}},{"type":"Feature","id":337,"geometry":{"type":"Point","coordinates":[31.635726,25.55105]},"properties":{"م":337,"اسم_ا":"حماية المنطقة المخصصة لاقامة مدينة جرجا الجديدة","تاريخ":"يناير 2023","المنش":"سد","اسم__1":"سد اعاقة D1","المحا":"سوهاج","المنط":" جرجا الجديدة بسوهاج غرب النيل","الإدا":"أسيوط","السعة":"150","ملاحظ":"مقترح","Field20":" "}},{"type":"Feature","id":338,"geometry":{"type":"Point","coordinates":[31.640628,26.122194]},"properties":{"م":338,"اسم_ا":"حماية المنطقة المخصصة لاقامة مدينة جرجا الجديدة","تاريخ":"يناير 2023","المنش":"حائط توجيه","اسم__1":"حاجز توجيه","المحا":"سوهاج","المنط":" جرجا الجديدة بسوهاج غرب النيل","الإدا":"أسيوط","السعة":"5000","ملاحظ":"مقترح","Field20":" "}},{"type":"Feature","id":339,"geometry":{"type":"Point","coordinates":[32.652938,26.206135]},"properties":{"م":339,"اسم_ا":"دراسة حماية البنية الاساسية بمخرج مخر سيل وادى الشيخ عيسى بمحافظة قنا - بعد استكمال اعمال الرفع المساحى لوادى الجرفية","تاريخ":"سبتمبر 2025","المنش":"بحيرة صناعية","اسم__1":"بحيرة ب1","المحا":"قنا","المنط":"وادى الشيخ عيسى","الإدا":"اسنا","السعة":"104","ملاحظ":"مقترح","Field20":" "}},{"type":"Feature","id":340,"geometry":{"type":"Point","coordinates":[32.651309,26.204225]},"properties":{"م":340,"اسم_ا":"دراسة حماية البنية الاساسية بمخرج مخر سيل وادى الشيخ عيسى بمحافظة قنا - بعد استكمال اعمال الرفع المساحى لوادى الجرفية","تاريخ":"سبتمبر 2025","المنش":"حاجز ترابي","اسم__1":"حاجز ترابى خلف البحيرة ح1","المحا":"قنا","المنط":"وادى الشيخ عيسى","الإدا":"اسنا","السعة":"112","ملاحظ":"مقترح","Field20":" "}},{"type":"Feature","id":341,"geometry":{"type":"Point","coordinates":[32.683372,26.215309]},"properties":{"م":341,"اسم_ا":"دراسة حماية البنية الاساسية بمخرج مخر سيل وادى الشيخ عيسى بمحافظة قنا - بعد استكمال اعمال الرفع المساحى لوادى الجرفية","تاريخ":"سبتمبر 2025","المنش":"بحيرة صناعية","اسم__1":"بحيرة ب1","المحا":"قنا","المنط":"وادى الجرفية","الإدا":"اسنا","السعة":"117.5","ملاحظ":"مقترح","Field20":" "}},{"type":"Feature","id":342,"geometry":{"type":"Point","coordinates":[32.67476,26.220596]},"properties":{"م":342,"اسم_ا":"دراسة حماية البنية الاساسية بمخرج مخر سيل وادى الشيخ عيسى بمحافظة قنا - بعد استكمال اعمال الرفع المساحى لوادى الجرفية","تاريخ":"سبتمبر 2025","المنش":"بحيرة صناعية","اسم__1":"بحيرة ب2","المحا":"قنا","المنط":"وادى الجرفية","الإدا":"اسنا","السعة":"57.8","ملاحظ":"مقترح","Field20":" "}},{"type":"Feature","id":343,"geometry":{"type":"Point","coordinates":[32.663746,26.220474]},"properties":{"م":343,"اسم_ا":"دراسة حماية البنية الاساسية بمخرج مخر سيل وادى الشيخ عيسى بمحافظة قنا - بعد استكمال اعمال الرفع المساحى لوادى الجرفية","تاريخ":"سبتمبر 2025","المنش":"بحيرة صناعية","اسم__1":"بحيرة ب3","المحا":"قنا","المنط":"وادى الجرفية","الإدا":"اسنا","السعة":"25.5","ملاحظ":"مقترح","Field20":" "}},{"type":"Feature","id":344,"geometry":{"type":"Point","coordinates":[32.682359,26.213739]},"properties":{"م":344,"اسم_ا":"دراسة حماية البنية الاساسية بمخرج مخر سيل وادى الشيخ عيسى بمحافظة قنا - بعد استكمال اعمال الرفع المساحى لوادى الجرفية","تاريخ":"سبتمبر 2025","المنش":"حاجز ترابي","اسم__1":"حاجز ترابى خلف البحيرة ح1","المحا":"قنا","المنط":"وادى الجرفية","الإدا":"اسنا","السعة":"173","ملاحظ":"مقترح","Field20":" "}},{"type":"Feature","id":345,"geometry":{"type":"Point","coordinates":[32.675489,26.218777]},"properties":{"م":345,"اسم_ا":"دراسة حماية البنية الاساسية بمخرج مخر سيل وادى الشيخ عيسى بمحافظة قنا - بعد استكمال اعمال الرفع المساحى لوادى الجرفية","تاريخ":"سبتمبر 2025","المنش":"حاجز ترابي","اسم__1":"حاجز ترابى خلف البحيرة ح2","المحا":"قنا","المنط":"وادى الجرفية","الإدا":"اسنا","السعة":"101","ملاحظ":"مقترح","Field20":" "}},{"type":"Feature","id":346,"geometry":{"type":"Point","coordinates":[32.663917,26.219663]},"properties":{"م":346,"اسم_ا":"دراسة حماية البنية الاساسية بمخرج مخر سيل وادى الشيخ عيسى بمحافظة قنا - بعد استكمال اعمال الرفع المساحى لوادى الجرفية","تاريخ":"سبتمبر 2025","المنش":"حاجز ترابي","اسم__1":"حاجز ترابى خلف البحيرة ح3","المحا":"قنا","المنط":"وادى الجرفية","الإدا":"اسنا","السعة":"9","ملاحظ":"مقترح","Field20":" "}}]}